task,model_type,language,task_type,train_time_main,train_primary_value_main,train_mse_main,train_r2_main,val_primary_value_main,val_mse_main,val_r2_main,test_primary_value_main,test_mse_main,test_r2_main,train_samples_main,val_samples_main,test_samples_main,train_accuracy_main,train_precision_main,train_recall_main,train_f1_main,val_accuracy_main,val_precision_main,val_recall_main,val_f1_main,test_accuracy_main,test_precision_main,test_recall_main,test_f1_main,train_time_control,train_primary_value_control,train_mse_control,train_r2_control,val_primary_value_control,val_mse_control,val_r2_control,test_primary_value_control,test_mse_control,test_r2_control,train_samples_control,val_samples_control,test_samples_control,train_accuracy_control,train_precision_control,train_recall_control,train_f1_control,val_accuracy_control,val_precision_control,val_recall_control,val_f1_control,test_accuracy_control,test_precision_control,test_recall_control,test_f1_control,test_accuracy_diff,test_accuracy_improvement,test_f1_diff,test_f1_improvement,test_mse_diff,test_mse_improvement,test_r2_diff,test_r2_improvement
lang_norm_complexity_score,DummyRegressor,ar,regression,0.02641606330871582,0.03069736400893835,0.03069736400893835,0.0,0.06639388558127966,0.06639388558127966,-0.02335066369142047,0.05806863504059316,0.05806863504059316,-0.001077383099387319,995,44,77,,,,,,,,,,,,,0.005693912506103516,0.030697364008938344,0.030697364008938344,0.0,0.06639388558127966,0.06639388558127966,-0.02335066369142047,0.058068635040593154,0.058068635040593154,-0.001077383099387319,995.0,44.0,77.0,,,,,,,,,,,,,,,,,6.938893903907228e-18,-6.938893903907228e-18,0.0,0.0
lang_norm_complexity_score,Ridge,ar,regression,0.08076977729797363,0.005919799271590654,0.005919799271590654,0.8071561040268165,0.027991207806873367,0.027991207806873367,0.568562363297427,0.04534300851198102,0.04534300851198102,0.21830674560723173,995,44,77,,,,,,,,,,,,,0.003353595733642578,0.016068559625278395,0.016068559625278395,0.4765492040098424,0.0669110108213127,0.0669110108213127,-0.03132128407259319,0.06377600207052055,0.06377600207052055,-0.09946984654739806,995.0,44.0,77.0,,,,,,,,,,,,,,,,,-0.01843299355853953,0.01843299355853953,0.3177765921546298,0.3177765921546298
lang_norm_complexity_score,XGBRegressor,ar,regression,0.5302181243896484,0.003911957856325268,0.003911957856325268,0.8725637206117699,0.030844986778406913,0.030844986778406913,0.524576135063017,0.034391852779592114,0.034391852779592114,0.40709978878501674,995,44,77,,,,,,,,,,,,,0.41441186269124347,0.014213610063440138,0.014213610063440138,0.5369762022790794,0.07013169565702237,0.07013169565702237,-0.08096275233896762,0.06274928830952407,0.06274928830952407,-0.08176975898150318,995.0,44.0,77.0,,,,,,,,,,,,,,,,,-0.02835743552993196,0.02835743552993196,0.4888695477665199,0.4888695477665199
question_type,DummyClassifier,ar,classification,0.021283864974975586,0.5005025125628141,,,0.5454545454545454,,,0.7142857142857143,,,995,44,77,0.5005025125628141,0.25050276508168984,0.5005025125628141,0.33389183021605007,0.5454545454545454,0.29752066115702475,0.5454545454545454,0.3850267379679144,0.7142857142857143,0.5102040816326531,0.7142857142857143,0.5952380952380952,0.005620400110880534,0.5005025125628141,,,0.5454545454545454,,,0.7142857142857143,,,995.0,44.0,77.0,0.5005025125628141,0.25050276508168984,0.5005025125628141,0.33389183021605007,0.5454545454545454,0.29752066115702475,0.5454545454545454,0.3850267379679144,0.7142857142857143,0.5102040816326531,0.7142857142857143,0.5952380952380952,0.0,0.0,0.0,0.0,,,,
question_type,LogisticRegression,ar,classification,0.004105567932128906,1.0,,,0.9545454545454546,,,0.9090909090909091,,,995,44,77,1.0,1.0,1.0,1.0,0.9545454545454546,0.9586776859504131,0.9545454545454546,0.9546395633352156,0.9090909090909091,0.9222222222222222,0.9090909090909091,0.9115646258503401,0.002937475840250651,0.8284757118927973,,,0.5,,,0.4718614718614718,,,995.0,44.0,77.0,0.8284757118927973,0.8287522867030219,0.8284757118927973,0.8284423265861552,0.5,0.49891777685828026,0.5,0.49892166482994876,0.4718614718614718,0.5517800912537755,0.4718614718614718,0.4962099891177905,0.43722943722943725,0.43722943722943725,0.41535463673254963,0.41535463673254963,,,,
question_type,XGBClassifier,ar,classification,0.23093414306640625,1.0,,,1.0,,,0.974025974025974,,,995,44,77,1.0,1.0,1.0,1.0,1.0,1.0,1.0,1.0,0.974025974025974,0.974937343358396,0.974025974025974,0.9736394557823128,0.31486717859903973,0.8901172529313234,,,0.45454545454545453,,,0.5324675324675324,,,995.0,44.0,77.0,0.8901172529313234,0.8925612433981268,0.8901172529313234,0.8899638814139809,0.45454545454545453,0.46380914407230195,0.45454545454545453,0.45372327930467465,0.5324675324675324,0.6067232743110472,0.5324675324675324,0.5521660224009217,0.4415584415584416,0.4415584415584416,0.4214734333813911,0.4214734333813911,,,,
avg_verb_edges,DummyRegressor,ar,regression,0.005669832229614258,0.040816270150753765,0.040816270150753765,0.0,0.06568979181818181,0.06568979181818181,-0.14076339507493452,0.12839881974025974,0.12839881974025974,-0.8603162027734947,995,44,77,,,,,,,,,,,,,0.006098190943400065,0.040816270150753765,0.040816270150753765,0.0,0.06568979181818181,0.06568979181818181,-0.14076339507493452,0.12839881974025974,0.12839881974025974,-0.8603162027734946,995.0,44.0,77.0,,,,,,,,,,,,,,,,,0.0,0.0,-1.1102230246251565e-16,-1.1102230246251565e-16
avg_verb_edges,Ridge,ar,regression,0.003676891326904297,0.009041214337817828,0.009041214337817828,0.7784899427501741,0.03486452791360797,0.03486452791360797,0.3945455430808049,0.09178584284833734,0.09178584284833734,-0.3298462632397885,995,44,77,,,,,,,,,,,,,0.0032008488972981772,0.0210177110767481,0.0210177110767481,0.48506536733709965,0.0767399830748427,0.0767399830748427,-0.33266008625438187,0.13623988128505266,0.13623988128505266,-0.9739220277197864,995.0,44.0,77.0,,,,,,,,,,,,,,,,,-0.04445403843671532,0.04445403843671532,0.6440757644799979,0.6440757644799979
avg_verb_edges,XGBRegressor,ar,regression,0.3580307960510254,0.007650343216033796,0.007650343216033796,0.8125663323038224,0.03068744868528755,0.03068744868528755,0.4670843493413678,0.10412016227671689,0.10412016227671689,-0.5085530015822106,995,44,77,,,,,,,,,,,,,0.5252822240193685,0.0203778333306758,0.0203778333306758,0.50074239377065,0.06861038052042452,0.06861038052042452,-0.19148209262857355,0.13599949474777784,0.13599949474777784,-0.9704391688342796,995.0,44.0,77.0,,,,,,,,,,,,,,,,,-0.03187933247106095,0.03187933247106095,0.461886167252069,0.461886167252069
lexical_density,DummyRegressor,ar,regression,0.0056569576263427734,0.04299051876063736,0.04299051876063736,0.0,0.037514663217434824,0.037514663217434824,-0.09112220389153047,0.06706814484309559,0.06706814484309559,-0.1557406485909567,995,44,77,,,,,,,,,,,,,0.005603631337483724,0.04299051876063736,0.04299051876063736,0.0,0.037514663217434824,0.037514663217434824,-0.09112220389153047,0.06706814484309559,0.06706814484309559,-0.1557406485909567,995.0,44.0,77.0,,,,,,,,,,,,,,,,,0.0,0.0,0.0,0.0
lexical_density,Ridge,ar,regression,0.0036764144897460938,0.00892757776131602,0.00892757776131602,0.7923361239015748,0.02347254482812514,0.02347254482812514,0.31729588786755203,0.05764573121365118,0.05764573121365118,0.00662952677117612,995,44,77,,,,,,,,,,,,,0.003220796585083008,0.02294222713770201,0.02294222713770201,0.46634216568914283,0.04065898506600991,0.04065898506600991,-0.1825754941763563,0.06817993689802034,0.06817993689802034,-0.17489942022036598,995.0,44.0,77.0,,,,,,,,,,,,,,,,,-0.010534205684369156,0.010534205684369156,0.1815289469915421,0.1815289469915421
lexical_density,XGBRegressor,ar,regression,0.5532188415527344,0.008178863443100018,0.008178863443100018,0.8097519248688693,0.0288909040794474,0.0288909040794474,0.15970172119431414,0.06748449389953332,0.06748449389953332,-0.162915314442432,995,44,77,,,,,,,,,,,,,0.45902299880981445,0.01976577188310785,0.01976577188310785,0.5402295098330929,0.04210227352067706,0.04210227352067706,-0.22455385528758542,0.0656836257536223,0.0656836257536223,-0.13188215370940118,995.0,44.0,77.0,,,,,,,,,,,,,,,,,0.0018008681459110165,-0.0018008681459110165,-0.031033160733030835,-0.031033160733030835
n_tokens,DummyRegressor,ar,regression,0.0056226253509521484,0.019389322346405394,0.019389322346405394,0.0,0.053808637863736235,0.053808637863736235,-0.03598699305176645,0.0779120918544691,0.0779120918544691,-0.040175938824832835,995,44,77,,,,,,,,,,,,,0.0056620438893636065,0.01938932234640539,0.01938932234640539,0.0,0.05380863786373624,0.05380863786373624,-0.03598699305176659,0.07791209185446911,0.07791209185446911,-0.040175938824833134,995.0,44.0,77.0,,,,,,,,,,,,,,,,,-1.3877787807814457e-17,1.3877787807814457e-17,2.983724378680108e-16,2.983724378680108e-16
n_tokens,Ridge,ar,regression,0.0032656192779541016,0.0039204790053654235,0.0039204790053654235,0.7978021647521764,0.021726075359986493,0.021726075359986493,0.5817041208140772,0.04236864672912936,0.04236864672912936,0.43435164119930014,995,44,77,,,,,,,,,,,,,0.003367344538370768,0.010247884385571846,0.010247884385571846,0.47146763551168086,0.054403058996774147,0.054403058996774147,-0.04743148573306873,0.07933132965844754,0.07933132965844754,-0.05912366542324669,995.0,44.0,77.0,,,,,,,,,,,,,,,,,-0.03696268292931818,0.03696268292931818,0.49347530662254685,0.49347530662254685
n_tokens,XGBRegressor,ar,regression,0.6237668991088867,0.002203156222853712,0.002203156222853712,0.8863727064054842,0.020404545382856167,0.020404545382856167,0.6071477655817085,0.03264221466387932,0.03264221466387932,0.5642056903472192,995,44,77,,,,,,,,,,,,,0.510818878809611,0.008796236201709405,0.008796236201709405,0.5463360686589365,0.05478670315264897,0.05478670315264897,-0.05481785288945599,0.0813426995558232,0.0813426995558232,-0.08597673176415162,995.0,44.0,77.0,,,,,,,,,,,,,,,,,-0.048700484891943875,0.048700484891943875,0.6501824221113709,0.6501824221113709
avg_max_depth,DummyRegressor,ar,regression,0.005602359771728516,0.021263327073558744,0.021263327073558744,0.0,0.03769432788304244,0.03769432788304244,-0.0015596315910053615,0.052280614843820364,0.052280614843820364,-0.06002088598587019,995,44,77,,,,,,,,,,,,,0.005598704020182292,0.021263327073558744,0.021263327073558744,0.0,0.03769432788304244,0.03769432788304244,-0.0015596315910053615,0.05228061484382037,0.05228061484382037,-0.06002088598587019,995.0,44.0,77.0,,,,,,,,,,,,,,,,,-6.938893903907228e-18,6.938893903907228e-18,0.0,0.0
avg_max_depth,Ridge,ar,regression,0.0032377243041992188,0.0066167287339342915,0.0066167287339342915,0.6888196888923235,0.02096234122994911,0.02096234122994911,0.4430187261941386,0.02913909880719511,0.02913909880719511,0.40918725943247425,995,44,77,,,,,,,,,,,,,0.00311430295308431,0.011066784085837895,0.011066784085837895,0.47953657263732724,0.038713337512709396,0.038713337512709396,-0.028635294339088513,0.05389907832456637,0.05389907832456637,-0.0928362057352888,995.0,44.0,77.0,,,,,,,,,,,,,,,,,-0.02475997951737126,0.02475997951737126,0.5020234651677631,0.5020234651677631
avg_max_depth,XGBRegressor,ar,regression,0.4640543460845947,0.004618154846357837,0.004618154846357837,0.7828112773517659,0.016524588609282402,0.016524588609282402,0.5609323256523344,0.028701986391723423,0.028701986391723423,0.4180499763555231,995,44,77,,,,,,,,,,,,,0.4663654963175456,0.00964949634314884,0.00964949634314884,0.5461906638708424,0.04043321815587917,0.04043321815587917,-0.07433349669723584,0.05219712626184223,0.05219712626184223,-0.058328104810619376,995.0,44.0,77.0,,,,,,,,,,,,,,,,,-0.02349513987011881,0.02349513987011881,0.4763780811661425,0.4763780811661425
avg_links_len,DummyRegressor,ar,regression,0.0060236454010009766,0.021084399646473573,0.021084399646473573,0.0,0.05326657938504768,0.05326657938504768,-0.08519126040558711,0.065172164224831,0.065172164224831,-0.40714880836711087,995,44,77,,,,,,,,,,,,,0.005843400955200195,0.021084399646473573,0.021084399646473573,0.0,0.053266579385047676,0.053266579385047676,-0.08519126040558711,0.065172164224831,0.065172164224831,-0.40714880836711087,995.0,44.0,77.0,,,,,,,,,,,,,,,,,0.0,0.0,0.0,0.0
avg_links_len,Ridge,ar,regression,0.0037186145782470703,0.005294048474890285,0.005294048474890285,0.7489115856435717,0.029285380816249488,0.029285380816249488,0.4033737535554174,0.04533610876226444,0.04533610876226444,0.021136520789101443,995,44,77,,,,,,,,,,,,,0.003221273422241211,0.010906951771341605,0.010906951771341605,0.4827003872900966,0.05676386296905597,0.05676386296905597,-0.15644084362157015,0.06420338128995119,0.06420338128995119,-0.38623156910404594,995.0,44.0,77.0,,,,,,,,,,,,,,,,,-0.018867272527686753,0.018867272527686753,0.4073680898931474,0.4073680898931474
avg_links_len,XGBRegressor,ar,regression,0.45131826400756836,0.0034163855063031987,0.0034163855063031987,0.8379661947417791,0.03230912298463053,0.03230912298463053,0.34177155171085805,0.0578607343915054,0.0578607343915054,-0.249285863353786,995,44,77,,,,,,,,,,,,,0.5019646485646566,0.009377981919756051,0.009377981919756051,0.5552170288460386,0.059322762625464605,0.059322762625464605,-0.20857288542805041,0.06743738519491714,0.06743738519491714,-0.45605777167464545,995.0,44.0,77.0,,,,,,,,,,,,,,,,,-0.009576650803411739,0.009576650803411739,0.20677190832085945,0.20677190832085945
avg_subordinate_chain_len,DummyRegressor,ar,regression,0.00604557991027832,0.017571273452690588,0.017571273452690588,0.0,0.06299869502606686,0.06299869502606686,-0.12491481495820733,0.07719352293182942,0.07719352293182942,-0.3977020630929906,995,44,77,,,,,,,,,,,,,0.0056027571360270185,0.01757127345269059,0.01757127345269059,0.0,0.06299869502606686,0.06299869502606686,-0.12491481495820733,0.07719352293182942,0.07719352293182942,-0.3977020630929906,995.0,44.0,77.0,,,,,,,,,,,,,,,,,0.0,0.0,0.0,0.0
avg_subordinate_chain_len,Ridge,ar,regression,0.003217458724975586,0.005412277228932524,0.005412277228932524,0.6919815035885306,0.055214438934359046,0.055214438934359046,0.014082111841110856,0.05388987484515851,0.05388987484515851,0.024244698387208996,995,44,77,,,,,,,,,,,,,0.003255923589070638,0.008876271562881665,0.008876271562881665,0.4948418743365188,0.06500461256667082,0.06500461256667082,-0.1607328006811858,0.08175315266246364,0.08175315266246364,-0.48026085351217723,995.0,44.0,77.0,,,,,,,,,,,,,,,,,-0.027863277817305125,0.027863277817305125,0.5045055518993862,0.5045055518993862
avg_subordinate_chain_len,XGBRegressor,ar,regression,0.40074849128723145,0.0008657132293245608,0.0008657132293245608,0.9507313324981577,0.05690793841799142,0.05690793841799142,-0.016157286887289457,0.0591680469632481,0.0591680469632481,-0.07132435687314898,995,44,77,,,,,,,,,,,,,0.3893752892812093,0.0036293380120669995,0.0036293380120669995,0.7934504848587819,0.062201786222119394,0.062201786222119394,-0.11068508338424062,0.07790843766362347,0.07790843766362347,-0.41064664390253003,995.0,44.0,77.0,,,,,,,,,,,,,,,,,-0.01874039070037537,0.01874039070037537,0.33932228702938105,0.33932228702938105
lang_norm_complexity_score,DummyRegressor,en,regression,0.009230852127075195,0.026828669513808058,0.026828669513808058,0.0,0.04710738897417604,0.04710738897417604,-0.12559197788467658,0.03860296929351259,0.03860296929351259,-0.001670042362686086,1192,72,110,,,,,,,,,,,,,0.009088754653930664,0.02682866951380806,0.02682866951380806,0.0,0.04710738897417604,0.04710738897417604,-0.12559197788467658,0.03860296929351259,0.03860296929351259,-0.0016700423626860121,1192.0,72.0,110.0,,,,,,,,,,,,,,,,,0.0,0.0,-7.39425881635114e-17,-7.39425881635114e-17
lang_norm_complexity_score,Ridge,en,regression,0.0034453868865966797,0.006086017339580182,0.006086017339580182,0.7731524727140174,0.03498891874579475,0.03498891874579475,0.1639688143888639,0.02344436727789311,0.02344436727789311,0.39166543936401077,1192,72,110,,,,,,,,,,,,,0.003511190414428711,0.014232279924908749,0.014232279924908749,0.46951227240010013,0.05164593252871786,0.05164593252871786,-0.23403671081336755,0.043439500327808654,0.043439500327808654,-0.1271683740888402,1192.0,72.0,110.0,,,,,,,,,,,,,,,,,-0.019995133049915546,0.019995133049915546,0.518833813452851,0.518833813452851
lang_norm_complexity_score,XGBRegressor,en,regression,0.39615440368652344,0.004631939398941503,0.004631939398941503,0.8273511328410246,0.026348852918473734,0.026348852918473734,0.37041601928403134,0.01772229851431245,0.01772229851431245,0.540141708565957,1192,72,110,,,,,,,,,,,,,0.5009641647338867,0.014639084078795,0.014639084078795,0.4543492337083425,0.04960898269040679,0.04960898269040679,-0.1853654843394633,0.04296302279646924,0.04296302279646924,-0.1148047326970929,1192.0,72.0,110.0,,,,,,,,,,,,,,,,,-0.02524072428215679,0.02524072428215679,0.6549464412630499,0.6549464412630499
question_type,DummyClassifier,en,classification,0.009727954864501953,0.5,,,0.5,,,0.5,,,1192,72,110,0.5,0.25,0.5,0.3333333333333333,0.5,0.25,0.5,0.3333333333333333,0.5,0.25,0.5,0.3333333333333333,0.009090264638264975,0.5,,,0.5,,,0.5,,,1192.0,72.0,110.0,0.5,0.25,0.5,0.3333333333333333,0.5,0.25,0.5,0.3333333333333333,0.5,0.25,0.5,0.3333333333333333,0.0,0.0,0.0,0.0,,,,
question_type,LogisticRegression,en,classification,0.0036673545837402344,0.9958053691275168,,,0.9027777777777778,,,0.8363636363636363,,,1192,72,110,0.9958053691275168,0.9958402662229617,0.9958053691275168,0.9958052953219892,0.9027777777777778,0.9055944055944055,0.9027777777777778,0.9026086956521738,0.8363636363636363,0.8436339074636946,0.8363636363636363,0.8354935194416749,0.0029665629069010415,0.8176733780760627,,,0.5694444444444444,,,0.5393939393939394,,,1192.0,72.0,110.0,0.8176733780760627,0.8177166396359868,0.8176733780760627,0.8176673002941119,0.5694444444444444,0.5698148698148698,0.5694444444444444,0.5691824163164414,0.5393939393939394,0.53987090367428,0.5393939393939394,0.5387671574265777,0.2969696969696969,0.2969696969696969,0.2967263620150973,0.2967263620150973,,,,
question_type,XGBClassifier,en,classification,0.25690293312072754,0.9983221476510067,,,0.8888888888888888,,,0.8090909090909091,,,1192,72,110,0.9983221476510067,0.9983277591973244,0.9983221476510067,0.9983221429275227,0.8888888888888888,0.8900928792569659,0.8888888888888888,0.8888030888030888,0.8090909090909091,0.8339285714285715,0.8090909090909091,0.8054736842105262,0.34178638458251953,0.8392058165548099,,,0.5370370370370371,,,0.5181818181818182,,,1192.0,72.0,110.0,0.8392058165548099,0.8439042040516274,0.8392058165548099,0.838650293471273,0.5370370370370371,0.5373980186480186,0.5370370370370371,0.5360308700139095,0.5181818181818182,0.5181439753806214,0.5181818181818182,0.5166084957781868,0.2909090909090909,0.2909090909090909,0.28886518843233944,0.28886518843233944,,,,
avg_verb_edges,DummyRegressor,en,regression,0.009652137756347656,0.05499199746351516,0.05499199746351516,0.0,0.051382648229997135,0.051382648229997135,-0.004540305914187526,0.06086538325643603,0.06086538325643603,-0.02322042584462425,1192,72,110,,,,,,,,,,,,,0.009074767430623373,0.05499199746351516,0.05499199746351516,0.0,0.051382648229997135,0.051382648229997135,-0.004540305914187526,0.06086538325643603,0.06086538325643603,-0.02322042584462425,1192.0,72.0,110.0,,,,,,,,,,,,,,,,,0.0,0.0,0.0,0.0
avg_verb_edges,Ridge,en,regression,0.0033986568450927734,0.010682962391800072,0.010682962391800072,0.8057360546161692,0.02695691010078703,0.02695691010078703,0.47298740621669666,0.04170565376103445,0.04170565376103445,0.2988777114620126,1192,72,110,,,,,,,,,,,,,0.003492116928100586,0.029689909201629738,0.029689909201629738,0.46010491396811465,0.05918096671200842,0.05918096671200842,-0.15699887905877952,0.0652227450517356,0.0652227450517356,-0.09647292756569215,1192.0,72.0,110.0,,,,,,,,,,,,,,,,,-0.023517091290701148,0.023517091290701148,0.39535063902770473,0.39535063902770473
avg_verb_edges,XGBRegressor,en,regression,0.3756592273712158,0.007675482678497415,0.007675482678497415,0.8604254612938952,0.02633195413111358,0.02633195413111358,0.48520541137183304,0.049782631058153774,0.049782631058153774,0.16309399159819504,1192,72,110,,,,,,,,,,,,,0.5012761751810709,0.031434936281422916,0.031434936281422916,0.4283725317983101,0.05734314636076034,0.05734314636076034,-0.12106915022124827,0.06335026779595167,0.06335026779595167,-0.0649943288526047,1192.0,72.0,110.0,,,,,,,,,,,,,,,,,-0.013567636737797893,0.013567636737797893,0.22808832045079974,0.22808832045079974
lexical_density,DummyRegressor,en,regression,0.009445428848266602,0.027309980372505743,0.027309980372505743,0.0,0.026883699623765696,0.026883699623765696,-0.030355790067937427,0.028652393666542455,0.028652393666542455,-0.0013980371348709664,1192,72,110,,,,,,,,,,,,,0.009146849314371744,0.027309980372505743,0.027309980372505743,0.0,0.0268836996237657,0.0268836996237657,-0.0303557900679375,0.028652393666542455,0.028652393666542455,-0.0013980371348709664,1192.0,72.0,110.0,,,,,,,,,,,,,,,,,0.0,0.0,0.0,0.0
lexical_density,Ridge,en,regression,0.003851652145385742,0.003472021004121051,0.003472021004121051,0.8728662211849665,0.01949659737235821,0.01949659737235821,0.25276534590224087,0.027056779677322496,0.027056779677322496,0.05436849795555054,1192,72,110,,,,,,,,,,,,,0.0033510526021321616,0.014581952566654904,0.014581952566654904,0.4660577427095023,0.03090523966997226,0.03090523966997226,-0.1844869970665449,0.032572191549782144,0.032572191549782144,-0.13839454611503368,1192.0,72.0,110.0,,,,,,,,,,,,,,,,,-0.0055154118724596475,0.0055154118724596475,0.19276304407058423,0.19276304407058423
lexical_density,XGBRegressor,en,regression,0.7237672805786133,0.0032801692487853308,0.0032801692487853308,0.8798911898125115,0.0231425879241772,0.0231425879241772,0.11302760414147794,0.028335713919206584,0.028335713919206584,0.009669885534110745,1192,72,110,,,,,,,,,,,,,0.4257161617279053,0.014409056735545095,0.014409056735545095,0.4723886088892478,0.029332729861799755,0.029332729861799755,-0.12421833581588748,0.03162833247951797,0.03162833247951797,-0.10540677443722868,1192.0,72.0,110.0,,,,,,,,,,,,,,,,,-0.0032926185603113847,0.0032926185603113847,0.11507665997133942,0.11507665997133942
n_tokens,DummyRegressor,en,regression,0.009260892868041992,0.02094798522589073,0.02094798522589073,0.0,0.03675211376739787,0.03675211376739787,-0.002884262205581356,0.029398371149948203,0.029398371149948203,-0.5542730062152355,1192,72,110,,,,,,,,,,,,,0.009294589360555014,0.020947985225890725,0.020947985225890725,0.0,0.03675211376739787,0.03675211376739787,-0.002884262205581356,0.029398371149948203,0.029398371149948203,-0.5542730062152355,1192.0,72.0,110.0,,,,,,,,,,,,,,,,,0.0,0.0,0.0,0.0
n_tokens,Ridge,en,regression,0.004006385803222656,0.004118178604458703,0.004118178604458703,0.8034093226603565,0.025012963264950734,0.025012963264950734,0.3174513072007856,0.034302684266928056,0.034302684266928056,-0.8135608916858057,1192,72,110,,,,,,,,,,,,,0.0035854975382486978,0.0109891676748644,0.0109891676748644,0.47540693979093024,0.04328783298933347,0.04328783298933347,-0.18122964912284098,0.03366238242905842,0.03366238242905842,-0.7797085446508394,1192.0,72.0,110.0,,,,,,,,,,,,,,,,,0.0006403018378696376,-0.0006403018378696376,-0.03385234703496631,-0.03385234703496631
n_tokens,XGBRegressor,en,regression,0.4061429500579834,0.002067900603004503,0.002067900603004503,0.9012840337289968,0.02183136667681498,0.02183136667681498,0.40427007270424886,0.01314573983554226,0.01314573983554226,0.3049931756798151,1192,72,110,,,,,,,,,,,,,0.43524424235026044,0.010726595906659744,0.010726595906659744,0.48794140386340473,0.039731614744948886,0.039731614744948886,-0.08418828347966507,0.029621519927379703,0.029621519927379703,-0.5660707387958149,1192.0,72.0,110.0,,,,,,,,,,,,,,,,,-0.016475780091837443,0.016475780091837443,0.87106391447563,0.87106391447563
avg_max_depth,DummyRegressor,en,regression,0.00934290885925293,0.025252441463785413,0.025252441463785413,0.0,0.037542585847922263,0.037542585847922263,-0.058090431633899264,0.028441353472151126,0.028441353472151126,-0.0061064843559957005,1192,72,110,,,,,,,,,,,,,0.009313821792602539,0.025252441463785413,0.025252441463785413,0.0,0.037542585847922263,0.037542585847922263,-0.058090431633899264,0.028441353472151126,0.028441353472151126,-0.0061064843559957005,1192.0,72.0,110.0,,,,,,,,,,,,,,,,,0.0,0.0,0.0,0.0
avg_max_depth,Ridge,en,regression,0.003469705581665039,0.006562217840510457,0.006562217840510457,0.7401353112758879,0.017065187126430004,0.017065187126430004,0.5190392242649184,0.013506364076944406,0.013506364076944406,0.5222154075335264,1192,72,110,,,,,,,,,,,,,0.0033878485361735025,0.013431216505777019,0.013431216505777019,0.4681220615820947,0.04525377563384044,0.04525377563384044,-0.2754205900317293,0.033326661893815356,0.033326661893815356,-0.17892317136521552,1192.0,72.0,110.0,,,,,,,,,,,,,,,,,-0.01982029781687095,0.01982029781687095,0.7011385788987419,0.7011385788987419
avg_max_depth,XGBRegressor,en,regression,0.35924673080444336,0.004816939775456279,0.004816939775456279,0.8092485519721226,0.018300626999149028,0.018300626999149028,0.484219909647693,0.013722237158461098,0.013722237158461098,0.51457894581153,1192,72,110,,,,,,,,,,,,,0.43727898597717285,0.013530720140637748,0.013530720140637748,0.4641817045673708,0.041256088496766756,0.041256088496766756,-0.16275082014592165,0.030825055065099066,0.030825055065099066,-0.09042939225779205,1192.0,72.0,110.0,,,,,,,,,,,,,,,,,-0.017102817906637965,0.017102817906637965,0.605008338069322,0.605008338069322
avg_links_len,DummyRegressor,en,regression,0.009230613708496094,0.0125408981436647,0.0125408981436647,0.0,0.01356616253866192,0.01356616253866192,-0.018838152550458176,0.009553737030221816,0.009553737030221816,-0.027159631622901248,1192,72,110,,,,,,,,,,,,,0.00921471913655599,0.0125408981436647,0.0125408981436647,0.0,0.013566162538661922,0.013566162538661922,-0.018838152550458325,0.009553737030221816,0.009553737030221816,-0.027159631622901248,1192.0,72.0,110.0,,,,,,,,,,,,,,,,,0.0,0.0,0.0,0.0
avg_links_len,Ridge,en,regression,0.003474712371826172,0.00334294860414039,0.00334294860414039,0.7334362686113394,0.009017786934982884,0.009017786934982884,0.32275134145356965,0.007336346493571929,0.007336346493571929,0.2112406969170738,1192,72,110,,,,,,,,,,,,,0.0035223960876464844,0.006367844366967089,0.006367844366967089,0.4922337862871537,0.015171379092669664,0.015171379092669664,-0.1393922048602263,0.010763777203965924,0.010763777203965924,-0.15725578302210433,1192.0,72.0,110.0,,,,,,,,,,,,,,,,,-0.0034274307103939958,0.0034274307103939958,0.3684964799391781,0.3684964799391781
avg_links_len,XGBRegressor,en,regression,0.4120783805847168,0.0023926772221095844,0.0023926772221095844,0.8092100585859319,0.009643809716834555,0.009643809716834555,0.27573613780268036,0.007115945800165494,0.007115945800165494,0.23493683742550986,1192,72,110,,,,,,,,,,,,,0.5256929397583008,0.005840967759265735,0.005840967759265735,0.53424645568815,0.016328617899087985,0.016328617899087985,-0.2263024894916259,0.010508058470306022,0.010508058470306022,-0.1297624618814571,1192.0,72.0,110.0,,,,,,,,,,,,,,,,,-0.0033921126701405282,0.0033921126701405282,0.364699299306967,0.364699299306967
avg_subordinate_chain_len,DummyRegressor,en,regression,0.009537220001220703,0.020433869814422776,0.020433869814422776,0.0,0.05881955803792623,0.05881955803792623,-0.2174516383167766,0.027379819508335013,0.027379819508335013,-0.11944862681420543,1192,72,110,,,,,,,,,,,,,0.00921161969502767,0.020433869814422776,0.020433869814422776,0.0,0.05881955803792623,0.05881955803792623,-0.2174516383167766,0.027379819508335013,0.027379819508335013,-0.11944862681420543,1192.0,72.0,110.0,,,,,,,,,,,,,,,,,0.0,0.0,0.0,0.0
avg_subordinate_chain_len,Ridge,en,regression,0.003487110137939453,0.005567278740593736,0.005567278740593736,0.7275465297980805,0.02688998672589623,0.02688998672589623,0.4434290313325696,0.015206443094331824,0.015206443094331824,0.37827085253443704,1192,72,110,,,,,,,,,,,,,0.0036458969116210938,0.011086716369439116,0.011086716369439116,0.45743432496502373,0.06562524789274671,0.06562524789274671,-0.35831631904566924,0.031171963564202806,0.031171963564202806,-0.2744938583845067,1192.0,72.0,110.0,,,,,,,,,,,,,,,,,-0.015965520469870983,0.015965520469870983,0.6527647109189437,0.6527647109189437
avg_subordinate_chain_len,XGBRegressor,en,regression,0.4242410659790039,0.0010059227256259407,0.0010059227256259407,0.9507717953201438,0.0340647840151691,0.0340647840151691,0.2949245371508247,0.0254945573747517,0.0254945573747517,-0.04236798331390079,1192,72,110,,,,,,,,,,,,,0.46548891067504883,0.006808395916699292,0.006808395916699292,0.6668082953188953,0.06558164423932884,0.06558164423932884,-0.3574138073461434,0.028456482835374303,0.028456482835374303,-0.1634689784687676,1192.0,72.0,110.0,,,,,,,,,,,,,,,,,-0.0029619254606226032,0.0029619254606226032,0.1211009951548668,0.1211009951548668
lang_norm_complexity_score,DummyRegressor,fi,regression,0.009152889251708984,0.0202080465814802,0.0202080465814802,0.0,0.08498082535233616,0.08498082535233616,-0.29621902605391903,0.03987882687763583,0.03987882687763583,-0.00992271331078487,1195,63,110,,,,,,,,,,,,,0.009107669194539389,0.0202080465814802,0.0202080465814802,0.0,0.08498082535233616,0.08498082535233616,-0.29621902605391903,0.03987882687763583,0.03987882687763583,-0.00992271331078487,1195.0,63.0,110.0,,,,,,,,,,,,,,,,,0.0,0.0,0.0,0.0
lang_norm_complexity_score,Ridge,fi,regression,0.003453493118286133,0.004277240378754221,0.004277240378754221,0.7883397407310944,0.04636317854404086,0.04636317854404086,0.2928188931096499,0.03720228021676327,0.03720228021676327,0.05786025518890392,1195,63,110,,,,,,,,,,,,,0.003473361333211263,0.0101529815649017,0.0101529815649017,0.4975772881379605,0.08202089621388485,0.08202089621388485,-0.2510710006125952,0.0427979045684617,0.0427979045684617,-0.08384772797908531,1195.0,63.0,110.0,,,,,,,,,,,,,,,,,-0.005595624351698428,0.005595624351698428,0.14170798316798922,0.14170798316798922
lang_norm_complexity_score,XGBRegressor,fi,regression,0.5919766426086426,0.004050886075627668,0.004050886075627668,0.7995409373541266,0.060517525326553696,0.060517525326553696,0.07692155950774882,0.031915872521102506,0.031915872521102506,0.19173739305081994,1195,63,110,,,,,,,,,,,,,0.4355960687001546,0.0109881560837985,0.0109881560837985,0.4562484780756262,0.08366185815564581,0.08366185815564581,-0.27610071856511076,0.041680611919722776,0.041680611919722776,-0.05555253196344201,1195.0,63.0,110.0,,,,,,,,,,,,,,,,,-0.00976473939862027,0.00976473939862027,0.24728992501426195,0.24728992501426195
question_type,DummyClassifier,fi,classification,0.009094715118408203,0.500418410041841,,,0.47619047619047616,,,0.5,,,1195,63,110,0.500418410041841,0.2504185851088041,0.500418410041841,0.3337983370942788,0.47619047619047616,0.22675736961451246,0.47619047619047616,0.30721966205837176,0.5,0.25,0.5,0.3333333333333333,0.009070078531901041,0.500418410041841,,,0.4761904761904761,,,0.5,,,1195.0,63.0,110.0,0.500418410041841,0.2504185851088041,0.500418410041841,0.3337983370942788,0.4761904761904761,0.22675736961451246,0.4761904761904761,0.30721966205837176,0.5,0.25,0.5,0.3333333333333333,0.0,0.0,0.0,0.0,,,,
question_type,LogisticRegression,fi,classification,0.0028603076934814453,0.994979079497908,,,0.9365079365079365,,,0.8454545454545455,,,1195,63,110,0.994979079497908,0.9950012919359685,0.994979079497908,0.9949790373057714,0.9365079365079365,0.9384600614439325,0.9365079365079365,0.9365399385560675,0.8454545454545455,0.8549592391304347,0.8454545454545455,0.8444130127298443,0.0029606024424235025,0.8147838214783821,,,0.5291005291005292,,,0.46060606060606063,,,1195.0,63.0,110.0,0.8147838214783821,0.8148545334706762,0.8147838214783821,0.8147724388273573,0.5291005291005292,0.5294945778816746,0.5291005291005292,0.528285991171747,0.46060606060606063,0.4595188102874193,0.46060606060606063,0.4565326938324957,0.38484848484848483,0.38484848484848483,0.3878803188973486,0.3878803188973486,,,,
question_type,XGBClassifier,fi,classification,0.37271666526794434,0.9916317991631799,,,0.9047619047619048,,,0.8727272727272727,,,1195,63,110,0.9916317991631799,0.9917696607914637,0.9916317991631799,0.9916312717348807,0.9047619047619048,0.910899910899911,0.9047619047619048,0.9040816326530612,0.8727272727272727,0.8854700854700855,0.8727272727272727,0.8716666666666666,0.38083648681640625,0.8337517433751743,,,0.544973544973545,,,0.4575757575757575,,,1195.0,63.0,110.0,0.8337517433751743,0.8353681489835507,0.8337517433751743,0.8335583634459893,0.544973544973545,0.5461159415319008,0.544973544973545,0.5436986191614769,0.4575757575757575,0.4570933805243636,0.4575757575757575,0.4556682769726248,0.41515151515151516,0.41515151515151516,0.4159983896940418,0.4159983896940418,,,,
avg_verb_edges,DummyRegressor,fi,regression,0.00913548469543457,0.04513503950280983,0.04513503950280983,0.0,0.06651637562636599,0.06651637562636599,-0.0830819564612506,0.09462254802857094,0.09462254802857094,-0.3372000409696674,1195,63,110,,,,,,,,,,,,,0.009283860524495443,0.04513503950280983,0.04513503950280983,0.0,0.06651637562636599,0.06651637562636599,-0.08308195646125054,0.09462254802857094,0.09462254802857094,-0.3372000409696673,1195.0,63.0,110.0,,,,,,,,,,,,,,,,,0.0,0.0,-5.551115123125783e-17,-5.551115123125783e-17
avg_verb_edges,Ridge,fi,regression,0.003889799118041992,0.007537402059499367,0.007537402059499367,0.8330033131126399,0.0399322057632144,0.0399322057632144,0.34978640768436653,0.06793625072782918,0.06793625072782918,0.03992907452514749,1195,63,110,,,,,,,,,,,,,0.0034444332122802734,0.0225597686618966,0.0225597686618966,0.5001717310894972,0.07012598173373191,0.07012598173373191,-0.14185694544713115,0.10283486505517848,0.10283486505517848,-0.45325600113171766,1195.0,63.0,110.0,,,,,,,,,,,,,,,,,-0.03489861432734931,0.03489861432734931,0.49318507565686515,0.49318507565686515
avg_verb_edges,XGBRegressor,fi,regression,0.4774465560913086,0.006036079865079343,0.006036079865079343,0.8662662106520683,0.041924598895467576,0.041924598895467576,0.3173443957527159,0.06694623372755971,0.06694623372755971,0.05391993400740602,1195,63,110,,,,,,,,,,,,,0.41515541076660156,0.025347220170099705,0.025347220170099705,0.4384136925697884,0.06763963224320581,0.06763963224320581,-0.10137187323315411,0.09822279084663761,0.09822279084663761,-0.38807845149784165,1195.0,63.0,110.0,,,,,,,,,,,,,,,,,-0.0312765571190779,0.0312765571190779,0.44199838550524767,0.44199838550524767
lexical_density,DummyRegressor,fi,regression,0.009156227111816406,0.03999842697431768,0.03999842697431768,0.0,0.037089675197429686,0.037089675197429686,-0.04541968783357775,0.055529279986503914,0.055529279986503914,-0.2417074519777509,1195,63,110,,,,,,,,,,,,,0.009013493855794271,0.03999842697431767,0.03999842697431767,0.0,0.037089675197429686,0.037089675197429686,-0.04541968783357775,0.055529279986503914,0.055529279986503914,-0.2417074519777509,1195.0,63.0,110.0,,,,,,,,,,,,,,,,,0.0,0.0,0.0,0.0
lexical_density,Ridge,fi,regression,0.003273487091064453,0.005171334254956414,0.005171334254956414,0.8707115592751474,0.025001242139606937,0.025001242139606937,0.29530817905758155,0.07035472194683988,0.07035472194683988,-0.5732237577084749,1195,63,110,,,,,,,,,,,,,0.003591299057006836,0.02040541778979858,0.02040541778979858,0.4898444930621757,0.03746270494483802,0.03746270494483802,-0.055934005902216054,0.06246280978744515,0.06246280978744515,-0.3967502622650627,1195.0,63.0,110.0,,,,,,,,,,,,,,,,,0.007891912159394728,-0.007891912159394728,-0.17647349544341218,-0.17647349544341218
lexical_density,XGBRegressor,fi,regression,0.46273040771484375,0.005521251952225767,0.005521251952225767,0.8619632728114316,0.02439059313250616,0.02439059313250616,0.3125200983041383,0.06917043456771164,0.06917043456771164,-0.546741540321465,1195,63,110,,,,,,,,,,,,,0.4795859654744466,0.022221726005330514,0.022221726005330514,0.44443500191648244,0.04096581820336429,0.04096581820336429,-0.1546737104070428,0.0618943501324432,0.0618943501324432,-0.3840387596139175,1195.0,63.0,110.0,,,,,,,,,,,,,,,,,0.0072760844352684415,-0.0072760844352684415,-0.16270278070754757,-0.16270278070754757
n_tokens,DummyRegressor,fi,regression,0.009152650833129883,0.014658283066472927,0.014658283066472927,0.0,0.01857483519081605,0.01857483519081605,-0.008286163773478794,0.014355912833108666,0.014355912833108666,-0.03828960349593613,1195,63,110,,,,,,,,,,,,,0.009064197540283203,0.014658283066472927,0.014658283066472927,0.0,0.01857483519081605,0.01857483519081605,-0.008286163773478794,0.014355912833108666,0.014355912833108666,-0.03828960349593613,1195.0,63.0,110.0,,,,,,,,,,,,,,,,,0.0,0.0,0.0,0.0
n_tokens,Ridge,fi,regression,0.003460407257080078,0.003361448486760535,0.003361448486760535,0.7706792486188926,0.01053445785347362,0.01053445785347362,0.42816461156199004,0.015536972392099328,0.015536972392099328,-0.12370958865921722,1195,63,110,,,,,,,,,,,,,0.0032814343770345054,0.007509917355330477,0.007509917355330477,0.48766732629775095,0.020220835284942777,0.020220835284942777,-0.09763495763510084,0.016350802673268945,0.016350802673268945,-0.18256976214813725,1195.0,63.0,110.0,,,,,,,,,,,,,,,,,-0.0008138302811696169,0.0008138302811696169,0.05886017348892003,0.05886017348892003
n_tokens,XGBRegressor,fi,regression,0.41235804557800293,0.002376503803326306,0.002376503803326306,0.8378729764905448,0.009437719106725868,0.009437719106725868,0.4876981951582944,0.009100778335204732,0.009100778335204732,0.3417873430262418,1195,63,110,,,,,,,,,,,,,0.44989339510599774,0.007245907211751633,0.007245907211751633,0.505678313149458,0.018450846647420988,0.018450846647420988,-0.0015557712027023014,0.013702518646816505,0.013702518646816505,0.008967049459439455,1195.0,63.0,110.0,,,,,,,,,,,,,,,,,-0.004601740311611773,0.004601740311611773,0.33282029356680237,0.33282029356680237
avg_max_depth,DummyRegressor,fi,regression,0.009502649307250977,0.031007466426708215,0.031007466426708215,0.0,0.04874605291977515,0.04874605291977515,-0.0671484533482567,0.030714829381583916,0.030714829381583916,-0.007271335229541487,1195,63,110,,,,,,,,,,,,,0.009149471918741861,0.031007466426708218,0.031007466426708218,0.0,0.04874605291977515,0.04874605291977515,-0.0671484533482567,0.030714829381583916,0.030714829381583916,-0.007271335229541413,1195.0,63.0,110.0,,,,,,,,,,,,,,,,,0.0,0.0,-7.37257477290143e-17,-7.37257477290143e-17
avg_max_depth,Ridge,fi,regression,0.0039026737213134766,0.00888483762600953,0.00888483762600953,0.7134613481881706,0.029291954332178783,0.029291954332178783,0.35874061818754244,0.03668551923192413,0.03668551923192413,-0.20307593056288264,1195,63,110,,,,,,,,,,,,,0.0033392111460367837,0.01580084796486627,0.01580084796486627,0.4904179610348221,0.05460709734209551,0.05460709734209551,-0.19545842134870695,0.0349067255953488,0.0349067255953488,-0.14474163805708282,1195.0,63.0,110.0,,,,,,,,,,,,,,,,,0.0017787936365753348,-0.0017787936365753348,-0.05833429250579983,-0.05833429250579983
avg_max_depth,XGBRegressor,fi,regression,0.49144506454467773,0.008322969594353365,0.008322969594353365,0.7315817590570898,0.030412163495641183,0.030412163495641183,0.33421700233329377,0.022009724830127402,0.022009724830127402,0.2782064766744291,1195,63,110,,,,,,,,,,,,,0.5213681856791178,0.016116213628034195,0.016116213628034195,0.48024732474909565,0.04820090997961968,0.04820090997961968,-0.05521418563640612,0.031461149785915715,0.031461149785915715,-0.031746390612107746,1195.0,63.0,110.0,,,,,,,,,,,,,,,,,-0.009451424955788313,0.009451424955788313,0.30995286728653687,0.30995286728653687
avg_links_len,DummyRegressor,fi,regression,0.009379386901855469,0.007555863198473416,0.007555863198473416,0.0,0.022182998673081343,0.022182998673081343,-0.28978275776736395,0.02665640990917208,0.02665640990917208,-0.46978113996486237,1195,63,110,,,,,,,,,,,,,0.009054740269978842,0.007555863198473417,0.007555863198473417,0.0,0.02218299867308134,0.02218299867308134,-0.28978275776736395,0.02665640990917208,0.02665640990917208,-0.46978113996486237,1195.0,63.0,110.0,,,,,,,,,,,,,,,,,0.0,0.0,0.0,0.0
avg_links_len,Ridge,fi,regression,0.0034437179565429688,0.002164897694760483,0.002164897694760483,0.7134810890702894,0.017694181433297335,0.017694181433297335,-0.02879013165915989,0.024483452343421523,0.024483452343421523,-0.34996860485730474,1195,63,110,,,,,,,,,,,,,0.003482977549235026,0.00386669715695835,0.00386669715695835,0.4882520957050181,0.02176282851854065,0.02176282851854065,-0.265352867623041,0.028566659166029833,0.028566659166029833,-0.5751084642342624,1195.0,63.0,110.0,,,,,,,,,,,,,,,,,-0.00408320682260831,0.00408320682260831,0.22513985937695769,0.22513985937695769
avg_links_len,XGBRegressor,fi,regression,0.6066205501556396,0.0019690645987169844,0.0019690645987169844,0.7393991199953417,0.020692652665434307,0.020692652665434307,-0.20312979384219565,0.027145756090695746,0.027145756090695746,-0.4967627099125027,1195,63,110,,,,,,,,,,,,,0.5453957716623942,0.0036726368722835214,0.0036726368722835214,0.5139354993846977,0.022693594610669846,0.022693594610669846,-0.3194702606245343,0.02806761691578097,0.02806761691578097,-0.5475922724454714,1195.0,63.0,110.0,,,,,,,,,,,,,,,,,-0.0009218608250852224,0.0009218608250852224,0.050829562532968664,0.050829562532968664
avg_subordinate_chain_len,DummyRegressor,fi,regression,0.009276151657104492,0.013927277183522697,0.013927277183522697,0.0,0.05767280596717133,0.05767280596717133,-0.18492767908157393,0.05447999337562531,0.05447999337562531,-0.2272027188652408,1195,63,110,,,,,,,,,,,,,0.009167671203613281,0.013927277183522697,0.013927277183522697,0.0,0.05767280596717133,0.05767280596717133,-0.18492767908157393,0.05447999337562531,0.05447999337562531,-0.2272027188652408,1195.0,63.0,110.0,,,,,,,,,,,,,,,,,0.0,0.0,0.0,0.0
avg_subordinate_chain_len,Ridge,fi,regression,0.0034508705139160156,0.004868102002139094,0.004868102002139094,0.6504627618168952,0.03608388685312052,0.03608388685312052,0.258631592757107,0.04096401489466603,0.04096401489466603,0.0772548354078545,1195,63,110,,,,,,,,,,,,,0.0035587946573893228,0.006979194552464933,0.006979194552464933,0.4988830580092145,0.06092553256992361,0.06092553256992361,-0.25175719638094174,0.05573885733328148,0.05573885733328148,-0.25555957384621614,1195.0,63.0,110.0,,,,,,,,,,,,,,,,,-0.014774842438615453,0.014774842438615453,0.33281440925407063,0.33281440925407063
avg_subordinate_chain_len,XGBRegressor,fi,regression,0.4061410427093506,0.0014793162670628979,0.0014793162670628979,0.8937828085440082,0.04472126305289019,0.04472126305289019,0.08117072602602926,0.051533716178546414,0.051533716178546414,-0.1608356148559449,1195,63,110,,,,,,,,,,,,,0.35498205820719403,0.002971900289137393,0.002971900289137393,0.7866129717980025,0.06301312512938395,0.06301312512938395,-0.2946482290759238,0.05801502889402,0.05801502889402,-0.30683204571828143,1195.0,63.0,110.0,,,,,,,,,,,,,,,,,-0.006481312715473586,0.006481312715473586,0.14599643086233655,0.14599643086233655
lang_norm_complexity_score,DummyRegressor,id,regression,0.006796360015869141,0.03628673642523674,0.03628673642523674,0.0,0.05536810952221922,0.05536810952221922,-0.32430574216720065,0.0407871436372552,0.0407871436372552,-0.0003197757203539098,954,72,110,,,,,,,,,,,,,0.006771246592203776,0.03628673642523674,0.03628673642523674,0.0,0.05536810952221922,0.05536810952221922,-0.32430574216720065,0.0407871436372552,0.0407871436372552,-0.0003197757203539098,954.0,72.0,110.0,,,,,,,,,,,,,,,,,0.0,0.0,0.0,0.0
lang_norm_complexity_score,Ridge,id,regression,0.0031850337982177734,0.005906259784117233,0.005906259784117233,0.8372336460655211,0.03748197260646491,0.03748197260646491,0.1034985304929793,0.028471651456464738,0.028471651456464738,0.30172222275196503,954,72,110,,,,,,,,,,,,,0.003140608469645182,0.01962556423014498,0.01962556423014498,0.4591532288779827,0.057060253940934724,0.057060253940934724,-0.36477879767908955,0.04661365105032331,0.04661365105032331,-0.1432170239441691,954.0,72.0,110.0,,,,,,,,,,,,,,,,,-0.01814199959385857,0.01814199959385857,0.44493924669613416,0.44493924669613416
lang_norm_complexity_score,XGBRegressor,id,regression,0.42827391624450684,0.004234945809407387,0.004234945809407387,0.8832921825821166,0.046315048282037946,0.046315048282037946,-0.10777277602443958,0.026512058133975298,0.026512058133975298,0.34978197340009,954,72,110,,,,,,,,,,,,,0.3909923235575358,0.01860272387379554,0.01860272387379554,0.4873409486101456,0.05982562175843483,0.05982562175843483,-0.4309214294489195,0.04299898404805574,0.04299898404805574,-0.05456597945893216,954.0,72.0,110.0,,,,,,,,,,,,,,,,,-0.01648692591408044,0.01648692591408044,0.40434795285902214,0.40434795285902214
question_type,DummyClassifier,id,classification,0.006833791732788086,0.5209643605870021,,,0.5,,,0.5,,,954,72,110,0.5209643605870021,0.271403865001824,0.5209643605870021,0.3568839244820676,0.5,0.25,0.5,0.3333333333333333,0.5,0.25,0.5,0.3333333333333333,0.006714344024658203,0.5209643605870021,,,0.5,,,0.5,,,954.0,72.0,110.0,0.5209643605870021,0.271403865001824,0.5209643605870021,0.3568839244820676,0.5,0.25,0.5,0.3333333333333333,0.5,0.25,0.5,0.3333333333333333,0.0,0.0,0.0,0.0,,,,
question_type,LogisticRegression,id,classification,0.0025777816772460938,0.9874213836477987,,,0.7916666666666666,,,0.6727272727272727,,,954,72,110,0.9874213836477987,0.9874321793177385,0.9874213836477987,0.9874224357049136,0.7916666666666666,0.8217021276595745,0.7916666666666666,0.7866877345447363,0.6727272727272727,0.7224350787569178,0.6727272727272727,0.6533613445378151,0.0023097991943359375,0.8050314465408804,,,0.4953703703703704,,,0.47575757575757577,,,954.0,72.0,110.0,0.8050314465408804,0.8084527910965905,0.8050314465408804,0.8038326762994479,0.4953703703703704,0.4945216049382715,0.4953703703703704,0.4844936402939725,0.47575757575757577,0.4552076750554502,0.47575757575757577,0.45259357500736813,0.19696969696969696,0.19696969696969696,0.200767769530447,0.200767769530447,,,,
question_type,XGBClassifier,id,classification,0.3783257007598877,0.9926624737945493,,,0.7777777777777778,,,0.6545454545454545,,,954,72,110,0.9926624737945493,0.9926652885087603,0.9926624737945493,0.9926627887462296,0.7777777777777778,0.8272727272727273,0.7777777777777778,0.7690457097032879,0.6545454545454545,0.7703875072296125,0.6545454545454545,0.6131062569418734,0.3505723476409912,0.8466107617051013,,,0.47222222222222215,,,0.5333333333333333,,,954.0,72.0,110.0,0.8466107617051013,0.8564922544802958,0.8466107617051013,0.8448567169737325,0.47222222222222215,0.46727285395763657,0.47222222222222215,0.454462348561483,0.5333333333333333,0.5475703187109312,0.5333333333333333,0.5144335309425556,0.12121212121212122,0.12121212121212122,0.09867272599931776,0.09867272599931776,,,,
avg_verb_edges,DummyRegressor,id,regression,0.0068933963775634766,0.09851678768530606,0.09851678768530606,0.0,0.060352593807822305,0.060352593807822305,-0.0011107849701428307,0.06485921786072027,0.06485921786072027,-0.01548656468689491,954,72,110,,,,,,,,,,,,,0.0068225860595703125,0.09851678768530604,0.09851678768530604,0.0,0.0603525938078223,0.0603525938078223,-0.0011107849701427568,0.06485921786072027,0.06485921786072027,-0.01548656468689491,954.0,72.0,110.0,,,,,,,,,,,,,,,,,0.0,0.0,0.0,0.0
avg_verb_edges,Ridge,id,regression,0.003188610076904297,0.01594887474995826,0.01594887474995826,0.8381100812898605,0.04188454685696629,0.04188454685696629,0.30523165722395906,0.07346929237069276,0.07346929237069276,-0.15029261499428426,954,72,110,,,,,,,,,,,,,0.003046433130900065,0.0527610771838005,0.0527610771838005,0.46444582265170725,0.06458919760014754,0.06458919760014754,-0.07138630223535898,0.07832879658896622,0.07832879658896622,-0.22637680791953607,954.0,72.0,110.0,,,,,,,,,,,,,,,,,-0.0048595042182734555,0.0048595042182734555,0.07608419292525181,0.07608419292525181
avg_verb_edges,XGBRegressor,id,regression,0.40805864334106445,0.010736739480686291,0.010736739480686291,0.8910161432081722,0.0398456014235286,0.0398456014235286,0.3390530745747993,0.09006714617729518,0.09006714617729518,-0.41016157578620227,954,72,110,,,,,,,,,,,,,0.39327160517374676,0.05109369828487833,0.05109369828487833,0.4813706426554645,0.06655645073344114,0.06655645073344114,-0.10401850914228535,0.07151497878888964,0.07151497878888964,-0.11969435539504107,954.0,72.0,110.0,,,,,,,,,,,,,,,,,0.018552167388405538,-0.018552167388405538,-0.2904672203911612,-0.2904672203911612
lexical_density,DummyRegressor,id,regression,0.00688481330871582,0.04465473356033736,0.04465473356033736,0.0,0.05216841546132581,0.05216841546132581,-0.04937866194959151,0.05430819201618256,0.05430819201618256,-0.3272014229792417,954,72,110,,,,,,,,,,,,,0.0070565541585286455,0.04465473356033736,0.04465473356033736,0.0,0.05216841546132581,0.05216841546132581,-0.04937866194959151,0.05430819201618256,0.05430819201618256,-0.3272014229792417,954.0,72.0,110.0,,,,,,,,,,,,,,,,,0.0,0.0,0.0,0.0
lexical_density,Ridge,id,regression,0.003163576126098633,0.005504765536565723,0.005504765536565723,0.8767260467666278,0.027830452157960706,0.027830452157960706,0.44018459466871607,0.03369020515634808,0.03369020515634808,0.17666770768866435,954,72,110,,,,,,,,,,,,,0.0032041072845458984,0.024138015535331455,0.024138015535331455,0.45945225487201197,0.060738440055155274,0.060738440055155274,-0.22176651121855798,0.06418103869243762,0.06418103869243762,-0.568477290783442,954.0,72.0,110.0,,,,,,,,,,,,,,,,,-0.030490833536089536,0.030490833536089536,0.7451449984721064,0.7451449984721064
lexical_density,XGBRegressor,id,regression,0.49457216262817383,0.005124120820661544,0.005124120820661544,0.8852502207019588,0.03244004175394951,0.03244004175394951,0.3474617293181004,0.046012160404275804,0.046012160404275804,-0.12446027930201264,954,72,110,,,,,,,,,,,,,0.39539353052775067,0.022509883438062952,0.022509883438062952,0.495912714210966,0.059728958853128365,0.059728958853128365,-0.20146058427639169,0.06189793638239244,0.06189793638239244,-0.5126820871096345,954.0,72.0,110.0,,,,,,,,,,,,,,,,,-0.015885775978116634,0.015885775978116634,0.38822180780762183,0.38822180780762183
n_tokens,DummyRegressor,id,regression,0.0069386959075927734,0.03201962835946187,0.03201962835946187,0.0,0.034627595813610565,0.034627595813610565,-0.04182268656848165,0.03990323866931647,0.03990323866931647,-0.3507991282912861,954,72,110,,,,,,,,,,,,,0.0067844390869140625,0.03201962835946187,0.03201962835946187,0.0,0.03462759581361057,0.03462759581361057,-0.041822686568481725,0.03990323866931648,0.03990323866931648,-0.3507991282912863,954.0,72.0,110.0,,,,,,,,,,,,,,,,,-6.938893903907228e-18,6.938893903907228e-18,1.6653345369377348e-16,1.6653345369377348e-16
n_tokens,Ridge,id,regression,0.003177165985107422,0.005424340274458051,0.005424340274458051,0.8305932781741626,0.023313241252178016,0.023313241252178016,0.29858648678067856,0.0375809425181084,0.0375809425181084,-0.27218506784665775,954,72,110,,,,,,,,,,,,,0.0031112035115559897,0.017587217641119802,0.017587217641119802,0.4507363594704952,0.0355796241572388,0.0355796241572388,-0.07046587427307709,0.04221757006947637,0.04221757006947637,-0.42914356704274587,954.0,72.0,110.0,,,,,,,,,,,,,,,,,-0.0046366275513679694,0.0046366275513679694,0.15695849919608812,0.15695849919608812
n_tokens,XGBRegressor,id,regression,0.3624258041381836,0.002877026026291887,0.002877026026291887,0.9101480506271485,0.01885659957684084,0.01885659957684084,0.4326711754279876,0.021857241764915235,0.021857241764915235,0.26009155879363777,954,72,110,,,,,,,,,,,,,0.5118808746337891,0.016050695158013807,0.016050695158013807,0.4987232525679583,0.03673617278143257,0.03673617278143257,-0.10526235859414652,0.041185559609698476,0.041185559609698476,-0.39420808621603753,954.0,72.0,110.0,,,,,,,,,,,,,,,,,-0.01932831784478324,0.01932831784478324,0.6542996450096753,0.6542996450096753
avg_max_depth,DummyRegressor,id,regression,0.007233619689941406,0.028743521622518444,0.028743521622518444,0.0,0.042771213644194804,0.042771213644194804,-0.04988947091217488,0.03229627832030602,0.03229627832030602,-0.0024858595461816346,954,72,110,,,,,,,,,,,,,0.006903727849324544,0.028743521622518444,0.028743521622518444,0.0,0.042771213644194804,0.042771213644194804,-0.04988947091217488,0.03229627832030602,0.03229627832030602,-0.0024858595461816346,954.0,72.0,110.0,,,,,,,,,,,,,,,,,0.0,0.0,0.0,0.0
avg_max_depth,Ridge,id,regression,0.0031731128692626953,0.007942583130404444,0.007942583130404444,0.7236739730533919,0.02959474749014743,0.02959474749014743,0.2735484655009901,0.0241262349121665,0.0241262349121665,0.2511146608391268,954,72,110,,,,,,,,,,,,,0.00310516357421875,0.015414371511335232,0.015414371511335232,0.4637271064496426,0.04414730550512843,0.04414730550512843,-0.08366789880109793,0.036424927458973064,0.036424927458973064,-0.1306403279803642,954.0,72.0,110.0,,,,,,,,,,,,,,,,,-0.012298692546806565,0.012298692546806565,0.381754988819491,0.381754988819491
avg_max_depth,XGBRegressor,id,regression,0.40348052978515625,0.004777255898184993,0.004777255898184993,0.8337971261516417,0.03175844280224119,0.03175844280224119,0.2204370213103578,0.026105589084848287,0.026105589084848287,0.18967493241383548,954,72,110,,,,,,,,,,,,,0.45450131098429364,0.013280835710554583,0.013280835710554583,0.5379537732025842,0.04523995883655952,0.04523995883655952,-0.11048886389153594,0.03331840754277985,0.03331840754277985,-0.03421304749014675,954.0,72.0,110.0,,,,,,,,,,,,,,,,,-0.0072128184579315635,0.0072128184579315635,0.22388797990398224,0.22388797990398224
avg_links_len,DummyRegressor,id,regression,0.00677943229675293,0.018266996274101326,0.018266996274101326,0.0,0.046536363730557424,0.046536363730557424,-0.2610907988904765,0.03596510605103685,0.03596510605103685,-0.6199908651137243,954,72,110,,,,,,,,,,,,,0.006750345230102539,0.018266996274101326,0.018266996274101326,0.0,0.046536363730557424,0.046536363730557424,-0.2610907988904765,0.03596510605103685,0.03596510605103685,-0.6199908651137243,954.0,72.0,110.0,,,,,,,,,,,,,,,,,0.0,0.0,0.0,0.0
avg_links_len,Ridge,id,regression,0.0036270618438720703,0.003805443703731615,0.003805443703731615,0.7916765489722623,0.04643080344019342,0.04643080344019342,-0.2582302163216059,0.03700878350850195,0.03700878350850195,-0.6670016523144986,954,72,110,,,,,,,,,,,,,0.003332376480102539,0.010104090502651155,0.010104090502651155,0.4468663401997523,0.044554606535590624,0.044554606535590624,-0.2073870806825456,0.03664282570989861,0.03664282570989861,-0.6505176667004077,954.0,72.0,110.0,,,,,,,,,,,,,,,,,0.00036595779860334327,-0.00036595779860334327,-0.016483985614090924,-0.016483985614090924
avg_links_len,XGBRegressor,id,regression,0.40640878677368164,0.002585931752291746,0.002585931752291746,0.8584369475151182,0.04690663701409879,0.04690663701409879,-0.27112484954498384,0.04046234299951161,0.04046234299951161,-0.8225617337896691,954,72,110,,,,,,,,,,,,,0.4314587910970052,0.008312635672841632,0.008312635672841632,0.5449369152920251,0.048092734895682214,0.048092734895682214,-0.3032669639076097,0.04022442311628047,0.04022442311628047,-0.8118450119505504,954.0,72.0,110.0,,,,,,,,,,,,,,,,,0.0002379198832311441,-0.0002379198832311441,-0.010716721839118759,-0.010716721839118759
avg_subordinate_chain_len,DummyRegressor,id,regression,0.006884574890136719,0.03734276729559748,0.03734276729559748,0.0,0.06014047222222222,0.06014047222222222,-0.20794539337882023,0.06964522929292928,0.06964522929292928,-0.3283217388036439,954,72,110,,,,,,,,,,,,,0.0068709055582682295,0.03734276729559748,0.03734276729559748,0.0,0.06014047222222222,0.06014047222222222,-0.20794539337882023,0.06964522929292928,0.06964522929292928,-0.3283217388036439,954.0,72.0,110.0,,,,,,,,,,,,,,,,,0.0,0.0,0.0,0.0
avg_subordinate_chain_len,Ridge,id,regression,0.0031998157501220703,0.007036174590260663,0.007036174590260663,0.8115786509723881,0.0306153009818661,0.0306153009818661,0.38507945778506336,0.052634264065855946,0.052634264065855946,-0.0038769040524366805,954,72,110,,,,,,,,,,,,,0.0034906864166259766,0.020130887406199786,0.020130887406199786,0.4609160256697657,0.06695313479228414,0.06695313479228414,-0.34478044079485676,0.0753822802830977,0.0753822802830977,-0.4377427231874134,954.0,72.0,110.0,,,,,,,,,,,,,,,,,-0.02274801621724175,0.02274801621724175,0.43386581913497674,0.43386581913497674
avg_subordinate_chain_len,XGBRegressor,id,regression,0.4962434768676758,0.0012733341976037527,0.0012733341976037527,0.9659014505399585,0.044691001621431414,0.044691001621431414,0.10236339125142457,0.05503402536800681,0.05503402536800681,-0.04964680298089563,954,72,110,,,,,,,,,,,,,0.3766775131225586,0.015401378386132073,0.015401378386132073,0.5875672987966317,0.06500868569290051,0.06500868569290051,-0.3057254043864102,0.07780816366498507,0.07780816366498507,-0.484010840396278,954.0,72.0,110.0,,,,,,,,,,,,,,,,,-0.022774138296978254,0.022774138296978254,0.4343640374153824,0.4343640374153824
lang_norm_complexity_score,DummyRegressor,ja,regression,0.009205102920532227,0.04006533794788478,0.04006533794788478,0.0,0.06489982769671278,0.06489982769671278,-0.057732474924141464,0.060265333964370046,0.060265333964370046,-0.15764523951119602,1191,46,92,,,,,,,,,,,,,0.008768796920776367,0.04006533794788478,0.04006533794788478,0.0,0.06489982769671278,0.06489982769671278,-0.057732474924141464,0.06026533396437004,0.06026533396437004,-0.15764523951119602,1191.0,46.0,92.0,,,,,,,,,,,,,,,,,6.938893903907228e-18,-6.938893903907228e-18,0.0,0.0
lang_norm_complexity_score,Ridge,ja,regression,0.003610372543334961,0.006739216527501294,0.006739216527501294,0.8317943421251714,0.032891012834117925,0.032891012834117925,0.46394476468609513,0.03983448668454594,0.03983448668454594,0.23481376696592626,1191,46,92,,,,,,,,,,,,,0.0035054683685302734,0.020754681260268148,0.020754681260268148,0.48197912901009543,0.0740207307027755,0.0740207307027755,-0.20638426110807306,0.06406729558722482,0.06406729558722482,-0.2306776527407358,1191.0,46.0,92.0,,,,,,,,,,,,,,,,,-0.024232808902678878,0.024232808902678878,0.4654914197066621,0.4654914197066621
lang_norm_complexity_score,XGBRegressor,ja,regression,0.8549878597259521,0.0050651141244094445,0.0050651141244094445,0.8735786496797326,0.04037567962916055,0.04037567962916055,0.34196023230645123,0.036970601777077054,0.036970601777077054,0.28982653320396656,1191,46,92,,,,,,,,,,,,,0.6156670252482096,0.020275756527715544,0.020275756527715544,0.4939327217434344,0.07033025730606206,0.07033025730606206,-0.1462372052824512,0.061146005642824214,0.061146005642824214,-0.17456218510943264,1191.0,46.0,92.0,,,,,,,,,,,,,,,,,-0.02417540386574716,0.02417540386574716,0.46438871831339923,0.46438871831339923
question_type,DummyClassifier,ja,classification,0.009179115295410156,0.5004198152812762,,,0.5217391304347826,,,0.5978260869565217,,,1191,46,92,0.5004198152812762,0.25041999152614663,0.5004198152812762,0.33379989916915576,0.5217391304347826,0.2722117202268431,0.5217391304347826,0.35776397515527947,0.5978260869565217,0.3573960302457467,0.5978260869565217,0.4473528541851523,0.009030421574910482,0.5004198152812762,,,0.5217391304347826,,,0.5978260869565217,,,1191.0,46.0,92.0,0.5004198152812762,0.25041999152614663,0.5004198152812762,0.33379989916915576,0.5217391304347826,0.2722117202268431,0.5217391304347826,0.35776397515527947,0.5978260869565217,0.3573960302457467,0.5978260869565217,0.4473528541851523,0.0,0.0,0.0,0.0,,,,
question_type,LogisticRegression,ja,classification,0.003062009811401367,0.9966414777497901,,,0.9347826086956522,,,0.6413043478260869,,,1191,46,92,0.9966414777497901,0.9966470703304235,0.9966414777497901,0.9966414635435644,0.9347826086956522,0.9354865424430642,0.9347826086956522,0.9346897505210375,0.6413043478260869,0.6417622232839626,0.6413043478260869,0.5914370324788955,0.003003199895222982,0.8343129023229778,,,0.5144927536231884,,,0.5108695652173912,,,1191.0,46.0,92.0,0.8343129023229778,0.8344704822665241,0.8343129023229778,0.8342941832924216,0.5144927536231884,0.5170742668379719,0.5144927536231884,0.5125839781898986,0.5108695652173912,0.5324136916499739,0.5108695652173912,0.5050896953547093,0.13043478260869568,0.13043478260869568,0.08634733712418619,0.08634733712418619,,,,
question_type,XGBClassifier,ja,classification,0.4758796691894531,0.998320738874895,,,0.8478260869565217,,,0.6413043478260869,,,1191,46,92,0.998320738874895,0.9983263551328386,0.998320738874895,0.9983207317717823,0.8478260869565217,0.8481987577639751,0.8478260869565217,0.847609417882421,0.6413043478260869,0.6397731193926846,0.6413043478260869,0.6404632744716128,0.4685920874277751,0.8802127064091799,,,0.5507246376811594,,,0.5,,,1191.0,46.0,92.0,0.8802127064091799,0.8837178412770171,0.8802127064091799,0.8799165878422684,0.5507246376811594,0.5517722982751337,0.5507246376811594,0.5501325932778292,0.5,0.5287907121707963,0.5,0.4981012167712935,0.14130434782608692,0.14130434782608692,0.1423620577003193,0.1423620577003193,,,,
avg_verb_edges,DummyRegressor,ja,regression,0.00893092155456543,0.0649646587567969,0.0649646587567969,0.0,0.08817710359124824,0.08817710359124824,-0.025035095035367938,0.10757532298123838,0.10757532298123838,-0.12612688232450853,1191,46,92,,,,,,,,,,,,,0.008862654368082682,0.0649646587567969,0.0649646587567969,0.0,0.08817710359124824,0.08817710359124824,-0.025035095035367938,0.10757532298123838,0.10757532298123838,-0.12612688232450853,1191.0,46.0,92.0,,,,,,,,,,,,,,,,,0.0,0.0,0.0,0.0
avg_verb_edges,Ridge,ja,regression,0.003390789031982422,0.007430224007043347,0.007430224007043347,0.8856266753457553,0.03522535312169955,0.03522535312169955,0.5905147514015259,0.10283260060747566,0.10283260060747566,-0.07647881237237297,1191,46,92,,,,,,,,,,,,,0.0035823186238606772,0.033789694906581014,0.033789694906581014,0.479875742392847,0.09249296677790193,0.09249296677790193,-0.07520584289978642,0.11473586498115897,0.11473586498115897,-0.20108532646072205,1191.0,46.0,92.0,,,,,,,,,,,,,,,,,-0.011903264373683303,0.011903264373683303,0.12460651408834908,0.12460651408834908
avg_verb_edges,XGBRegressor,ja,regression,0.5927102565765381,0.0044479011071506674,0.0044479011071506674,0.9315335261930349,0.030221747202611074,0.030221747202611074,0.6486803234140481,0.1049000545630903,0.1049000545630903,-0.09812146621587425,1191,46,92,,,,,,,,,,,,,0.657839854558309,0.03277948168169987,0.03277948168169987,0.49542593913386285,0.0940471337375929,0.0940471337375929,-0.09327261547844216,0.11390015013510041,0.11390015013510041,-0.19233684281202912,1191.0,46.0,92.0,,,,,,,,,,,,,,,,,-0.009000095572010106,0.009000095572010106,0.09421537659615487,0.09421537659615487
lexical_density,DummyRegressor,ja,regression,0.008991718292236328,0.026039934421398667,0.026039934421398667,0.0,0.027019806570825627,0.027019806570825627,-0.0007686803245534612,0.06488087995636208,0.06488087995636208,-0.23817556670249385,1191,46,92,,,,,,,,,,,,,0.0090028444925944,0.026039934421398667,0.026039934421398667,0.0,0.027019806570825627,0.027019806570825627,-0.0007686803245533872,0.06488087995636206,0.06488087995636206,-0.23817556670249362,1191.0,46.0,92.0,,,,,,,,,,,,,,,,,1.3877787807814457e-17,-1.3877787807814457e-17,-2.220446049250313e-16,-2.220446049250313e-16
lexical_density,Ridge,ja,regression,0.0036423206329345703,0.004970565658224111,0.004970565658224111,0.8091175815658168,0.020900155705874498,0.020900155705874498,0.2258930059503167,0.09190124161089733,0.09190124161089733,-0.7538275064821718,1191,46,92,,,,,,,,,,,,,0.003712177276611328,0.013743098981710751,0.013743098981710751,0.4722298927751072,0.02971354660505913,0.02971354660505913,-0.10054032939727686,0.06757256509473115,0.06757256509473115,-0.28954322345786476,1191.0,46.0,92.0,,,,,,,,,,,,,,,,,0.024328676516166173,-0.024328676516166173,-0.464284283024307,-0.464284283024307
lexical_density,XGBRegressor,ja,regression,0.521399736404419,0.004757899400818401,0.004757899400818401,0.8172845090996645,0.021314867602792525,0.021314867602792525,0.2105327672785242,0.0802337114408756,0.0802337114408756,-0.5311663651721037,1191,46,92,,,,,,,,,,,,,0.5612266063690186,0.013441086242067643,0.013441086242067643,0.48382795345973495,0.028281503338003874,0.028281503338003874,-0.047499829392884774,0.06436071139635986,0.06436071139635986,-0.2282487592671639,1191.0,46.0,92.0,,,,,,,,,,,,,,,,,0.015873000044515737,-0.015873000044515737,-0.30291760590493977,-0.30291760590493977
n_tokens,DummyRegressor,ja,regression,0.00885319709777832,0.02078127604811062,0.02078127604811062,0.0,0.019980735104373593,0.019980735104373593,-1.8562540053945753e-06,0.060855234419892164,0.060855234419892164,-0.020060823784774584,1191,46,92,,,,,,,,,,,,,0.008930603663126627,0.020781276048110617,0.020781276048110617,0.0,0.019980735104373596,0.019980735104373596,-1.8562540053945753e-06,0.060855234419892164,0.060855234419892164,-0.020060823784774584,1191.0,46.0,92.0,,,,,,,,,,,,,,,,,0.0,0.0,0.0,0.0
n_tokens,Ridge,ja,regression,0.00360107421875,0.004085965090851951,0.004085965090851951,0.8033823774154891,0.011580623154535478,0.011580623154535478,0.4204094799005318,0.045891875449452633,0.045891875449452633,0.23075632322771877,1191,46,92,,,,,,,,,,,,,0.003584623336791992,0.010857198139907228,0.010857198139907228,0.4775490150474018,0.02418109050138674,0.02418109050138674,-0.21022250989853797,0.06265289931142615,0.06265289931142615,-0.05019344175309404,1191.0,46.0,92.0,,,,,,,,,,,,,,,,,-0.016761023861973513,0.016761023861973513,0.2809497649808128,0.2809497649808128
n_tokens,XGBRegressor,ja,regression,0.5034992694854736,0.0025612050037645403,0.0025612050037645403,0.876754199413207,0.015279485526888766,0.015279485526888766,0.23528770039344382,0.04003318353108774,0.04003318353108774,0.3289602355372736,1191,46,92,,,,,,,,,,,,,0.5472120443979899,0.010418480960665333,0.010418480960665333,0.49866019119588395,0.0229125998739203,0.0229125998739203,-0.1467367084262193,0.059923587209511464,0.059923587209511464,-0.0044444708127272525,1191.0,46.0,92.0,,,,,,,,,,,,,,,,,-0.01989040367842372,0.01989040367842372,0.33340470635000086,0.33340470635000086
avg_max_depth,DummyRegressor,ja,regression,0.008940458297729492,0.017090797713892537,0.017090797713892537,0.0,0.029258827555336833,0.029258827555336833,-0.0023590840038767436,0.08336008441840403,0.08336008441840403,-0.23149101104606218,1191,46,92,,,,,,,,,,,,,0.009026686350504557,0.017090797713892537,0.017090797713892537,0.0,0.029258827555336833,0.029258827555336833,-0.0023590840038767436,0.08336008441840403,0.08336008441840403,-0.2314910110460621,1191.0,46.0,92.0,,,,,,,,,,,,,,,,,0.0,0.0,-8.326672684688674e-17,-8.326672684688674e-17
avg_max_depth,Ridge,ja,regression,0.0036079883575439453,0.00476348515968089,0.00476348515968089,0.7212836264623967,0.01898971718223102,0.01898971718223102,0.349443668435653,0.06581780596523623,0.06581780596523623,0.027663695658789456,1191,46,92,,,,,,,,,,,,,0.003584623336791992,0.009097958823107844,0.009097958823107844,0.46766915299030093,0.035415408907224825,0.035415408907224825,-0.21327338782560235,0.08418797450452577,0.08418797450452577,-0.24372155527243033,1191.0,46.0,92.0,,,,,,,,,,,,,,,,,-0.018370168539289536,0.018370168539289536,0.2713852509312198,0.2713852509312198
avg_max_depth,XGBRegressor,ja,regression,0.4833533763885498,0.0027279603114849444,0.0027279603114849444,0.840384260749428,0.023157376785944265,0.023157376785944265,0.20666653716075367,0.06299140601353304,0.06299140601353304,0.06941852542447347,1191,46,92,,,,,,,,,,,,,0.5628274281819662,0.00814915571359672,0.00814915571359672,0.5231845903264923,0.03198013878288559,0.03198013878288559,-0.09558670989477447,0.0838298220153203,0.0838298220153203,-0.23843051491279574,1191.0,46.0,92.0,,,,,,,,,,,,,,,,,-0.020838416001787263,0.020838416001787263,0.30784904033726923,0.30784904033726923
avg_links_len,DummyRegressor,ja,regression,0.00899195671081543,0.009301717052255193,0.009301717052255193,0.0,0.020961606515809642,0.020961606515809642,-0.17578499581662177,0.10822901283311698,0.10822901283311698,-1.5454230135539135,1191,46,92,,,,,,,,,,,,,0.00887910525004069,0.009301717052255193,0.009301717052255193,0.0,0.020961606515809642,0.020961606515809642,-0.17578499581662177,0.10822901283311698,0.10822901283311698,-1.5454230135539138,1191.0,46.0,92.0,,,,,,,,,,,,,,,,,0.0,0.0,2.220446049250313e-16,2.220446049250313e-16
avg_links_len,Ridge,ja,regression,0.0036356449127197266,0.0019922907502216737,0.0019922907502216737,0.7858147330187124,0.016562350741117823,0.016562350741117823,0.0709794365154619,0.09456858067394534,0.09456858067394534,-1.2241452204480736,1191,46,92,,,,,,,,,,,,,0.003769954045613607,0.004724037476107898,0.004724037476107898,0.4921327482260322,0.02243750249877478,0.02243750249877478,-0.25857141539985373,0.11048101290574107,0.11048101290574107,-1.5983874882481561,1191.0,46.0,92.0,,,,,,,,,,,,,,,,,-0.015912432231795726,0.015912432231795726,0.3742422678000825,0.3742422678000825
avg_links_len,XGBRegressor,ja,regression,0.6943883895874023,0.0011255934336947759,0.0011255934336947759,0.8789907898325205,0.018588356838324018,0.018588356838324018,-0.042663931836643076,0.10520169874506868,0.10520169874506868,-1.4742240369832227,1191,46,92,,,,,,,,,,,,,0.5870623588562012,0.004242437307188125,0.004242437307188125,0.543908153370506,0.021801996974712787,0.021801996974712787,-0.22292444056578745,0.109063046839542,0.109063046839542,-1.5650385426848532,1191.0,46.0,92.0,,,,,,,,,,,,,,,,,-0.0038613480944733186,0.0038613480944733186,0.09081450570163052,0.09081450570163052
avg_subordinate_chain_len,DummyRegressor,ja,regression,0.008945941925048828,0.064482181996093,0.064482181996093,0.0,0.05827271889099494,0.05827271889099494,-0.0004468411630451641,0.0923712885164467,0.0923712885164467,-0.25532847022224847,1191,46,92,,,,,,,,,,,,,0.008965412775675455,0.064482181996093,0.064482181996093,0.0,0.05827271889099494,0.05827271889099494,-0.0004468411630451641,0.0923712885164467,0.0923712885164467,-0.25532847022224847,1191.0,46.0,92.0,,,,,,,,,,,,,,,,,0.0,0.0,0.0,0.0
avg_subordinate_chain_len,Ridge,ja,regression,0.0036520957946777344,0.013728244703509598,0.013728244703509598,0.7871001836702518,0.027816637163758758,0.027816637163758758,0.5224340426895453,0.07585486039946934,0.07585486039946934,-0.03086973661987691,1191,46,92,,,,,,,,,,,,,0.0036323070526123047,0.0326755605856154,0.0326755605856154,0.49326217609082734,0.06883576617017687,0.06883576617017687,-0.1817970078384931,0.10083210157659811,0.10083210157659811,-0.37031116328866825,1191.0,46.0,92.0,,,,,,,,,,,,,,,,,-0.024977241177128767,0.024977241177128767,0.33944142666879135,0.33944142666879135
avg_subordinate_chain_len,XGBRegressor,ja,regression,0.5355427265167236,0.009530590567430578,0.009530590567430578,0.8521980759272687,0.030029763759692095,0.030029763759692095,0.48443829520885606,0.08125793252759189,0.08125793252759189,-0.10429764239049844,1191,46,92,,,,,,,,,,,,,0.5269224643707275,0.032230940188353784,0.032230940188353784,0.5001574203815456,0.061074963622731425,0.061074963622731425,-0.04855677911318231,0.09432915990055278,0.09432915990055278,-0.2819359986975516,1191.0,46.0,92.0,,,,,,,,,,,,,,,,,-0.013071227372960889,0.013071227372960889,0.17763835630705316,0.17763835630705316
lang_norm_complexity_score,DummyRegressor,ko,regression,0.005279064178466797,0.022261538599786513,0.022261538599786513,0.0,0.05560317118973537,0.05560317118973537,-0.18026117226178262,0.03670295372973632,0.03670295372973632,-0.1396335206201602,739,72,110,,,,,,,,,,,,,0.0052721500396728516,0.022261538599786513,0.022261538599786513,0.0,0.055603171189735366,0.055603171189735366,-0.18026117226178248,0.036702953729736316,0.036702953729736316,-0.13963352062016013,739.0,72.0,110.0,,,,,,,,,,,,,,,,,6.938893903907228e-18,-6.938893903907228e-18,-8.326672684688674e-17,-8.326672684688674e-17
lang_norm_complexity_score,Ridge,ko,regression,0.003629922866821289,0.0037793934848166866,0.0037793934848166866,0.8302276606859091,0.029678211917681305,0.029678211917681305,0.3700351897363994,0.02288316669931346,0.02288316669931346,0.2894734298360253,739,72,110,,,,,,,,,,,,,0.0031006336212158203,0.010962727850692399,0.010962727850692399,0.5075485101107283,0.06060374748922298,0.06060374748922298,-0.28640594636249544,0.039217493754077536,0.039217493754077536,-0.21771045474872194,739.0,72.0,110.0,,,,,,,,,,,,,,,,,-0.016334327054764074,0.016334327054764074,0.5071838845847473,0.5071838845847473
lang_norm_complexity_score,XGBRegressor,ko,regression,0.44391727447509766,0.0012418914927805034,0.0012418914927805034,0.9442135822187774,0.044902277788442496,0.044902277788442496,0.046881429856382884,0.030775649193387152,0.030775649193387152,0.04441038457307933,739,72,110,,,,,,,,,,,,,0.5190293788909912,0.007517522409893244,0.007517522409893244,0.6623089470569955,0.05631431653446833,0.05631431653446833,-0.19535630479224478,0.038478505010609836,0.038478505010609836,-0.1947647172035054,739.0,72.0,110.0,,,,,,,,,,,,,,,,,-0.007702855817222683,0.007702855817222683,0.23917510177658474,0.23917510177658474
question_type,DummyClassifier,ko,classification,0.005377769470214844,0.5385656292286874,,,0.5,,,0.5,,,739,72,110,0.5385656292286874,0.29005293698649204,0.5385656292286874,0.3770433077097935,0.5,0.25,0.5,0.3333333333333333,0.5,0.25,0.5,0.3333333333333333,0.005427201588948567,0.5385656292286874,,,0.5,,,0.5,,,739.0,72.0,110.0,0.5385656292286874,0.29005293698649204,0.5385656292286874,0.3770433077097935,0.5,0.25,0.5,0.3333333333333333,0.5,0.25,0.5,0.3333333333333333,0.0,0.0,0.0,0.0,,,,
question_type,LogisticRegression,ko,classification,0.002750396728515625,0.9702300405953992,,,0.75,,,0.6636363636363637,,,739,72,110,0.9702300405953992,0.970256381319318,0.9702300405953992,0.970236070276219,0.75,0.7571428571428572,0.75,0.7482517482517483,0.6636363636363637,0.6767857142857142,0.6636363636363637,0.6572631578947369,0.003139336903889974,0.8362652232746955,,,0.5416666666666666,,,0.4636363636363636,,,739.0,72.0,110.0,0.8362652232746955,0.8468416016674843,0.8362652232746955,0.8334953553094232,0.5416666666666666,0.5569139692914202,0.5416666666666666,0.5212635676035555,0.4636363636363636,0.4528715370277037,0.4636363636363636,0.4404288476520195,0.20000000000000007,0.20000000000000007,0.21683431024271738,0.21683431024271738,,,,
question_type,XGBClassifier,ko,classification,0.43521928787231445,0.9945872801082544,,,0.75,,,0.7363636363636363,,,739,72,110,0.9945872801082544,0.9946500362809123,0.9945872801082544,0.9945893921481451,0.75,0.762987012987013,0.75,0.7468750000000001,0.7363636363636363,0.7503501400560225,0.7363636363636363,0.7326292850557372,0.45873816808064777,0.9368516012629681,,,0.5,,,0.4969696969696969,,,739.0,72.0,110.0,0.9368516012629681,0.9384391277108645,0.9368516012629681,0.9366230523918971,0.5,0.5069367025888766,0.5,0.4836378471311595,0.4969696969696969,0.4943841799809759,0.4969696969696969,0.48483887646248763,0.23939393939393944,0.23939393939393944,0.24779040859324958,0.24779040859324958,,,,
avg_verb_edges,DummyRegressor,ko,regression,0.0052945613861083984,0.03687679362632091,0.03687679362632091,0.0,0.030711333798126555,0.030711333798126555,-0.25003026319024024,0.04078962486303817,0.04078962486303817,-0.1756909631338921,739,72,110,,,,,,,,,,,,,0.005376895268758138,0.0368767936263209,0.0368767936263209,0.0,0.030711333798126544,0.030711333798126544,-0.25003026319023997,0.04078962486303817,0.04078962486303817,-0.1756909631338921,739.0,72.0,110.0,,,,,,,,,,,,,,,,,0.0,0.0,0.0,0.0
avg_verb_edges,Ridge,ko,regression,0.003665924072265625,0.008748288422168111,0.008748288422168111,0.7627698191221268,0.0301035075091119,0.0301035075091119,-0.22529017013452002,0.04511040808012657,0.04511040808012657,-0.300230127174957,739,72,110,,,,,,,,,,,,,0.003761768341064453,0.01753110923667756,0.01753110923667756,0.5246032121359735,0.035880487749329754,0.035880487749329754,-0.4604281220578214,0.04601805609038163,0.04601805609038163,-0.3263915240239463,739.0,72.0,110.0,,,,,,,,,,,,,,,,,-0.0009076480102550577,0.0009076480102550577,0.02616139684898927,0.02616139684898927
avg_verb_edges,XGBRegressor,ko,regression,0.4430665969848633,0.0043800782649095794,0.0043800782649095794,0.8812239938945428,0.025742748446190886,0.025742748446190886,-0.04779606209728127,0.04605309580968714,0.04605309580968714,-0.3274014838231982,739,72,110,,,,,,,,,,,,,0.5735789140065511,0.012715182611421077,0.012715182611421077,0.6551982599065885,0.03448434398391743,0.03448434398391743,-0.40360148046675365,0.043797676377341214,0.043797676377341214,-0.2623928877993471,739.0,72.0,110.0,,,,,,,,,,,,,,,,,0.0022554194323459245,-0.0022554194323459245,-0.06500859602385112,-0.06500859602385112
lexical_density,DummyRegressor,ko,regression,0.005839109420776367,0.03424589988299296,0.03424589988299296,0.0,0.04693720711219572,0.04693720711219572,-0.12953091206171452,0.10708370548052036,0.10708370548052036,-1.6787978800436734,739,72,110,,,,,,,,,,,,,0.00547035535176595,0.03424589988299296,0.03424589988299296,0.0,0.046937207112195733,0.046937207112195733,-0.12953091206171488,0.10708370548052042,0.10708370548052042,-1.6787978800436747,739.0,72.0,110.0,,,,,,,,,,,,,,,,,-5.551115123125783e-17,5.551115123125783e-17,1.3322676295501878e-15,1.3322676295501878e-15
lexical_density,Ridge,ko,regression,0.0031881332397460938,0.007547460879869866,0.007547460879869866,0.77960979545998,0.033746919691561975,0.033746919691561975,0.18788970789488757,0.06975756511766704,0.06975756511766704,-0.7450499748368149,739,72,110,,,,,,,,,,,,,0.0034678777058919272,0.016907770905617223,0.016907770905617223,0.5062833517768391,0.051972218341652575,0.051972218341652575,-0.2506970652300325,0.11135579269876045,0.11135579269876045,-1.785668090896295,739.0,72.0,110.0,,,,,,,,,,,,,,,,,-0.04159822758109341,0.04159822758109341,1.04061811605948,1.04061811605948
lexical_density,XGBRegressor,ko,regression,0.5117745399475098,0.0026021493048952004,0.0026021493048952004,0.9240157416278768,0.044541036884177994,0.044541036884177994,-0.07186773801221413,0.08271418168546732,0.08271418168546732,-1.069171715288502,739,72,110,,,,,,,,,,,,,0.4975840250651042,0.010782426007819895,0.010782426007819895,0.6851469505937962,0.05298808810319377,0.05298808810319377,-0.2751436901761383,0.11231635205637257,0.11231635205637257,-1.8096973711614937,739.0,72.0,110.0,,,,,,,,,,,,,,,,,-0.029602170370905248,0.029602170370905248,0.7405256558729916,0.7405256558729916
n_tokens,DummyRegressor,ko,regression,0.0068378448486328125,0.009909409123619126,0.009909409123619126,0.0,0.05325551917663648,0.05325551917663648,-0.23577291654337618,0.07863369397639315,0.07863369397639315,-0.8856740658273157,739,72,110,,,,,,,,,,,,,0.005299727121988933,0.009909409123619125,0.009909409123619125,0.0,0.05325551917663648,0.05325551917663648,-0.23577291654337618,0.07863369397639315,0.07863369397639315,-0.8856740658273156,739.0,72.0,110.0,,,,,,,,,,,,,,,,,0.0,0.0,-1.1102230246251565e-16,-1.1102230246251565e-16
n_tokens,Ridge,ko,regression,0.0030329227447509766,0.001607642609654942,0.001607642609654942,0.837766047440395,0.0367465058853563,0.0367465058853563,0.14731210111558013,0.05627266971266229,0.05627266971266229,-0.3494458739772508,739,72,110,,,,,,,,,,,,,0.003106832504272461,0.00501931225094085,0.00501931225094085,0.49348016735152295,0.05700533263548641,0.05700533263548641,-0.3227858306258948,0.08088652933693981,0.08088652933693981,-0.9396981488779849,739.0,72.0,110.0,,,,,,,,,,,,,,,,,-0.02461385962427752,0.02461385962427752,0.5902522749007341,0.5902522749007341
n_tokens,XGBRegressor,ko,regression,0.4237823486328125,0.0001495826871041241,0.0001495826871041241,0.9849049842187267,0.045965844684093086,0.045965844684093086,-0.06661895001413365,0.07748088336150688,0.07748088336150688,-0.8580291089472014,739,72,110,,,,,,,,,,,,,0.4239850838979085,0.0025372025787335807,0.0025372025787335807,0.7439602556436845,0.05453113741397906,0.05453113741397906,-0.2653731250086863,0.08270873211229542,0.08270873211229542,-0.9833954539695929,739.0,72.0,110.0,,,,,,,,,,,,,,,,,-0.005227848750788536,0.005227848750788536,0.12536634502239152,0.12536634502239152
avg_max_depth,DummyRegressor,ko,regression,0.005274057388305664,0.029207444412501993,0.029207444412501993,0.0,0.03422318816154703,0.03422318816154703,-0.02151213286332654,0.03713818351221199,0.03713818351221199,-0.06367543512446239,739,72,110,,,,,,,,,,,,,0.005429188410441081,0.029207444412501987,0.029207444412501987,0.0,0.03422318816154703,0.03422318816154703,-0.02151213286332654,0.03713818351221199,0.03713818351221199,-0.06367543512446239,739.0,72.0,110.0,,,,,,,,,,,,,,,,,0.0,0.0,0.0,0.0
avg_max_depth,Ridge,ko,regression,0.002986431121826172,0.005833002602980016,0.005833002602980016,0.8002905519360246,0.01972141883569669,0.01972141883569669,0.41134448015632097,0.025579213520089284,0.025579213520089284,0.2673852488726107,739,72,110,,,,,,,,,,,,,0.0031166871388753257,0.01403142856117949,0.01403142856117949,0.519594102003205,0.04003504866483478,0.04003504866483478,-0.19498767203849457,0.04056841192374525,0.04056841192374525,-0.16192067366754226,739.0,72.0,110.0,,,,,,,,,,,,,,,,,-0.014989198403655968,0.014989198403655968,0.429305922540153,0.429305922540153
avg_max_depth,XGBRegressor,ko,regression,0.5528914928436279,0.0015044532203927433,0.0015044532203927433,0.9484907614940534,0.029466214529665802,0.029466214529665802,0.12047657542824886,0.032289318246994034,0.032289318246994034,0.07520100909216554,739,72,110,,,,,,,,,,,,,0.5051392714182535,0.008668283706309638,0.008668283706309638,0.7032166325856549,0.03788516260928152,0.03788516260928152,-0.13081671637957978,0.03995069343432545,0.03995069343432545,-0.14422858641717964,739.0,72.0,110.0,,,,,,,,,,,,,,,,,-0.007661375187331419,0.007661375187331419,0.21942959550934518,0.21942959550934518
avg_links_len,DummyRegressor,ko,regression,0.005216121673583984,0.021805612375279473,0.021805612375279473,0.0,0.02059435787355529,0.02059435787355529,-0.023265409790715896,0.027203807172020318,0.027203807172020318,-0.18216445654284463,739,72,110,,,,,,,,,,,,,0.005225261052449544,0.021805612375279473,0.021805612375279473,0.0,0.02059435787355529,0.02059435787355529,-0.023265409790715896,0.02720380717202031,0.02720380717202031,-0.18216445654284433,739.0,72.0,110.0,,,,,,,,,,,,,,,,,6.938893903907228e-18,-6.938893903907228e-18,-3.0531133177191805e-16,-3.0531133177191805e-16
avg_links_len,Ridge,ko,regression,0.0029935836791992188,0.004358377345288723,0.004358377345288723,0.8001258909733846,0.013200946407260605,0.013200946407260605,0.34408871021921084,0.02197947057859157,0.02197947057859157,0.04486351019409651,739,72,110,,,,,,,,,,,,,0.0031665960947672525,0.010742739703791715,0.010742739703791715,0.5073406094308769,0.023435543684904858,0.023435543684904858,-0.16443451937851003,0.02856510334200583,0.02856510334200583,-0.24132073333927587,739.0,72.0,110.0,,,,,,,,,,,,,,,,,-0.00658563276341426,0.00658563276341426,0.28618424353337235,0.28618424353337235
avg_links_len,XGBRegressor,ko,regression,0.5013892650604248,0.0014487754501360066,0.0014487754501360066,0.933559515541125,0.015489499403284646,0.015489499403284646,0.2303780942494188,0.029543332902845113,0.029543332902845113,-0.28383052654032204,739,72,110,,,,,,,,,,,,,0.4432648817698161,0.007054030189304006,0.007054030189304006,0.6765039170694881,0.021734282833338777,0.021734282833338777,-0.07990450425849316,0.030721230798579347,0.030721230798579347,-0.33501707616436893,739.0,72.0,110.0,,,,,,,,,,,,,,,,,-0.001177897895734234,0.001177897895734234,0.051186549624046895,0.051186549624046895
avg_subordinate_chain_len,DummyRegressor,ko,regression,0.005411624908447266,0.06427882891886595,0.06427882891886595,0.0,0.07243360562105283,0.07243360562105283,-0.10464286025667979,0.05401108594151045,0.05401108594151045,-0.06888311102662614,739,72,110,,,,,,,,,,,,,0.005436023076375325,0.06427882891886595,0.06427882891886595,0.0,0.07243360562105283,0.07243360562105283,-0.10464286025667979,0.05401108594151046,0.05401108594151046,-0.06888311102662614,739.0,72.0,110.0,,,,,,,,,,,,,,,,,-6.938893903907228e-18,6.938893903907228e-18,0.0,0.0
avg_subordinate_chain_len,Ridge,ko,regression,0.0030426979064941406,0.014511939361553025,0.014511939361553025,0.7742345402734345,0.04285553044799126,0.04285553044799126,0.34643518949542806,0.04421594144677074,0.04421594144677074,0.12496347320666845,739,72,110,,,,,,,,,,,,,0.0030482610066731772,0.03188699109190409,0.03188699109190409,0.5039270063219026,0.08123272023382093,0.08123272023382093,-0.23883304794974416,0.06452143651536278,0.06452143651536278,-0.2768836728284314,739.0,72.0,110.0,,,,,,,,,,,,,,,,,-0.02030549506859204,0.02030549506859204,0.40184714603509986,0.40184714603509986
avg_subordinate_chain_len,XGBRegressor,ko,regression,0.4121367931365967,0.004870504322804889,0.004870504322804889,0.9242284838612642,0.056347521031079886,0.056347521031079886,0.14067667532963024,0.06307287154059908,0.06307287154059908,-0.2482164722017608,739,72,110,,,,,,,,,,,,,0.46698538462320965,0.02223412324862851,0.02223412324862851,0.6540988125858225,0.08302666736496671,0.08302666736496671,-0.2661914939791406,0.06409219343684806,0.06409219343684806,-0.2683889227386753,739.0,72.0,110.0,,,,,,,,,,,,,,,,,-0.0010193218962489814,0.0010193218962489814,0.02017245053691452,0.02017245053691452
lang_norm_complexity_score,DummyRegressor,ru,regression,0.009230375289916992,0.019937197409297187,0.019937197409297187,0.0,0.05951573909938417,0.05951573909938417,-0.27938139357749536,0.05642404016160833,0.05642404016160833,-0.4271931133613931,1194,72,110,,,,,,,,,,,,,0.009361664454142252,0.019937197409297187,0.019937197409297187,0.0,0.05951573909938417,0.05951573909938417,-0.27938139357749536,0.056424040161608326,0.056424040161608326,-0.4271931133613931,1194.0,72.0,110.0,,,,,,,,,,,,,,,,,6.938893903907228e-18,-6.938893903907228e-18,0.0,0.0
lang_norm_complexity_score,Ridge,ru,regression,0.0038661956787109375,0.0037134484251506927,0.0037134484251506927,0.8137427067146847,0.030780621830328703,0.030780621830328703,0.3383236863326581,0.032490869184448136,0.032490869184448136,0.17817397310869,1194,72,110,,,,,,,,,,,,,0.003561258316040039,0.009857593116507706,0.009857593116507706,0.5055677629037832,0.06450837505071043,0.06450837505071043,-0.38670570203255056,0.061117307585021576,0.061117307585021576,-0.5459049058291771,1194.0,72.0,110.0,,,,,,,,,,,,,,,,,-0.02862643840057344,0.02862643840057344,0.724078878937867,0.724078878937867
lang_norm_complexity_score,XGBRegressor,ru,regression,0.542388916015625,0.0027404192586020703,0.0027404192586020703,0.862547418157973,0.032076510334135944,0.032076510334135944,0.31046659062973136,0.03895303947511962,0.03895303947511962,0.014719443624460982,1194,72,110,,,,,,,,,,,,,0.4589239756266276,0.009636120201368212,0.009636120201368212,0.5166762908775402,0.06356000003116728,0.06356000003116728,-0.36631893758170353,0.06131816966886385,0.06131816966886385,-0.5509855236292146,1194.0,72.0,110.0,,,,,,,,,,,,,,,,,-0.022365130193744233,0.022365130193744233,0.5657049672536756,0.5657049672536756
question_type,DummyClassifier,ru,classification,0.009411096572875977,0.5,,,0.5,,,0.5,,,1194,72,110,0.5,0.25,0.5,0.3333333333333333,0.5,0.25,0.5,0.3333333333333333,0.5,0.25,0.5,0.3333333333333333,0.009268522262573242,0.5,,,0.5,,,0.5,,,1194.0,72.0,110.0,0.5,0.25,0.5,0.3333333333333333,0.5,0.25,0.5,0.3333333333333333,0.5,0.25,0.5,0.3333333333333333,0.0,0.0,0.0,0.0,,,,
question_type,LogisticRegression,ru,classification,0.0030672550201416016,0.981574539363484,,,0.9305555555555556,,,0.8636363636363636,,,1194,72,110,0.981574539363484,0.9815799441646441,0.981574539363484,0.9815744876658213,0.9305555555555556,0.9335664335664335,0.9305555555555556,0.9304347826086956,0.8636363636363636,0.8928571428571429,0.8636363636363636,0.8610526315789473,0.0030700365702311196,0.8414293690675599,,,0.5,,,0.4666666666666666,,,1194.0,72.0,110.0,0.8414293690675599,0.8414741412799431,0.8414293690675599,0.8414234886713473,0.5,0.4998258513931888,0.5,0.4987962752668635,0.4666666666666666,0.4677771992749431,0.4666666666666666,0.46423262105982804,0.39696969696969703,0.39696969696969703,0.39682001051911925,0.39682001051911925,,,,
question_type,XGBClassifier,ru,classification,0.3721601963043213,0.9715242881072027,,,0.8611111111111112,,,0.7727272727272727,,,1194,72,110,0.9715242881072027,0.9730586370839935,0.9715242881072027,0.9715011793777377,0.8611111111111112,0.891304347826087,0.8611111111111112,0.8583792289535799,0.7727272727272727,0.84375,0.7727272727272727,0.7603485838779956,0.36130762100219727,0.8796761585706309,,,0.5,,,0.48787878787878786,,,1194.0,72.0,110.0,0.8796761585706309,0.8830054114473186,0.8796761585706309,0.8794087541015827,0.5,0.4997782896926601,0.5,0.49793701991830774,0.48787878787878786,0.48178128682630833,0.48787878787878786,0.4795082390541007,0.28484848484848485,0.28484848484848485,0.2808403448238949,0.2808403448238949,,,,
avg_verb_edges,DummyRegressor,ru,regression,0.009419679641723633,0.051826747787654066,0.051826747787654066,0.0,0.048883005376313925,0.048883005376313925,-0.004317869396176732,0.04437463194433922,0.04437463194433922,-0.08423041640646156,1194,72,110,,,,,,,,,,,,,0.009245157241821289,0.05182674778765408,0.05182674778765408,0.0,0.048883005376313925,0.048883005376313925,-0.004317869396176732,0.04437463194433922,0.04437463194433922,-0.08423041640646156,1194.0,72.0,110.0,,,,,,,,,,,,,,,,,0.0,0.0,0.0,0.0
avg_verb_edges,Ridge,ru,regression,0.003825664520263672,0.012232931505972336,0.012232931505972336,0.7639649017512458,0.04067723014719387,0.04067723014719387,0.16427255648723305,0.04668776948673784,0.04668776948673784,-0.14074861094486635,1194,72,110,,,,,,,,,,,,,0.0034137566884358725,0.025708443203496554,0.025708443203496554,0.5039541491426421,0.05515868092252108,0.05515868092252108,-0.13325374486185435,0.05190379025402445,0.05190379025402445,-0.2681945889891162,1194.0,72.0,110.0,,,,,,,,,,,,,,,,,-0.005216020767286611,0.005216020767286611,0.12744597804424984,0.12744597804424984
avg_verb_edges,XGBRegressor,ru,regression,0.7614419460296631,0.00893788881680328,0.00893788881680328,0.8275429349064342,0.030241327225491103,0.030241327225491103,0.378681709665617,0.044115895196855784,0.044115895196855784,-0.0779085554879193,1194,72,110,,,,,,,,,,,,,0.5069104035695394,0.025922530342234917,0.025922530342234917,0.49982332581536104,0.050838526320912014,0.050838526320912014,-0.04449470822838945,0.048006597224992544,0.048006597224992544,-0.17297227309512117,1194.0,72.0,110.0,,,,,,,,,,,,,,,,,-0.0038907020281367596,0.0038907020281367596,0.09506371760720186,0.09506371760720186
lexical_density,DummyRegressor,ru,regression,0.009279251098632812,0.0235985554103572,0.0235985554103572,0.0,0.056837544487279144,0.056837544487279144,-0.2947112576047186,0.07128901689054123,0.07128901689054123,-0.7733627706830648,1194,72,110,,,,,,,,,,,,,0.009479045867919922,0.023598555410357203,0.023598555410357203,0.0,0.056837544487279144,0.056837544487279144,-0.2947112576047186,0.07128901689054123,0.07128901689054123,-0.7733627706830649,1194.0,72.0,110.0,,,,,,,,,,,,,,,,,0.0,0.0,1.1102230246251565e-16,1.1102230246251565e-16
lexical_density,Ridge,ru,regression,0.003668069839477539,0.004172278461137153,0.004172278461137153,0.8231977174625708,0.03735199292694898,0.03735199292694898,0.14915314915977473,0.049758849047316055,0.049758849047316055,-0.23778520537090886,1194,72,110,,,,,,,,,,,,,0.0034394264221191406,0.011602176477277385,0.011602176477277385,0.5083522581985976,0.06199476222422398,0.06199476222422398,-0.4121883217913254,0.07454202876016987,0.07454202876016987,-0.8542836529424879,1194.0,72.0,110.0,,,,,,,,,,,,,,,,,-0.024783179712853813,0.024783179712853813,0.616498447571579,0.616498447571579
lexical_density,XGBRegressor,ru,regression,0.5447216033935547,0.00416178798103648,0.00416178798103648,0.8236422565421142,0.04788938743252501,0.04788938743252501,-0.090879797640818,0.06142088928140789,0.06142088928140789,-0.5278863862176106,1194,72,110,,,,,,,,,,,,,0.43761618932088214,0.011961827339586853,0.011961827339586853,0.4931118819952467,0.05804028810919576,0.05804028810919576,-0.3221087414572492,0.07117521615423734,0.07117521615423734,-0.7705318999846024,1194.0,72.0,110.0,,,,,,,,,,,,,,,,,-0.009754326872829455,0.009754326872829455,0.24264551376699173,0.24264551376699173
n_tokens,DummyRegressor,ru,regression,0.009091377258300781,0.014568316505054586,0.014568316505054586,0.0,0.02029811104938428,0.02029811104938428,-0.031299160718401664,0.011949370947358994,0.011949370947358994,-0.050449761491098144,1194,72,110,,,,,,,,,,,,,0.009327570597330729,0.014568316505054586,0.014568316505054586,0.0,0.02029811104938428,0.02029811104938428,-0.031299160718401664,0.011949370947358992,0.011949370947358992,-0.050449761491098144,1194.0,72.0,110.0,,,,,,,,,,,,,,,,,1.734723475976807e-18,-1.734723475976807e-18,0.0,0.0
n_tokens,Ridge,ru,regression,0.003396272659301758,0.003026334975478547,0.003026334975478547,0.792265978403988,0.010728799011164691,0.010728799011164691,0.45489502009270977,0.01298312918388097,0.01298312918388097,-0.1413257664103338,1194,72,110,,,,,,,,,,,,,0.003194014231363932,0.007261269800724492,0.007261269800724492,0.5015711116514293,0.02413386035504596,0.02413386035504596,-0.22618453847748543,0.014155387423034895,0.014155387423034895,-0.2443770812577796,1194.0,72.0,110.0,,,,,,,,,,,,,,,,,-0.0011722582391539248,0.0011722582391539248,0.10305131484744581,0.10305131484744581
n_tokens,XGBRegressor,ru,regression,0.576728105545044,0.0013293339722178547,0.0013293339722178547,0.9087517097973103,0.007151856247705988,0.007151856247705988,0.636631047692412,0.007083007769273726,0.007083007769273726,0.3773443091983333,1194,72,110,,,,,,,,,,,,,0.4771849314371745,0.00659917358823096,0.00659917358823096,0.5470187934246673,0.023829780038235684,0.023829780038235684,-0.21073493458309045,0.013400370565369668,0.013400370565369668,-0.17800477751475405,1194.0,72.0,110.0,,,,,,,,,,,,,,,,,-0.006317362796095942,0.006317362796095942,0.5553490867130874,0.5553490867130874
avg_max_depth,DummyRegressor,ru,regression,0.00933384895324707,0.0213245005211709,0.0213245005211709,0.0,0.038035144928298674,0.038035144928298674,-0.05585076556281998,0.02456588892606528,0.02456588892606528,-0.00713771953755904,1194,72,110,,,,,,,,,,,,,0.009473005930582682,0.021324500521170905,0.021324500521170905,0.0,0.038035144928298674,0.038035144928298674,-0.05585076556281998,0.024565888926065278,0.024565888926065278,-0.00713771953755904,1194.0,72.0,110.0,,,,,,,,,,,,,,,,,3.469446951953614e-18,-3.469446951953614e-18,0.0,0.0
avg_max_depth,Ridge,ru,regression,0.0034227371215820312,0.00609599846087731,0.00609599846087731,0.7141317117920196,0.019206111627845773,0.019206111627845773,0.4668407941135979,0.019399009863624552,0.019399009863624552,0.2046909186091984,1194,72,110,,,,,,,,,,,,,0.0035514036814371743,0.01052997591811436,0.01052997591811436,0.506202928051692,0.042960694602906434,0.042960694602906434,-0.19258339546488057,0.02735831446478459,0.02735831446478459,-0.12161992278729324,1194.0,72.0,110.0,,,,,,,,,,,,,,,,,-0.007959304601160039,0.007959304601160039,0.32631084139649164,0.32631084139649164
avg_max_depth,XGBRegressor,ru,regression,0.40973496437072754,0.004818392417123253,0.004818392417123253,0.7740443011858793,0.01961806377958742,0.01961806377958742,0.4554050549935912,0.01731582448491832,0.01731582448491832,0.2900961151399891,1194,72,110,,,,,,,,,,,,,0.3988337516784668,0.009855148041733416,0.009855148041733416,0.5378485872647167,0.040668715967709664,0.040668715967709664,-0.12895836127115956,0.026495683215675195,0.026495683215675195,-0.08625427932759104,1194.0,72.0,110.0,,,,,,,,,,,,,,,,,-0.009179858730756874,0.009179858730756874,0.3763503944675802,0.3763503944675802
avg_links_len,DummyRegressor,ru,regression,0.009125471115112305,0.03333869001975259,0.03333869001975259,0.0,0.029881297696606985,0.029881297696606985,-0.001219235532070373,0.016989495620570238,0.016989495620570238,-0.008575038615093566,1194,72,110,,,,,,,,,,,,,0.009413878122965494,0.03333869001975259,0.03333869001975259,0.0,0.029881297696606992,0.029881297696606992,-0.001219235532070595,0.01698949562057024,0.01698949562057024,-0.008575038615093566,1194.0,72.0,110.0,,,,,,,,,,,,,,,,,-3.469446951953614e-18,3.469446951953614e-18,0.0,0.0
avg_links_len,Ridge,ru,regression,0.0031976699829101562,0.005752479893401509,0.005752479893401509,0.827453331549822,0.02446348327984107,0.02446348327984107,0.18031304140197124,0.0220212725239988,0.0220212725239988,-0.3072845882107549,1194,72,110,,,,,,,,,,,,,0.0032416979471842446,0.016534048873034665,0.016534048873034665,0.5040582319449706,0.03405375798173501,0.03405375798173501,-0.14102399031145066,0.021441524533390228,0.021441524533390228,-0.2728680660800387,1194.0,72.0,110.0,,,,,,,,,,,,,,,,,0.0005797479906085728,-0.0005797479906085728,-0.034416522130716165,-0.034416522130716165
avg_links_len,XGBRegressor,ru,regression,0.4436030387878418,0.004141544425686602,0.004141544425686602,0.8757736304805974,0.012455907084482744,0.012455907084482744,0.5826455097229462,0.019714823652610573,0.019714823652610573,-0.17036311558577522,1194,72,110,,,,,,,,,,,,,0.48857633272806805,0.0161804162902895,0.0161804162902895,0.5146655048322869,0.0329314711011629,0.0329314711011629,-0.10342002732353572,0.01904740809944594,0.01904740809944594,-0.1307422414681044,1194.0,72.0,110.0,,,,,,,,,,,,,,,,,0.0006674155531646332,-0.0006674155531646332,-0.03962087411767082,-0.03962087411767082
avg_subordinate_chain_len,DummyRegressor,ru,regression,0.009547233581542969,0.013649601168881819,0.013649601168881819,0.0,0.06381058757576735,0.06381058757576735,-0.17346330873018267,0.053977569548340654,0.053977569548340654,-0.42923080564616756,1194,72,110,,,,,,,,,,,,,0.009281794230143229,0.013649601168881817,0.013649601168881817,0.0,0.06381058757576735,0.06381058757576735,-0.17346330873018267,0.053977569548340654,0.053977569548340654,-0.42923080564616756,1194.0,72.0,110.0,,,,,,,,,,,,,,,,,0.0,0.0,0.0,0.0
avg_subordinate_chain_len,Ridge,ru,regression,0.0036211013793945312,0.0033651639705066985,0.0033651639705066985,0.7534606375035664,0.04021107386544985,0.04021107386544985,0.2605267937751454,0.03519181034683179,0.03519181034683179,0.06818295312268752,1194,72,110,,,,,,,,,,,,,0.003450632095336914,0.006702494430158673,0.006702494430158673,0.5089604196319719,0.0697051121621773,0.0697051121621773,-0.28186237834142713,0.06031352105181215,0.06031352105181215,-0.5969956225435226,1194.0,72.0,110.0,,,,,,,,,,,,,,,,,-0.025121710704980357,0.025121710704980357,0.6651785756662101,0.6651785756662101
avg_subordinate_chain_len,XGBRegressor,ru,regression,0.42501044273376465,0.0005684342830882868,0.0005684342830882868,0.9583552459844618,0.0529528745062378,0.0529528745062378,0.026207755083241024,0.04633715242822043,0.04633715242822043,-0.2269260407700342,1194,72,110,,,,,,,,,,,,,0.44652946790059406,0.003496874443658709,0.003496874443658709,0.743811236651307,0.06600362126278454,0.06600362126278454,-0.21379273781541527,0.059816646092439335,0.059816646092439335,-0.5838392502868238,1194.0,72.0,110.0,,,,,,,,,,,,,,,,,-0.013479493664218904,0.013479493664218904,0.3569132095167896,0.3569132095167896
