Filename	n_sentences	n_tokens	tokens_per_sent	char_per_tok	upos_dist_ADJ	upos_dist_ADP	upos_dist_ADV	upos_dist_AUX	upos_dist_CCONJ	upos_dist_INTJ	upos_dist_NOUN	upos_dist_NUM	upos_dist_PRON	upos_dist_PROPN	upos_dist_PUNCT	upos_dist_SCONJ	upos_dist_SYM	upos_dist_VERB	lexical_density	verbs_tense_dist_Past	verbs_tense_dist_Pres	verbs_mood_dist_Cnd	verbs_mood_dist_Imp	verbs_mood_dist_Ind	verbs_form_dist_Fin	verbs_form_dist_Inf	verbs_form_dist_Part	verbs_num_pers_dist_+	verbs_num_pers_dist_Plur+1	verbs_num_pers_dist_Plur+2	verbs_num_pers_dist_Plur+3	verbs_num_pers_dist_Sing+	verbs_num_pers_dist_Sing+1	verbs_num_pers_dist_Sing+2	verbs_num_pers_dist_Sing+3	aux_tense_dist_Past	aux_tense_dist_Pres	aux_mood_dist_Cnd	aux_mood_dist_Ind	aux_mood_dist_Pot	aux_form_dist_Fin	aux_form_dist_Inf	aux_form_dist_Part	aux_num_pers_dist_+	aux_num_pers_dist_Plur+1	aux_num_pers_dist_Plur+2	aux_num_pers_dist_Plur+3	aux_num_pers_dist_Sing+	aux_num_pers_dist_Sing+1	aux_num_pers_dist_Sing+2	aux_num_pers_dist_Sing+3	verbal_head_per_sent	verbal_root_perc	avg_verb_edges	verb_edges_dist_0	verb_edges_dist_1	verb_edges_dist_2	verb_edges_dist_3	verb_edges_dist_4	verb_edges_dist_5	verb_edges_dist_6	avg_max_depth	avg_token_per_clause	avg_max_links_len	avg_links_len	max_links_len	avg_prepositional_chain_len	n_prepositional_chains	prep_dist_1	obj_pre	obj_post	subj_pre	subj_post	dep_dist_acl	dep_dist_acl:relcl	dep_dist_advcl	dep_dist_advmod	dep_dist_amod	dep_dist_appos	dep_dist_aux	dep_dist_aux:pass	dep_dist_case	dep_dist_cc	dep_dist_ccomp	dep_dist_compound:nn	dep_dist_compound:prt	dep_dist_conj	dep_dist_cop	dep_dist_cop:own	dep_dist_csubj:cop	dep_dist_det	dep_dist_discourse	dep_dist_fixed	dep_dist_flat:name	dep_dist_mark	dep_dist_nmod	dep_dist_nmod:gobj	dep_dist_nmod:poss	dep_dist_nsubj	dep_dist_nsubj:cop	dep_dist_nummod	dep_dist_obj	dep_dist_obl	dep_dist_parataxis	dep_dist_punct	dep_dist_root	dep_dist_vocative	dep_dist_xcomp	dep_dist_xcomp:ds	principal_proposition_dist	subordinate_proposition_dist	subordinate_post	subordinate_pre	avg_subordinate_chain_len	subordinate_dist_1	subordinate_dist_2	subordinate_dist_3
100_1.conllu	1	4	4.0	10.0	50.0	0	0	0	0	0	0	0	0	0	50.0	0	0	0	1.0	0	0	0	0	0	0	0	0	0	0	0	0	0	0	0	0	0	0	0	0	0	0	0	0	0	0	0	0	0	0	0	0	0.0	0.0	0	0	0	0	0	0	0	0	1.0	0	1.0	1.0	1	0	0	0	0	0	0	0	0	0	0	0	25.0	0	0	0	0	0	0	0	0	0	0	0	0	0	0	0	0	0	0	0	0	0	0	0	0	0	0	50.0	25.0	0	0	0	0	0	0	0	0	0	0	0
43_1.conllu	1	9	9.0	5.0	0	0	22.22222222222222	11.11111111111111	11.11111111111111	0	11.11111111111111	0	0	11.11111111111111	22.22222222222222	11.11111111111111	0	0	0.5714285714285714	0	0	0	0	0	0	0	0	0	0	0	0	0	0	0	0	0	100.0	0	100.0	0	100.0	0	0	0	0	0	0	0	0	0	100.0	1.0	100.0	0	0	0	0	0	0	0	0	2.0	9.0	5.0	2.3333333333333335	5	0	0	0	0	0	100.0	0.0	0	0	0	11.11111111111111	0	0	0	0	0	11.11111111111111	0	0	0	0	11.11111111111111	0	0	0	0	0	0	11.11111111111111	0	0	11.11111111111111	0	11.11111111111111	0	0	0	0	22.22222222222222	11.11111111111111	0	0	0	100.0	0.0	0	0	0	0	0	0
32_1.conllu	1	5	5.0	7.0	0	0	20.0	0	0	0	0	0	0	0	60.0	0	0	20.0	1.0	0	0	0	0	0	100.0	0	0	0	0	0	0	100.0	0	0	0	0	0	0	0	0	0	0	0	0	0	0	0	0	0	0	0	1.0	100.0	1.0	0	100.0	0	0	0	0	0	1.0	5.0	1.0	1.0	1	0	0	0	0	0	0	0	0	0	0	20.0	0	0	0	0	0	0	0	0	0	0	0	0	0	0	0	0	0	0	0	0	0	0	0	0	0	0	0	60.0	20.0	0	0	0	100.0	0.0	0	0	0	0	0	0
32_2.conllu	1	5	5.0	5.75	0	20.0	0	0	0	0	20.0	20.0	0	0	20.0	0	0	20.0	0.5	100.0	0	0	0	100.0	100.0	0	0	0	0	0	0	0	0	100.0	0	0	0	0	0	0	0	0	0	0	0	0	0	0	0	0	0	1.0	100.0	1.0	0	100.0	0	0	0	0	0	2.0	5.0	2.0	1.3333333333333333	2	0	0	0	0	0	0	0	0	0	0	0	0	0	0	0	20.0	0	0	0	0	0	0	0	0	0	0	0	0	0	0	0	0	0	0	20.0	0	20.0	0	20.0	20.0	0	0	0	100.0	0.0	0	0	0	0	0	0
112_1.conllu	1	7	7.0	8.333333333333334	0	0	0	14.285714285714286	14.285714285714286	0	28.571428571428573	0	0	14.285714285714286	14.285714285714286	0	0	14.285714285714286	0.6666666666666666	0	0	0	0	0	0	0	100.0	0	0	0	0	0	0	0	0	0	100.0	0	100.0	0	100.0	0	0	0	0	0	0	0	0	0	100.0	1.0	100.0	3.0	0	0	0	100.0	0	0	0	3.0	7.0	2.0	1.4	2	0	0	0	0.0	100.0	0	0	0	0	0	0	0	0	0	14.285714285714286	0	14.285714285714286	0	0	0	14.285714285714286	0	0	0	0	0	0	0	0	0	0	0	0	0	0	14.285714285714286	14.285714285714286	0	14.285714285714286	14.285714285714286	0	0	0	100.0	0.0	0	0	0	0	0	0
28_1.conllu	1	14	14.0	9.923076923076923	14.285714285714286	7.142857142857143	0	0	0	0	50.0	0	7.142857142857143	0	7.142857142857143	0	0	14.285714285714286	0.8461538461538461	0	0	0	0	0	0	0	100.0	0	0	0	0	0	0	0	0	0	0	0	0	0	0	0	0	0	0	0	0	0	0	0	0	2.0	0.0	1.0	0	100.0	0	0	0	0	0	6.0	7.0	11.0	2.8333333333333335	11	1.0	1	100.0	100.0	0.0	0	0	14.285714285714286	0	0	0	14.285714285714286	0	0	0	7.142857142857143	0	0	0	0	0	0	0	0	7.142857142857143	0	0	0	0	21.428571428571427	0	7.142857142857143	0	0	0	7.142857142857143	7.142857142857143	0	7.142857142857143	7.142857142857143	0	0	0	0.0	100.0	100.0	0.0	1.0	100.0	0	0
113_1.conllu	1	4	4.0	8.333333333333334	0	0	0	0	0	0	25.0	0	25.0	0	25.0	25.0	0	0	0.3333333333333333	0	0	0	0	0	0	0	0	0	0	0	0	0	0	0	0	0	0	0	0	0	0	0	0	0	0	0	0	0	0	0	0	0.0	0.0	0	0	0	0	0	0	0	0	1.0	0	2.0	1.5	2	0	0	0	0	0	0	0	0	0	0	0	0	0	0	0	0	0	0	0	0	0	0	0	0	25.0	0	0	0	25.0	0	0	0	0	0	0	0	0	0	25.0	25.0	0	0	0	0	0	0	0	0	0	0	0
115_1.conllu	1	8	8.0	4.571428571428571	0	0	12.5	12.5	0	0	25.0	0	12.5	12.5	12.5	0	0	12.5	0.7142857142857143	0	100.0	0	0	100.0	100.0	0	0	100.0	0	0	0	0	0	0	0	0	0	0	0	0	100.0	0	0	0	0	0	100.0	0	0	0	0	1.0	100.0	5.0	0	0	0	0	0	100.0	0	1.0	8.0	3.0	2.0	3	0	0	0	0.0	100.0	100.0	0.0	0	0	0	12.5	0	0	12.5	0	0	0	0	0	0	0	0	0	0	0	0	0	0	0	0	0	0	12.5	0	0	12.5	12.5	0	12.5	12.5	0	0	12.5	100.0	0.0	0	0	0	0	0	0
121_1.conllu	1	6	6.0	4.6	0	0	0	16.666666666666668	16.666666666666668	0	50.0	0	0	0	16.666666666666668	0	0	0	0.6	0	0	0	0	0	0	0	0	0	0	0	0	0	0	0	0	0	100.0	0	100.0	0	100.0	0	0	0	0	0	0	0	0	0	100.0	1.0	100.0	0	0	0	0	0	0	0	0	2.0	6.0	2.0	1.5	2	0	0	0	0	0	100.0	0.0	0	0	0	0	0	0	0	0	0	16.666666666666668	0	0	0	16.666666666666668	16.666666666666668	0	0	0	0	0	0	0	0	0	0	0	16.666666666666668	0	0	0	0	16.666666666666668	16.666666666666668	0	0	0	100.0	0.0	0	0	0	0	0	0
123_1.conllu	1	6	6.0	7.6	0	0	16.666666666666668	0	0	0	16.666666666666668	0	0	16.666666666666668	16.666666666666668	0	0	33.333333333333336	1.0	0	100.0	0	0	100.0	50.0	50.0	0	0	0	0	0	0	0	0	100.0	0	0	0	0	0	0	0	0	0	0	0	0	0	0	0	0	2.0	100.0	1.5	0	50.0	50.0	0	0	0	0	2.0	3.0	2.0	1.25	2	0	0	0	0.0	100.0	0	0	0	0	0	16.666666666666668	0	0	0	0	0	0	0	0	0	0	0	0	0	0	0	0	0	0	0	0	0	0	0	0	16.666666666666668	16.666666666666668	0	16.666666666666668	16.666666666666668	0	16.666666666666668	0	50.0	50.0	100.0	0.0	1.0	100.0	0	0
126_1.conllu	1	11	11.0	6.555555555555555	9.090909090909092	0	0	18.181818181818183	0	0	27.272727272727273	0	9.090909090909092	0	18.181818181818183	9.090909090909092	0	9.090909090909092	0.5555555555555556	0	0	0	0	0	0	0	100.0	0	0	0	0	0	0	0	0	0	100.0	0	100.0	0	100.0	0	0	0	0	0	0	0	0	0	100.0	1.0	100.0	4.0	0	0	0	0	100.0	0	0	3.0	11.0	4.0	1.75	4	0	0	0	0.0	100.0	0.0	100.0	0	0	9.090909090909092	0	9.090909090909092	0	0	9.090909090909092	0	0	0	0	0	0	0	9.090909090909092	0	0	0	0	0	9.090909090909092	0	0	0	0	9.090909090909092	0	9.090909090909092	9.090909090909092	0	18.181818181818183	9.090909090909092	0	0	0	100.0	0.0	0	0	0	0	0	0
20_1.conllu	1	11	11.0	6.9	18.181818181818183	0	0	9.090909090909092	9.090909090909092	0	36.36363636363637	0	9.090909090909092	0	9.090909090909092	0	0	9.090909090909092	0.7	0	0	0	0	0	0	0	100.0	0	0	0	0	0	0	0	0	0	100.0	0	100.0	0	100.0	0	0	0	0	0	0	0	0	0	100.0	2.0	0.0	1.0	0	100.0	0	0	0	0	0	3.0	5.5	5.0	2.111111111111111	5	0	0	0	0	0	100.0	0.0	9.090909090909092	0	0	0	18.181818181818183	0	0	0	0	9.090909090909092	0	0	0	9.090909090909092	9.090909090909092	0	0	0	0	0	0	0	0	0	9.090909090909092	0	9.090909090909092	0	0	9.090909090909092	0	9.090909090909092	9.090909090909092	0	0	0	0.0	100.0	0.0	100.0	1.0	100.0	0	0
7_1.conllu	1	13	13.0	7.5	23.076923076923077	0	7.6923076923076925	7.6923076923076925	7.6923076923076925	0	23.076923076923077	0	7.6923076923076925	0	7.6923076923076925	0	0	15.384615384615385	0.75	0	100.0	0	0	100.0	50.0	50.0	0	0	0	0	0	0	0	0	100.0	0	100.0	0	100.0	0	100.0	0	0	0	0	0	0	0	0	0	100.0	2.0	100.0	2.5	0	50.0	0	0	50.0	0	0	5.0	6.5	7.0	2.1818181818181817	7	0	0	0	0	0	100.0	0.0	0	0	7.6923076923076925	7.6923076923076925	7.6923076923076925	0	7.6923076923076925	0	0	7.6923076923076925	0	0	0	7.6923076923076925	0	0	0	7.6923076923076925	0	0	0	0	0	0	7.6923076923076925	15.384615384615385	0	0	0	7.6923076923076925	0	7.6923076923076925	7.6923076923076925	0	0	0	50.0	50.0	100.0	0.0	1.0	100.0	0	0
147_1.conllu	1	10	10.0	8.25	30.0	0	10.0	10.0	0	0	30.0	0	0	0	20.0	0	0	0	0.875	0	0	0	0	0	0	0	0	0	0	0	0	0	0	0	0	0	100.0	0	100.0	0	100.0	0	0	0	0	0	0	0	0	0	100.0	1.0	100.0	0	0	0	0	0	0	0	0	3.0	10.0	8.0	3.142857142857143	8	0	0	0	100.0	0.0	100.0	0.0	0	0	0	10.0	20.0	0	0	0	0	0	0	0	0	0	10.0	0	0	0	0	0	0	0	10.0	10.0	0	0	10.0	0	0	0	0	20.0	10.0	0	0	0	100.0	0.0	0	0	0	0	0	0
38_1.conllu	1	6	6.0	6.6	16.666666666666668	0	33.333333333333336	33.333333333333336	0	0	0	0	0	0	16.666666666666668	0	0	0	0.6	0	0	0	0	0	0	0	0	0	0	0	0	0	0	0	0	0	100.0	0	100.0	0	50.0	50.0	0	0	0	0	0	0	0	0	100.0	1.0	100.0	0	0	0	0	0	0	0	0	2.0	6.0	4.0	2.0	4	0	0	0	0	0	0	0	0	0	0	16.666666666666668	0	0	16.666666666666668	0	0	0	0	0	16.666666666666668	0	16.666666666666668	0	0	0	0	0	0	0	0	0	0	0	0	0	0	0	0	16.666666666666668	16.666666666666668	0	0	0	100.0	0.0	0	0	0	0	0	0
40_1.conllu	1	5	5.0	7.0	0	0	40.0	0	0	0	0	0	0	20.0	20.0	0	0	20.0	1.0	0	100.0	0	0	100.0	100.0	0	0	0	0	100.0	0	0	0	0	0	0	0	0	0	0	0	0	0	0	0	0	0	0	0	0	0	1.0	100.0	3.0	0	0	0	100.0	0	0	0	1.0	5.0	3.0	2.0	3	0	0	0	0	0	0	0	0	0	0	40.0	0	0	0	0	0	0	0	0	0	0	0	0	0	0	0	0	0	0	0	0	0	0	0	0	0	20.0	0	20.0	20.0	0	0	0	100.0	0.0	0	0	0	0	0	0
39_1.conllu	1	6	6.0	7.5	0	0	0	0	16.666666666666668	0	50.0	0	0	0	33.333333333333336	0	0	0	0.75	0	0	0	0	0	0	0	0	0	0	0	0	0	0	0	0	0	0	0	0	0	0	0	0	0	0	0	0	0	0	0	0	0.0	0.0	0	0	0	0	0	0	0	0	2.0	0	4.0	2.3333333333333335	4	0	0	0	0	0	0	0	0	0	0	0	0	0	0	0	0	16.666666666666668	0	0	0	33.333333333333336	0	0	0	0	0	0	0	0	0	0	0	0	0	0	0	0	0	33.333333333333336	16.666666666666668	0	0	0	0	0	0	0	0	0	0	0
35_1.conllu	1	11	11.0	6.2	9.090909090909092	0	18.181818181818183	18.181818181818183	0	0	9.090909090909092	0	18.181818181818183	0	9.090909090909092	9.090909090909092	0	9.090909090909092	0.5	0	0	100.0	0	0	100.0	0	0	0	0	0	0	0	0	0	100.0	0	0	100.0	0	0	100.0	0	0	50.0	0	0	0	0	0	0	50.0	2.0	100.0	3.0	0	0	0	100.0	0	0	0	3.0	5.5	5.0	2.2222222222222223	5	0	0	0	0	0	100.0	0.0	0	0	0	18.181818181818183	9.090909090909092	0	9.090909090909092	0	0	0	9.090909090909092	0	0	0	9.090909090909092	0	0	0	0	0	0	9.090909090909092	0	0	0	0	18.181818181818183	0	0	0	0	9.090909090909092	9.090909090909092	0	0	0	50.0	50.0	100.0	0.0	1.0	100.0	0	0
57_1.conllu	1	27	27.0	6.217391304347826	7.407407407407407	3.7037037037037037	3.7037037037037037	3.7037037037037037	7.407407407407407	0	22.22222222222222	0	11.11111111111111	0	14.814814814814815	3.7037037037037037	0	22.22222222222222	0.6521739130434783	0	100.0	0	0	100.0	66.66666666666667	33.333333333333336	0	25.0	0	0	50.0	0	0	0	25.0	0	0	0	0	0	100.0	0	0	0	0	0	100.0	0	0	0	0	6.0	100.0	2.5	0	16.666666666666668	33.333333333333336	33.333333333333336	16.666666666666668	0	0	5.0	4.5	19.0	2.8636363636363638	19	0	0	0	66.66666666666667	33.333333333333336	50.0	50.0	0	0	7.407407407407407	3.7037037037037037	7.407407407407407	0	3.7037037037037037	0	3.7037037037037037	7.407407407407407	3.7037037037037037	0	0	7.407407407407407	0	0	0	0	0	0	0	3.7037037037037037	0	0	3.7037037037037037	7.407407407407407	0	0	11.11111111111111	7.407407407407407	0	14.814814814814815	3.7037037037037037	0	3.7037037037037037	0	20.0	80.0	100.0	0.0	2.0	0	100.0	0
111_1.conllu	1	4	4.0	6.666666666666667	0	0	0	0	0	0	0	0	25.0	25.0	25.0	0	0	25.0	0.6666666666666666	0	100.0	0	0	100.0	100.0	0	0	0	0	0	100.0	0	0	0	0	0	0	0	0	0	0	0	0	0	0	0	0	0	0	0	0	1.0	100.0	2.0	0	0	100.0	0	0	0	0	1.0	4.0	2.0	1.5	2	0	0	0	0	0	100.0	0.0	0	0	0	0	0	0	0	0	0	0	0	0	0	0	0	0	0	0	0	0	0	0	0	0	0	25.0	0	0	0	25.0	0	25.0	25.0	0	0	0	100.0	0.0	0	0	0	0	0	0
144_1.conllu	1	11	11.0	6.3	9.090909090909092	0	0	9.090909090909092	9.090909090909092	0	36.36363636363637	0	18.181818181818183	0	9.090909090909092	9.090909090909092	0	0	0.5	0	0	0	0	0	0	0	0	0	0	0	0	0	0	0	0	0	100.0	0	100.0	0	100.0	0	0	0	0	0	100.0	0	0	0	0	1.0	100.0	0	0	0	0	0	0	0	0	3.0	11.0	6.0	2.2222222222222223	6	0	0	0	0	0	100.0	0.0	0	0	0	0	9.090909090909092	0	0	0	0	9.090909090909092	0	0	0	0	9.090909090909092	0	0	18.181818181818183	0	0	0	9.090909090909092	9.090909090909092	0	9.090909090909092	0	9.090909090909092	0	0	0	0	9.090909090909092	9.090909090909092	0	0	0	100.0	0.0	0	0	0	0	0	0
15_1.conllu	1	13	13.0	7.25	0	15.384615384615385	7.6923076923076925	7.6923076923076925	7.6923076923076925	0	38.46153846153846	0	7.6923076923076925	0	7.6923076923076925	0	0	7.6923076923076925	0.5833333333333334	0	0	0	0	0	0	0	100.0	0	0	0	0	0	0	0	0	0	0	100.0	0	0	100.0	0	0	0	0	0	0	0	0	0	100.0	1.0	100.0	4.0	0	0	0	0	100.0	0	0	3.0	13.0	6.0	2.090909090909091	6	0	0	0	100.0	0.0	100.0	0.0	0	0	0	7.6923076923076925	0	0	7.6923076923076925	0	15.384615384615385	7.6923076923076925	0	0	0	7.6923076923076925	0	0	0	7.6923076923076925	0	0	0	0	0	7.6923076923076925	0	7.6923076923076925	0	0	0	15.384615384615385	0	7.6923076923076925	7.6923076923076925	0	0	0	100.0	0.0	0	0	0	0	0	0
131_1.conllu	1	8	8.0	6.166666666666667	12.5	0	0	12.5	0	0	12.5	0	12.5	0	25.0	0	0	25.0	0.6666666666666666	0	100.0	0	0	100.0	50.0	50.0	0	0	0	100.0	0	0	0	0	0	0	0	100.0	0	0	100.0	0	0	0	0	0	0	0	0	0	100.0	3.0	100.0	1.0	0	100.0	0	0	0	0	0	4.0	2.6666666666666665	3.0	1.6	3	0	0	0	0	0	0.0	100.0	0	0	0	0	12.5	0	0	0	0	0	12.5	0	0	0	12.5	0	0	0	0	0	0	0	0	0	0	0	12.5	0	0	0	0	25.0	12.5	0	12.5	0	33.333333333333336	66.66666666666667	100.0	0.0	2.0	0	100.0	0
9_1.conllu	1	9	9.0	8.5	11.11111111111111	11.11111111111111	0	11.11111111111111	0	0	44.44444444444444	0	0	0	11.11111111111111	0	0	11.11111111111111	0.75	0	0	0	0	0	0	100.0	0	0	0	0	0	0	0	0	0	0	100.0	0	100.0	0	100.0	0	0	0	0	0	0	0	0	0	100.0	2.0	100.0	2.0	0	0	100.0	0	0	0	0	3.0	4.5	4.0	1.7142857142857142	4	0	0	0	0	0	0.0	100.0	0	0	0	0	0	0	0	0	11.11111111111111	0	0	0	0	0	11.11111111111111	0	11.11111111111111	0	0	0	0	0	0	0	11.11111111111111	0	0	0	0	33.333333333333336	0	11.11111111111111	11.11111111111111	0	0	0	50.0	50.0	100.0	0.0	1.0	100.0	0	0
99_1.conllu	1	11	11.0	7.0	9.090909090909092	0	27.272727272727273	9.090909090909092	0	0	9.090909090909092	0	18.181818181818183	0	9.090909090909092	0	0	18.181818181818183	0.7	0	0	0	0	0	0	100.0	0	0	0	0	0	0	0	0	0	0	0	100.0	0	0	100.0	0	0	0	0	0	0	0	0	0	100.0	2.0	100.0	2.5	0	50.0	0	0	50.0	0	0	4.0	5.5	4.0	2.2222222222222223	4	0	0	0	0.0	100.0	100.0	0.0	0	0	0	27.272727272727273	9.090909090909092	0	9.090909090909092	0	0	0	0	0	0	0	0	0	0	9.090909090909092	0	0	0	0	0	0	0	9.090909090909092	0	0	9.090909090909092	0	0	9.090909090909092	9.090909090909092	0	9.090909090909092	0	50.0	50.0	100.0	0.0	1.0	100.0	0	0
16_1.conllu	1	15	15.0	6.181818181818182	0	6.666666666666667	20.0	0	0	0	20.0	0	6.666666666666667	0	26.666666666666668	6.666666666666667	0	13.333333333333334	0.7272727272727273	0	100.0	50.0	0	50.0	100.0	0	0	0	0	0	0	50.0	0	0	50.0	0	0	0	0	0	0	0	0	0	0	0	0	0	0	0	0	2.0	100.0	2.5	0	50.0	0	0	50.0	0	0	4.0	7.5	8.0	2.4	8	0	0	0	0	0	0.0	100.0	0	0	0	20.0	0	0	0	0	6.666666666666667	0	6.666666666666667	0	0	6.666666666666667	0	0	0	0	0	0	0	6.666666666666667	0	0	0	6.666666666666667	0	0	0	13.333333333333334	0	26.666666666666668	6.666666666666667	0	0	0	50.0	50.0	100.0	0.0	1.0	100.0	0	0
86_1.conllu	1	5	5.0	4.0	0	0	20.0	20.0	0	0	0	0	40.0	0	20.0	0	0	0	0.25	0	0	0	0	0	0	0	0	0	0	0	0	0	0	0	0	100.0	0	0	100.0	0	100.0	0	0	0	0	0	0	0	0	0	100.0	1.0	100.0	0	0	0	0	0	0	0	0	1.0	5.0	3.0	2.0	3	0	0	0	0	0	0.0	100.0	0	0	0	20.0	0	0	0	0	0	0	0	0	0	0	20.0	0	0	0	0	0	0	0	0	0	0	0	20.0	0	0	0	0	20.0	20.0	0	0	0	100.0	0.0	0	0	0	0	0	0
46_1.conllu	1	10	10.0	5.444444444444445	20.0	0	20.0	10.0	0	0	30.0	0	0	0	10.0	0	0	10.0	0.8888888888888888	0	0	0	0	0	0	100.0	0	0	0	0	0	0	0	0	0	0	100.0	0	100.0	0	100.0	0	0	0	0	0	0	100.0	0	0	0	1.0	100.0	4.0	0	0	0	0	100.0	0	0	3.0	10.0	5.0	2.0	5	0	0	0	0.0	100.0	0	0	0	0	0	20.0	20.0	0	10.0	0	0	0	0	0	0	0	0	0	0	0	0	0	0	0	0	0	0	0	0	0	10.0	20.0	0	10.0	10.0	0	0	0	100.0	0.0	0	0	0	0	0	0
52_1.conllu	1	8	8.0	8.857142857142858	12.5	0	0	0	0	0	37.5	0	12.5	0	12.5	0	0	25.0	0.8571428571428571	0	100.0	0	0	100.0	50.0	50.0	0	0	0	0	100.0	0	0	0	0	0	0	0	0	0	0	0	0	0	0	0	0	0	0	0	0	2.0	100.0	2.0	0	0	100.0	0	0	0	0	3.0	4.0	4.0	1.8333333333333333	4	0	0	0	0.0	100.0	0.0	100.0	0	0	0	0	12.5	0	0	0	0	0	0	0	0	0	0	0	0	0	0	0	0	0	0	0	12.5	12.5	0	0	12.5	12.5	0	12.5	12.5	0	12.5	0	50.0	50.0	100.0	0.0	1.0	100.0	0	0
8_1.conllu	1	9	9.0	8.5	0	0	33.333333333333336	11.11111111111111	0	0	0	0	11.11111111111111	0	33.333333333333336	0	0	11.11111111111111	0.6666666666666666	0	0	0	0	0	0	0	100.0	0	0	0	0	0	0	0	0	0	100.0	0	100.0	0	100.0	0	0	0	0	0	0	0	0	0	100.0	1.0	100.0	4.0	0	0	0	0	100.0	0	0	1.0	9.0	5.0	2.4	5	0	0	0	100.0	0.0	0	0	0	0	0	33.333333333333336	0	0	11.11111111111111	0	0	0	0	0	0	0	0	0	0	0	0	0	0	0	0	0	0	0	0	0	11.11111111111111	0	0	33.333333333333336	11.11111111111111	0	0	0	100.0	0.0	0	0	0	0	0	0
94_1.conllu	1	7	7.0	4.5	14.285714285714286	0	0	28.571428571428573	0	0	14.285714285714286	0	0	0	42.857142857142854	0	0	0	0.5	0	0	0	0	0	0	0	0	0	0	0	0	0	0	0	0	0	100.0	0	100.0	0	100.0	0	0	50.0	0	0	0	0	0	0	50.0	1.0	100.0	0	0	0	0	0	0	0	0	1.0	7.0	3.0	2.0	3	0	0	0	0	0	0	0	0	0	0	0	14.285714285714286	0	14.285714285714286	0	0	0	0	0	0	0	14.285714285714286	0	0	0	0	0	0	0	0	0	0	0	0	0	0	0	0	42.857142857142854	14.285714285714286	0	0	0	100.0	0.0	0	0	0	0	0	0
51_1.conllu	1	13	13.0	5.4	0	0	0	7.6923076923076925	7.6923076923076925	0	7.6923076923076925	0	30.76923076923077	0	23.076923076923077	0	0	23.076923076923077	0.4	0	100.0	0	0	100.0	66.66666666666667	33.333333333333336	0	0	0	0	0	0	0	0	100.0	0	0	100.0	0	0	100.0	0	0	0	0	0	0	0	0	0	100.0	3.0	100.0	2.6666666666666665	0	0	33.333333333333336	66.66666666666667	0	0	0	3.0	4.333333333333333	4.0	2.111111111111111	4	0	0	0	100.0	0.0	100.0	0.0	0	0	0	0	0	0	7.6923076923076925	0	0	7.6923076923076925	7.6923076923076925	0	0	7.6923076923076925	0	0	0	0	0	0	0	0	0	0	0	23.076923076923077	0	0	15.384615384615385	0	0	23.076923076923077	7.6923076923076925	0	0	0	50.0	50.0	100.0	0.0	1.0	100.0	0	0
136_1.conllu	1	12	12.0	6.333333333333333	16.666666666666668	0	0	33.333333333333336	0	0	8.333333333333334	0	8.333333333333334	0	25.0	8.333333333333334	0	0	0.3333333333333333	0	0	0	0	0	0	0	0	0	0	0	0	0	0	0	0	0	100.0	0	100.0	0	75.0	25.0	0	33.333333333333336	0	0	0	0	0	0	66.66666666666667	2.0	100.0	0	0	0	0	0	0	0	0	3.0	6.0	9.0	3.375	9	0	0	0	0	0	100.0	0.0	0	0	0	0	0	0	16.666666666666668	0	0	0	8.333333333333334	0	0	0	16.666666666666668	0	0	0	0	0	0	8.333333333333334	0	0	0	0	16.666666666666668	0	0	0	0	25.0	8.333333333333334	0	0	0	50.0	50.0	0.0	100.0	1.0	100.0	0	0
64_1.conllu	1	5	5.0	6.0	20.0	0	0	0	0	0	20.0	0	20.0	0	20.0	0	0	20.0	0.75	0	100.0	0	0	100.0	100.0	0	0	0	0	0	0	0	0	0	100.0	0	0	0	0	0	0	0	0	0	0	0	0	0	0	0	0	1.0	100.0	3.0	0	0	0	100.0	0	0	0	1.0	5.0	3.0	2.0	3	0	0	0	0.0	100.0	0.0	100.0	0	0	0	0	0	0	0	0	0	0	0	0	0	0	0	0	0	0	0	0	0	0	0	0	0	20.0	0	0	20.0	20.0	0	20.0	20.0	0	0	0	100.0	0.0	0	0	0	0	0	0
19_1.conllu	1	14	14.0	6.916666666666667	28.571428571428573	14.285714285714286	0	7.142857142857143	7.142857142857143	0	28.571428571428573	0	0	0	14.285714285714286	0	0	0	0.6666666666666666	0	0	0	0	0	0	0	0	0	0	0	0	0	0	0	0	0	100.0	0	100.0	0	100.0	0	0	0	0	0	0	0	0	0	100.0	1.0	100.0	0	0	0	0	0	0	0	0	3.0	14.0	5.0	2.1818181818181817	5	1.0	1	100.0	0	0	100.0	0.0	0	0	0	0	28.571428571428573	0	0	0	14.285714285714286	7.142857142857143	0	0	0	7.142857142857143	7.142857142857143	0	0	0	0	0	0	0	7.142857142857143	0	0	0	7.142857142857143	0	0	0	0	14.285714285714286	7.142857142857143	0	0	0	100.0	0.0	0	0	0	0	0	0
67_1.conllu	1	12	12.0	6.111111111111111	0	0	16.666666666666668	0	0	0	16.666666666666668	0	16.666666666666668	0	25.0	8.333333333333334	0	16.666666666666668	0.6666666666666666	0	100.0	0	0	100.0	100.0	0	0	0	100.0	0	0	0	0	0	0	0	0	0	0	0	0	0	0	0	0	0	0	0	0	0	0	2.0	0.0	3.5	0	0	0	50.0	50.0	0	0	3.0	6.0	8.0	2.5	8	0	0	0	0.0	100.0	100.0	0.0	0	0	8.333333333333334	16.666666666666668	0	0	0	0	0	0	0	0	0	0	0	0	0	0	0	0	0	8.333333333333334	0	0	0	8.333333333333334	0	0	16.666666666666668	0	8.333333333333334	25.0	8.333333333333334	0	0	0	0.0	100.0	100.0	0.0	1.0	100.0	0	0
37_1.conllu	1	6	6.0	7.6	0	0	16.666666666666668	0	0	0	16.666666666666668	0	0	16.666666666666668	16.666666666666668	0	0	33.333333333333336	1.0	0	100.0	0	0	100.0	50.0	50.0	0	0	0	0	0	0	0	0	100.0	0	0	0	0	0	0	0	0	0	0	0	0	0	0	0	0	2.0	100.0	2.0	0	0	100.0	0	0	0	0	2.0	3.0	2.0	1.5	2	0	0	0	0.0	100.0	0	0	0	0	0	16.666666666666668	0	0	0	0	0	0	0	0	0	0	0	0	0	0	0	0	0	0	0	0	0	0	0	0	16.666666666666668	16.666666666666668	0	16.666666666666668	16.666666666666668	0	16.666666666666668	0	50.0	50.0	100.0	0.0	1.0	100.0	0	0
145_1.conllu	1	4	4.0	5.0	0	0	50.0	25.0	0	0	0	0	0	0	25.0	0	0	0	0.6666666666666666	0	0	0	0	0	0	0	0	0	0	0	0	0	0	0	0	0	100.0	0	100.0	0	100.0	0	0	0	0	0	0	100.0	0	0	0	1.0	100.0	0	0	0	0	0	0	0	0	1.0	4.0	2.0	1.5	2	0	0	0	0	0	0	0	0	0	0	25.0	0	0	0	0	0	0	0	0	0	0	25.0	0	0	0	0	0	0	0	0	0	0	0	0	0	0	0	0	25.0	25.0	0	0	0	100.0	0.0	0	0	0	0	0	0
88_1.conllu	1	5	5.0	5.5	0	0	0	20.0	20.0	0	20.0	0	20.0	0	20.0	0	0	0	0.25	0	0	0	0	0	0	0	0	0	0	0	0	0	0	0	0	100.0	0	0	100.0	0	100.0	0	0	0	0	0	0	0	0	0	100.0	1.0	100.0	0	0	0	0	0	0	0	0	1.0	5.0	3.0	2.0	3	0	0	0	0	0	100.0	0.0	0	0	0	0	0	0	0	0	0	20.0	0	0	0	0	20.0	0	0	0	0	0	0	0	0	0	0	0	20.0	0	0	0	0	20.0	20.0	0	0	0	100.0	0.0	0	0	0	0	0	0
91_1.conllu	1	19	19.0	5.117647058823529	5.2631578947368425	5.2631578947368425	5.2631578947368425	5.2631578947368425	0	0	21.05263157894737	0	15.789473684210526	0	10.526315789473685	10.526315789473685	0	21.05263157894737	0.5882352941176471	0	100.0	0	0	100.0	75.0	25.0	0	0	0	0	0	33.333333333333336	66.66666666666667	0	0	0	0	100.0	0	0	100.0	0	0	0	0	0	0	0	0	0	100.0	5.0	100.0	2.5	0	25.0	25.0	25.0	25.0	0	0	5.0	3.8	11.0	2.1875	11	0	0	0	33.333333333333336	66.66666666666667	50.0	50.0	5.2631578947368425	0	10.526315789473685	0	5.2631578947368425	0	0	0	5.2631578947368425	0	0	0	5.2631578947368425	0	5.2631578947368425	0	0	0	0	0	0	10.526315789473685	0	0	0	5.2631578947368425	5.2631578947368425	0	15.789473684210526	5.2631578947368425	5.2631578947368425	10.526315789473685	5.2631578947368425	0	0	0	25.0	75.0	100.0	0.0	1.0	100.0	0	0
82_1.conllu	1	33	33.0	6.821428571428571	3.0303030303030303	6.0606060606060606	6.0606060606060606	6.0606060606060606	9.090909090909092	0	30.303030303030305	0	6.0606060606060606	0	15.151515151515152	3.0303030303030303	0	15.151515151515152	0.6428571428571429	0	100.0	0	0	100.0	20.0	60.0	20.0	0	0	0	0	0	100.0	0	0	0	100.0	0	100.0	0	100.0	0	0	0	0	0	0	0	0	0	100.0	6.0	100.0	2.6	0	20.0	20.0	40.0	20.0	0	0	7.0	5.5	28.0	5.037037037037037	28	0	0	0	0.0	100.0	100.0	0.0	3.0303030303030303	3.0303030303030303	0	3.0303030303030303	3.0303030303030303	0	3.0303030303030303	0	6.0606060606060606	9.090909090909092	3.0303030303030303	0	0	9.090909090909092	3.0303030303030303	0	0	0	0	0	0	3.0303030303030303	0	0	3.0303030303030303	0	3.0303030303030303	0	9.090909090909092	15.151515151515152	0	15.151515151515152	3.0303030303030303	0	3.0303030303030303	0	20.0	80.0	100.0	0.0	2.0	0	100.0	0
73_1.conllu	1	7	7.0	7.5	0	0	14.285714285714286	14.285714285714286	0	0	14.285714285714286	0	0	14.285714285714286	14.285714285714286	0	0	28.571428571428573	0.8333333333333334	0	0	0	0	0	0	0	100.0	0	0	0	0	0	0	0	0	100.0	0	0	100.0	0	100.0	0	0	0	0	0	0	0	0	0	100.0	2.0	100.0	2.0	0	50.0	0	50.0	0	0	0	3.0	3.5	5.0	2.0	5	0	0	0	0	0	100.0	0.0	14.285714285714286	0	0	14.285714285714286	0	0	0	0	0	0	0	0	0	0	14.285714285714286	0	0	0	0	0	0	0	0	0	0	0	14.285714285714286	0	0	14.285714285714286	0	14.285714285714286	14.285714285714286	0	0	0	50.0	50.0	0.0	100.0	1.0	100.0	0	0
11_1.conllu	1	10	10.0	6.5	0	0	0	0	0	0	30.0	10.0	0	10.0	20.0	10.0	0	20.0	0.75	50.0	50.0	0	0	100.0	100.0	0	0	0	0	0	0	0	0	50.0	50.0	0	0	0	0	0	0	0	0	0	0	0	0	0	0	0	0	2.0	100.0	2.5	0	50.0	0	0	50.0	0	0	3.0	5.0	5.0	2.2857142857142856	5	0	0	0	0.0	100.0	100.0	0.0	0	0	10.0	0	0	0	0	0	0	0	0	0	0	0	0	0	0	0	0	0	0	10.0	10.0	0	0	10.0	0	10.0	10.0	10.0	0	20.0	10.0	0	0	0	50.0	50.0	100.0	0.0	1.0	100.0	0	0
49_1.conllu	1	15	15.0	6.333333333333333	0	0	13.333333333333334	13.333333333333334	0	0	13.333333333333334	0	20.0	0	20.0	0	0	20.0	0.5833333333333334	0	0	0	0	0	0	66.66666666666667	33.333333333333336	0	0	0	0	0	0	0	0	0	100.0	50.0	50.0	0	100.0	0	0	0	0	0	0	0	0	0	100.0	3.0	100.0	3.0	0	0	33.333333333333336	33.333333333333336	33.333333333333336	0	0	3.0	5.0	6.0	2.090909090909091	6	0	0	0	0.0	100.0	100.0	0.0	0	0	0	13.333333333333334	0	0	13.333333333333334	0	0	0	0	0	0	0	0	0	0	0	0	0	0	0	0	0	0	6.666666666666667	0	0	6.666666666666667	20.0	6.666666666666667	20.0	6.666666666666667	0	6.666666666666667	0	50.0	50.0	100.0	0.0	1.0	100.0	0	0
92_1.conllu	1	7	7.0	5.5	14.285714285714286	0	14.285714285714286	14.285714285714286	0	0	0	0	28.571428571428573	0	14.285714285714286	0	0	14.285714285714286	0.5	100.0	0	0	0	100.0	100.0	0	0	0	0	0	0	0	0	0	100.0	100.0	0	0	100.0	0	100.0	0	0	0	0	0	0	0	0	0	100.0	2.0	100.0	1.0	0	100.0	0	0	0	0	0	2.0	3.5	3.0	1.8	3	0	0	0	100.0	0.0	100.0	0.0	0	0	0	14.285714285714286	0	0	0	0	0	0	14.285714285714286	0	0	0	14.285714285714286	0	0	0	0	0	0	0	0	0	0	0	14.285714285714286	0	14.285714285714286	0	0	14.285714285714286	14.285714285714286	0	0	0	50.0	50.0	100.0	0.0	1.0	100.0	0	0
1_1.conllu	1	9	9.0	5.75	11.11111111111111	0	33.333333333333336	11.11111111111111	11.11111111111111	0	11.11111111111111	0	0	0	11.11111111111111	0	11.11111111111111	0	0.625	0	0	0	0	0	0	0	0	0	0	0	0	0	0	0	0	100.0	0	0	100.0	0	100.0	0	0	0	0	0	0	0	0	0	100.0	1.0	100.0	0	0	0	0	0	0	0	0	2.0	9.0	4.0	2.4285714285714284	4	0	0	0	0	0	0	0	0	0	0	33.333333333333336	0	0	0	0	0	11.11111111111111	0	0	0	11.11111111111111	11.11111111111111	0	0	0	11.11111111111111	0	0	0	0	0	0	0	0	0	0	0	0	11.11111111111111	11.11111111111111	0	0	0	100.0	0.0	0	0	0	0	0	0
33_1.conllu	1	11	11.0	5.777777777777778	0	0	9.090909090909092	27.272727272727273	0	0	18.181818181818183	0	9.090909090909092	0	18.181818181818183	9.090909090909092	0	9.090909090909092	0.4444444444444444	0	0	0	0	0	0	0	100.0	0	0	0	0	0	0	0	0	0	100.0	50.0	50.0	0	100.0	0	0	0	0	0	0	0	0	0	100.0	1.0	100.0	3.0	0	0	0	100.0	0	0	0	3.0	11.0	5.0	2.25	5	0	0	0	0	0	50.0	50.0	0	0	0	9.090909090909092	0	0	18.181818181818183	0	0	0	9.090909090909092	0	0	0	0	0	0	0	0	0	0	9.090909090909092	0	0	0	9.090909090909092	9.090909090909092	0	0	9.090909090909092	0	18.181818181818183	9.090909090909092	0	0	0	100.0	0.0	0	0	0	0	0	0
132_1.conllu	1	5	5.0	7.0	0	0	20.0	0	0	0	0	0	0	0	20.0	0	0	60.0	1.0	0	100.0	0	0	100.0	66.66666666666667	33.333333333333336	0	0	0	0	0	0	50.0	50.0	0	0	0	0	0	0	0	0	0	0	0	0	0	0	0	0	0	3.0	100.0	1.0	33.333333333333336	33.333333333333336	33.333333333333336	0	0	0	0	2.0	1.6666666666666667	2.0	1.3333333333333333	2	0	0	0	0	0	0	0	0	0	0	20.0	0	0	0	0	0	0	20.0	0	0	0	0	0	0	0	0	0	0	0	0	0	0	0	0	0	0	0	0	20.0	20.0	0	20.0	0	33.333333333333336	66.66666666666667	100.0	0.0	2.0	0	100.0	0
34_1.conllu	1	12	12.0	6.6	16.666666666666668	0	0	16.666666666666668	8.333333333333334	0	25.0	0	8.333333333333334	0	16.666666666666668	0	0	8.333333333333334	0.6	0	0	100.0	0	0	100.0	0	0	0	0	0	0	0	0	0	100.0	0	0	0	0	0	50.0	50.0	0	0	0	0	0	0	0	0	100.0	2.0	100.0	2.0	0	0	100.0	0	0	0	0	4.0	6.0	7.0	2.4444444444444446	7	0	0	0	0	0	100.0	0.0	0	0	0	0	8.333333333333334	0	8.333333333333334	0	0	8.333333333333334	0	0	0	8.333333333333334	8.333333333333334	0	0	8.333333333333334	0	0	0	0	0	0	0	8.333333333333334	0	0	0	8.333333333333334	0	16.666666666666668	8.333333333333334	0	8.333333333333334	0	50.0	50.0	100.0	0.0	1.0	100.0	0	0
47_1.conllu	1	4	4.0	5.0	25.0	0	0	50.0	0	0	0	0	0	0	25.0	0	0	0	0.3333333333333333	0	0	0	0	0	0	0	0	0	0	0	0	0	0	0	0	0	100.0	0	100.0	0	100.0	0	0	50.0	0	0	0	0	0	0	50.0	1.0	100.0	0	0	0	0	0	0	0	0	1.0	4.0	2.0	1.5	2	0	0	0	0	0	0	0	0	0	0	0	0	0	25.0	0	0	0	0	0	0	0	25.0	0	0	0	0	0	0	0	0	0	0	0	0	0	0	0	0	25.0	25.0	0	0	0	100.0	0.0	0	0	0	0	0	0
78_1.conllu	1	4	4.0	7.0	0	0	0	0	0	0	0	0	50.0	0	25.0	0	0	25.0	0.3333333333333333	0	100.0	0	0	100.0	100.0	0	0	0	0	0	100.0	0	0	0	0	0	0	0	0	0	0	0	0	0	0	0	0	0	0	0	0	1.0	100.0	2.0	0	0	100.0	0	0	0	0	1.0	4.0	2.0	1.5	2	0	0	0	0.0	100.0	0.0	100.0	0	0	0	0	0	0	0	0	0	0	0	0	0	0	0	0	0	0	0	0	0	0	0	0	0	25.0	0	0	25.0	0	0	25.0	25.0	0	0	0	100.0	0.0	0	0	0	0	0	0
26_1.conllu	1	9	9.0	7.166666666666667	0	0	22.22222222222222	11.11111111111111	0	0	0	0	11.11111111111111	0	33.333333333333336	11.11111111111111	0	11.11111111111111	0.5	0	0	100.0	0	0	100.0	0	0	0	0	0	0	0	0	0	100.0	0	0	100.0	0	0	100.0	0	0	0	0	0	0	0	0	100.0	0	1.0	0.0	2.0	0	0	100.0	0	0	0	0	2.0	9.0	4.0	2.0	4	0	0	0	0	0	100.0	0.0	0	0	11.11111111111111	11.11111111111111	0	0	11.11111111111111	0	0	0	0	0	0	0	0	0	0	0	0	0	0	11.11111111111111	0	0	0	11.11111111111111	0	0	0	0	0	33.333333333333336	11.11111111111111	0	0	0	0.0	100.0	100.0	0.0	1.0	100.0	0	0
148_1.conllu	1	12	12.0	9.0	8.333333333333334	0	0	16.666666666666668	0	0	33.333333333333336	0	8.333333333333334	0	25.0	0	0	8.333333333333334	0.6666666666666666	0	100.0	0	0	100.0	100.0	0	0	0	0	0	0	0	0	100.0	0	0	100.0	0	100.0	0	100.0	0	0	50.0	0	0	0	0	0	0	50.0	2.0	100.0	2.0	0	0	100.0	0	0	0	0	3.0	6.0	4.0	2.0	4	0	0	0	50.0	50.0	100.0	0.0	0	0	0	0	8.333333333333334	0	8.333333333333334	0	0	0	0	0	0	0	8.333333333333334	0	0	8.333333333333334	0	0	0	0	0	8.333333333333334	0	0	8.333333333333334	0	8.333333333333334	8.333333333333334	0	25.0	8.333333333333334	0	0	0	50.0	50.0	0.0	100.0	1.0	100.0	0	0
120_1.conllu	1	4	4.0	6.333333333333333	0	0	25.0	0	0	0	25.0	0	0	0	25.0	0	0	25.0	1.0	0	100.0	0	0	100.0	100.0	0	0	100.0	0	0	0	0	0	0	0	0	0	0	0	0	0	0	0	0	0	0	0	0	0	0	0	1.0	100.0	2.0	0	0	100.0	0	0	0	0	1.0	4.0	2.0	1.5	2	0	0	0	0.0	100.0	0	0	0	0	0	25.0	0	0	0	0	0	0	0	0	0	0	0	0	0	0	0	0	0	0	0	0	0	0	0	0	25.0	0	0	25.0	25.0	0	0	0	100.0	0.0	0	0	0	0	0	0
152_1.conllu	1	5	5.0	8.5	0	0	0	0	0	0	40.0	0	20.0	0	20.0	0	0	20.0	0.75	100.0	0	0	0	100.0	100.0	0	0	0	0	0	100.0	0	0	0	0	0	0	0	0	0	0	0	0	0	0	0	0	0	0	0	0	1.0	100.0	2.0	0	0	100.0	0	0	0	0	2.0	5.0	3.0	1.6666666666666667	3	0	0	0	0.0	100.0	0.0	100.0	0	0	0	0	0	0	0	0	0	0	0	0	0	0	0	0	0	20.0	0	0	0	0	0	0	0	20.0	0	0	20.0	0	0	20.0	20.0	0	0	0	100.0	0.0	0	0	0	0	0	0
119_1.conllu	1	5	5.0	5.25	0	0	20.0	20.0	20.0	0	20.0	0	0	0	20.0	0	0	0	0.5	0	0	0	0	0	0	0	0	0	0	0	0	0	0	0	0	0	0	0	0	100.0	100.0	0	0	0	0	0	0	100.0	0	0	0	1.0	100.0	0	0	0	0	0	0	0	0	2.0	5.0	3.0	1.6666666666666667	3	0	0	0	0	0	0	0	0	0	0	0	0	0	0	0	0	20.0	0	0	0	20.0	20.0	0	0	0	0	0	0	0	0	0	0	0	0	0	0	0	0	20.0	20.0	0	0	0	100.0	0.0	0	0	0	0	0	0
107_1.conllu	1	4	4.0	5.333333333333333	0	0	0	25.0	0	0	25.0	0	25.0	0	25.0	0	0	0	0.3333333333333333	0	0	0	0	0	0	0	0	0	0	0	0	0	0	0	0	0	100.0	0	100.0	0	100.0	0	0	0	0	0	0	0	0	0	100.0	0.0	0.0	0	0	0	0	0	0	0	0	1.0	0	1.0	1.0	1	0	0	0	0	0	0.0	100.0	0	0	0	0	0	0	0	0	0	0	0	0	0	0	0	25.0	0	0	0	0	0	0	0	0	0	0	25.0	0	0	0	0	25.0	25.0	0	0	0	0	0	0	0	0	0	0	0
29_1.conllu	1	5	5.0	9.25	0	0	0	0	0	0	40.0	0	20.0	0	20.0	0	0	20.0	0.75	0	100.0	0	0	100.0	100.0	0	0	0	0	0	0	0	0	0	100.0	0	0	0	0	0	0	0	0	0	0	0	0	0	0	0	0	1.0	100.0	2.0	0	0	100.0	0	0	0	0	2.0	5.0	3.0	1.6666666666666667	3	0	0	0	0.0	100.0	0.0	100.0	0	0	0	0	0	0	0	0	0	0	0	0	0	0	0	0	0	20.0	0	0	0	0	0	0	0	20.0	0	0	20.0	0	0	20.0	20.0	0	0	0	100.0	0.0	0	0	0	0	0	0
129_1.conllu	1	9	9.0	5.125	0	0	22.22222222222222	22.22222222222222	0	0	22.22222222222222	0	11.11111111111111	0	11.11111111111111	0	0	11.11111111111111	0.625	0	0	0	0	0	0	0	100.0	0	0	0	0	0	0	0	0	0	100.0	0	100.0	0	50.0	50.0	0	0	0	0	0	0	0	0	100.0	1.0	100.0	4.0	0	0	0	0	100.0	0	0	2.0	9.0	5.0	2.5714285714285716	5	0	0	0	0.0	100.0	100.0	0.0	0	0	0	11.11111111111111	0	0	22.22222222222222	0	0	0	0	0	0	0	0	0	0	0	0	11.11111111111111	0	0	0	0	0	11.11111111111111	0	0	11.11111111111111	11.11111111111111	0	11.11111111111111	11.11111111111111	0	0	0	100.0	0.0	0	0	0	0	0	0
66_1.conllu	1	12	12.0	7.818181818181818	0	0	8.333333333333334	0	8.333333333333334	0	25.0	0	16.666666666666668	0	8.333333333333334	0	0	33.333333333333336	0.7272727272727273	0	100.0	0	0	100.0	25.0	50.0	25.0	0	0	0	0	0	0	0	100.0	0	0	0	0	0	0	0	0	0	0	0	0	0	0	0	0	4.0	100.0	2.0	0	50.0	0	50.0	0	0	0	5.0	3.0	4.0	1.8	4	0	0	0	0.0	100.0	0.0	100.0	8.333333333333334	0	0	8.333333333333334	0	0	0	0	0	8.333333333333334	0	0	0	0	0	0	0	8.333333333333334	0	0	0	0	0	0	0	8.333333333333334	0	0	8.333333333333334	16.666666666666668	0	8.333333333333334	8.333333333333334	0	16.666666666666668	0	25.0	75.0	100.0	0.0	1.5	50.0	50.0	0
124_1.conllu	1	4	4.0	6.0	0	0	25.0	0	0	0	0	0	25.0	0	25.0	0	0	25.0	0.6666666666666666	0	100.0	0	0	100.0	100.0	0	0	0	0	0	0	0	0	0	100.0	0	0	0	0	0	0	0	0	0	0	0	0	0	0	0	0	1.0	100.0	2.0	0	0	100.0	0	0	0	0	1.0	4.0	2.0	1.5	2	0	0	0	0	0	0.0	100.0	0	0	0	25.0	0	0	0	0	0	0	0	0	0	0	0	0	0	0	0	0	0	0	0	0	0	25.0	0	0	0	0	0	25.0	25.0	0	0	0	100.0	0.0	0	0	0	0	0	0
45_1.conllu	1	8	8.0	5.8	0	0	0	25.0	0	0	25.0	0	12.5	0	37.5	0	0	0	0.4	0	0	0	0	0	0	0	0	0	0	0	0	0	0	0	0	0	100.0	0	100.0	0	50.0	50.0	0	0	0	0	0	0	0	0	100.0	0.0	0.0	0	0	0	0	0	0	0	0	1.0	0	3.0	1.75	3	0	0	0	0	0	50.0	50.0	0	0	0	0	0	0	12.5	0	0	0	0	0	0	0	0	12.5	0	0	0	0	0	0	0	0	0	0	25.0	0	0	0	0	37.5	12.5	0	0	0	0	0	0	0	0	0	0	0
36_1.conllu	1	7	7.0	8.833333333333334	0	0	0	14.285714285714286	14.285714285714286	0	57.142857142857146	0	0	0	14.285714285714286	0	0	0	0.6666666666666666	0	0	0	0	0	0	0	0	0	0	0	0	0	0	0	0	0	0	100.0	0	0	100.0	0	0	0	0	0	0	0	0	0	100.0	1.0	100.0	0	0	0	0	0	0	0	0	2.0	7.0	3.0	1.8	3	0	0	0	0	0	100.0	0.0	0	0	0	0	0	0	0	0	0	14.285714285714286	0	0	0	14.285714285714286	14.285714285714286	0	0	0	0	0	0	0	14.285714285714286	0	0	0	14.285714285714286	0	0	0	0	14.285714285714286	14.285714285714286	0	0	0	100.0	0.0	0	0	0	0	0	0
134_1.conllu	1	6	6.0	5.5	0	0	16.666666666666668	0	0	0	16.666666666666668	0	16.666666666666668	0	33.333333333333336	0	0	16.666666666666668	0.75	0	100.0	0	0	100.0	100.0	0	0	0	0	0	0	0	0	0	100.0	0	0	0	0	0	0	0	0	0	0	0	0	0	0	0	0	1.0	100.0	3.0	0	0	0	100.0	0	0	0	1.0	6.0	2.0	1.6666666666666667	2	0	0	0	0	0	100.0	0.0	0	0	0	16.666666666666668	0	16.666666666666668	0	0	0	0	0	0	0	0	0	0	0	0	0	0	0	0	0	0	0	16.666666666666668	0	0	0	0	0	33.333333333333336	16.666666666666668	0	0	0	100.0	0.0	0	0	0	0	0	0
0_1.conllu	1	4	4.0	6.0	0	0	0	50.0	0	0	0	0	0	0	25.0	0	0	25.0	0.3333333333333333	100.0	0	0	0	100.0	100.0	0	0	0	0	0	100.0	0	0	0	0	0	100.0	0	100.0	0	100.0	0	0	50.0	0	0	50.0	0	0	0	0	1.0	100.0	0.0	100.0	0	0	0	0	0	0	1.0	4.0	2.0	1.5	2	0	0	0	0	0	0	0	0	0	0	0	0	0	50.0	0	0	0	0	0	0	0	0	0	0	0	0	0	0	0	0	0	0	0	0	0	0	0	0	25.0	25.0	0	0	0	100.0	0.0	0	0	0	0	0	0
151_1.conllu	1	6	6.0	5.8	0	0	0	0	0	0	33.333333333333336	0	16.666666666666668	0	16.666666666666668	16.666666666666668	0	16.666666666666668	0.6	100.0	0	0	0	100.0	100.0	0	0	0	0	0	100.0	0	0	0	0	0	0	0	0	0	0	0	0	0	0	0	0	0	0	0	0	1.0	100.0	2.0	0	0	100.0	0	0	0	0	3.0	6.0	2.0	1.5	2	0	0	0	0.0	100.0	0.0	100.0	0	0	16.666666666666668	0	0	0	0	0	0	0	0	0	0	0	0	0	0	0	0	0	0	16.666666666666668	0	0	0	16.666666666666668	0	0	16.666666666666668	0	0	16.666666666666668	16.666666666666668	0	0	0	100.0	0.0	0	0	0	0	0	0
141_1.conllu	1	9	9.0	7.166666666666667	0	0	11.11111111111111	0	11.11111111111111	0	0	0	0	44.44444444444444	33.333333333333336	0	0	0	0.8333333333333334	0	0	0	0	0	0	0	0	0	0	0	0	0	0	0	0	0	0	0	0	0	0	0	0	0	0	0	0	0	0	0	0	0.0	0.0	0	0	0	0	0	0	0	0	2.0	0	7.0	3.2	7	0	0	0	0	0	0	0	0	0	0	11.11111111111111	0	0	0	0	0	11.11111111111111	0	0	0	33.333333333333336	0	0	0	0	0	0	0	0	0	0	0	0	0	0	0	0	0	33.333333333333336	11.11111111111111	0	0	0	0	0	0	0	0	0	0	0
95_1.conllu	1	6	6.0	5.8	0	0	0	16.666666666666668	16.666666666666668	0	33.333333333333336	0	16.666666666666668	0	16.666666666666668	0	0	0	0.4	0	0	0	0	0	0	0	0	0	0	0	0	0	0	0	0	100.0	0	0	100.0	0	100.0	0	0	0	0	0	0	0	0	0	100.0	1.0	100.0	0	0	0	0	0	0	0	0	2.0	6.0	2.0	1.5	2	0	0	0	0	0	100.0	0.0	0	0	0	0	0	0	0	0	0	16.666666666666668	0	0	0	16.666666666666668	16.666666666666668	0	0	0	0	0	0	0	0	0	0	0	16.666666666666668	0	0	0	0	16.666666666666668	16.666666666666668	0	0	0	100.0	0.0	0	0	0	0	0	0
24_1.conllu	1	15	15.0	7.583333333333333	0	0	33.333333333333336	13.333333333333334	0	0	6.666666666666667	0	6.666666666666667	0	20.0	6.666666666666667	0	13.333333333333334	0.6666666666666666	0	0	100.0	0	0	100.0	0	0	0	0	0	0	0	0	0	100.0	0	0	0	0	0	100.0	0	0	0	0	0	0	0	0	0	100.0	2.0	100.0	3.5	0	0	50.0	0	0	50.0	0	2.0	7.5	7.0	2.4545454545454546	7	0	0	0	0	0	100.0	0.0	0	0	6.666666666666667	26.666666666666668	0	0	13.333333333333334	0	0	0	0	0	0	0	0	0	0	6.666666666666667	0	6.666666666666667	0	6.666666666666667	0	0	0	6.666666666666667	0	0	0	0	0	20.0	6.666666666666667	0	0	0	50.0	50.0	0.0	100.0	1.0	100.0	0	0
105_1.conllu	1	8	8.0	5.714285714285714	0	0	0	0	12.5	0	37.5	0	12.5	0	12.5	0	0	25.0	0.7142857142857143	0	100.0	0	0	100.0	50.0	50.0	0	0	0	0	100.0	0	0	0	0	0	0	0	0	0	0	0	0	0	0	0	0	0	0	0	0	2.0	100.0	2.5	0	0	50.0	50.0	0	0	0	2.0	4.0	3.0	1.6666666666666667	3	0	0	0	0.0	100.0	0.0	100.0	0	0	0	0	0	0	0	0	0	12.5	0	0	0	0	0	0	0	0	0	0	0	0	0	0	12.5	12.5	0	0	12.5	12.5	0	12.5	12.5	0	12.5	0	50.0	50.0	100.0	0.0	1.0	100.0	0	0
108_1.conllu	1	8	8.0	6.428571428571429	0	12.5	0	12.5	0	0	25.0	0	25.0	0	12.5	0	0	12.5	0.42857142857142855	0	0	0	0	0	0	0	100.0	0	0	0	0	0	0	0	0	0	100.0	0	100.0	0	100.0	0	0	0	0	0	0	0	0	0	100.0	1.0	100.0	3.0	0	0	0	100.0	0	0	0	2.0	8.0	4.0	1.8333333333333333	4	0	0	0	0	0	0.0	100.0	0	0	0	0	0	0	12.5	0	12.5	0	0	0	0	0	0	0	0	12.5	0	0	0	0	0	0	0	12.5	0	0	0	25.0	0	12.5	12.5	0	0	0	100.0	0.0	0	0	0	0	0	0
55_1.conllu	1	21	21.0	6.0	4.761904761904762	0	4.761904761904762	0	0	0	23.80952380952381	0	14.285714285714286	0	28.571428571428573	4.761904761904762	0	19.047619047619047	0.7333333333333333	0	100.0	0	25.0	75.0	100.0	0	0	0	0	0	25.0	0	25.0	50.0	0	0	0	0	0	0	0	0	0	0	0	0	0	0	0	0	0	4.0	100.0	2.75	0	25.0	25.0	0	50.0	0	0	4.0	5.25	7.0	2.5	7	0	0	0	0.0	100.0	0.0	100.0	0	0	0	4.761904761904762	0	0	0	0	0	0	4.761904761904762	0	0	9.523809523809524	0	0	0	0	0	0	0	4.761904761904762	4.761904761904762	0	9.523809523809524	4.761904761904762	0	0	9.523809523809524	9.523809523809524	0	28.571428571428573	4.761904761904762	0	4.761904761904762	0	50.0	50.0	100.0	0.0	1.0	100.0	0	0
53_1.conllu	1	13	13.0	6.454545454545454	7.6923076923076925	0	0	7.6923076923076925	0	0	30.76923076923077	0	7.6923076923076925	0	15.384615384615385	7.6923076923076925	0	23.076923076923077	0.7272727272727273	0	100.0	0	0	100.0	33.333333333333336	66.66666666666667	0	0	0	0	0	0	0	0	100.0	0	100.0	0	100.0	0	100.0	0	0	0	0	0	0	0	0	0	100.0	4.0	100.0	2.0	0	33.333333333333336	33.333333333333336	33.333333333333336	0	0	0	3.0	3.25	8.0	2.2	8	0	0	0	0.0	100.0	33.333333333333336	66.66666666666667	0	0	0	0	0	0	0	0	0	0	7.6923076923076925	0	0	0	7.6923076923076925	0	7.6923076923076925	0	0	0	0	7.6923076923076925	0	0	0	7.6923076923076925	7.6923076923076925	0	7.6923076923076925	15.384615384615385	0	15.384615384615385	7.6923076923076925	0	7.6923076923076925	0	25.0	75.0	100.0	0.0	1.5	50.0	50.0	0
77_1.conllu	1	5	5.0	7.333333333333333	0	0	0	0	0	0	0	0	20.0	0	40.0	0	0	40.0	0.6666666666666666	100.0	0	0	0	100.0	100.0	0	0	0	0	0	0	0	50.0	50.0	0	0	0	0	0	0	0	0	0	0	0	0	0	0	0	0	0	2.0	100.0	1.0	0	100.0	0	0	0	0	0	2.0	2.5	2.0	1.5	2	0	0	0	0.0	100.0	0	0	0	0	0	0	0	0	0	0	0	0	0	0	0	20.0	0	0	0	0	0	0	0	0	0	0	0	0	0	0	20.0	0	0	40.0	20.0	0	0	0	100.0	0.0	0	0	0	0	0	0
81_1.conllu	1	6	6.0	5.6	0	0	16.666666666666668	16.666666666666668	0	0	0	0	33.333333333333336	0	16.666666666666668	0	0	16.666666666666668	0.4	0	0	0	0	0	0	0	100.0	0	0	0	0	0	0	0	0	0	100.0	0	100.0	0	100.0	0	0	0	0	0	0	0	100.0	0	0	1.0	100.0	3.0	0	0	0	100.0	0	0	0	1.0	6.0	4.0	2.5	4	0	0	0	0	0	100.0	0.0	0	0	0	16.666666666666668	0	0	16.666666666666668	0	0	0	0	0	0	0	0	0	0	16.666666666666668	0	0	0	0	0	0	0	16.666666666666668	0	0	0	0	0	16.666666666666668	16.666666666666668	0	0	0	100.0	0.0	0	0	0	0	0	0
103_1.conllu	1	8	8.0	6.0	0	0	12.5	0	0	0	12.5	0	0	12.5	37.5	0	0	25.0	1.0	100.0	0	0	0	100.0	100.0	0	0	0	0	0	0	0	0	50.0	50.0	0	0	0	0	0	0	0	0	0	0	0	0	0	0	0	0	2.0	100.0	2.0	0	50.0	0	50.0	0	0	0	2.0	4.0	5.0	2.25	5	0	0	0	0.0	100.0	100.0	0.0	0	0	0	12.5	0	0	0	0	0	0	0	0	0	0	0	0	0	0	0	0	0	0	0	0	0	12.5	0	0	12.5	0	12.5	37.5	12.5	0	0	0	100.0	0.0	0	0	0	0	0	0
85_1.conllu	1	1	1.0	11.0	0	0	0	0	0	0	0	0	0	0	0	0	0	100.0	1.0	0	0	100.0	0	0	100.0	0	0	0	0	0	0	0	0	0	100.0	0	0	0	0	0	0	0	0	0	0	0	0	0	0	0	0	1.0	100.0	0.0	100.0	0	0	0	0	0	0	0.0	1.0	0.0	0	0	0	0	0	0	0	0	0	0	0	0	0	0	0	0	0	0	0	0	0	0	0	0	0	0	0	0	0	0	0	0	0	0	0	0	0	0	0	0	0	100.0	0	0	0	100.0	0.0	0	0	0	0	0	0
85_2.conllu	1	26	26.0	6.913043478260869	23.076923076923077	3.8461538461538463	3.8461538461538463	0	11.538461538461538	0	26.923076923076923	0	11.538461538461538	0	11.538461538461538	0	0	7.6923076923076925	0.6956521739130435	0	0	100.0	0	0	100.0	0	0	0	0	0	0	0	0	0	100.0	0	0	0	0	0	0	0	0	0	0	0	0	0	0	0	0	2.0	0.0	4.0	0	0	0	50.0	0	50.0	0	4.0	13.0	12.0	2.5454545454545454	12	0	0	0	0.0	100.0	33.333333333333336	66.66666666666667	0	0	0	3.8461538461538463	23.076923076923077	0	0	0	3.8461538461538463	11.538461538461538	0	0	0	11.538461538461538	0	0	0	0	0	0	0	0	0	0	7.6923076923076925	7.6923076923076925	3.8461538461538463	0	3.8461538461538463	7.6923076923076925	0	11.538461538461538	3.8461538461538463	0	0	0	0	0	0	0	0	0	0	0
68_1.conllu	1	7	7.0	8.2	0	0	28.571428571428573	0	0	0	28.571428571428573	0	0	0	28.571428571428573	0	0	14.285714285714286	1.0	0	100.0	0	0	100.0	100.0	0	0	0	100.0	0	0	0	0	0	0	0	0	0	0	0	0	0	0	0	0	0	0	0	0	0	0	1.0	0.0	3.0	0	0	0	100.0	0	0	0	2.0	7.0	3.0	2.0	3	0	0	0	0.0	100.0	0	0	0	0	0	28.571428571428573	0	0	0	0	0	0	0	0	0	0	0	0	0	0	0	0	0	0	0	0	0	0	0	0	14.285714285714286	0	14.285714285714286	28.571428571428573	14.285714285714286	0	0	0	0	0	0	0	0	0	0	0
101_1.conllu	1	7	7.0	5.5	0	0	28.571428571428573	0	0	0	14.285714285714286	0	0	0	42.857142857142854	14.285714285714286	0	0	0.75	0	0	0	0	0	0	0	0	0	0	0	0	0	0	0	0	0	0	0	0	0	0	0	0	0	0	0	0	0	0	0	0	0.0	0.0	0	0	0	0	0	0	0	0	2.0	0	2.0	1.6666666666666667	2	0	0	0	0	0	0	0	0	0	0	28.571428571428573	0	0	0	0	0	0	0	0	0	0	0	0	0	0	0	14.285714285714286	0	0	0	0	0	0	0	0	0	0	0	42.857142857142854	14.285714285714286	0	0	0	0	0	0	0	0	0	0	0
118_1.conllu	1	4	4.0	4.0	0	0	25.0	0	0	0	0	0	25.0	0	25.0	0	0	25.0	0.6666666666666666	100.0	0	0	0	100.0	100.0	0	0	0	0	0	0	0	0	100.0	0	0	0	0	0	0	0	0	0	0	0	0	0	0	0	0	0	1.0	100.0	2.0	0	0	100.0	0	0	0	0	1.0	4.0	2.0	1.5	2	0	0	0	0	0	0.0	100.0	0	0	0	25.0	0	0	0	0	0	0	0	0	0	0	0	0	0	0	0	0	0	0	0	0	0	25.0	0	0	0	0	0	25.0	25.0	0	0	0	100.0	0.0	0	0	0	0	0	0
122_1.conllu	1	5	5.0	6.25	0	0	20.0	0	0	0	0	0	40.0	0	20.0	0	0	20.0	0.5	0	0	100.0	0	0	100.0	0	0	0	0	0	0	0	0	0	100.0	0	0	0	0	0	0	0	0	0	0	0	0	0	0	0	0	1.0	100.0	2.0	0	0	100.0	0	0	0	0	2.0	5.0	3.0	1.6666666666666667	3	0	0	0	0	0	0.0	100.0	0	0	0	20.0	0	0	0	0	0	0	0	0	0	0	0	0	0	0	0	0	0	0	0	0	0	20.0	0	0	0	20.0	0	20.0	20.0	0	0	0	100.0	0.0	0	0	0	0	0	0
42_1.conllu	1	4	4.0	7.0	0	0	0	25.0	0	0	50.0	0	0	0	25.0	0	0	0	0.6666666666666666	0	0	0	0	0	0	0	0	0	0	0	0	0	0	0	0	0	100.0	0	100.0	0	100.0	0	0	0	0	0	0	0	0	100.0	0	1.0	100.0	0	0	0	0	0	0	0	0	1.0	4.0	2.0	1.5	2	0	0	0	0	0	100.0	0.0	0	0	0	0	0	0	0	0	0	0	0	0	0	0	25.0	0	0	0	0	0	0	0	0	0	0	0	25.0	0	0	0	0	25.0	25.0	0	0	0	100.0	0.0	0	0	0	0	0	0
4_1.conllu	1	7	7.0	5.2	0	0	14.285714285714286	0	0	0	0	0	14.285714285714286	0	28.571428571428573	14.285714285714286	0	28.571428571428573	0.6	50.0	50.0	0	0	100.0	100.0	0	0	0	0	0	0	0	50.0	0	50.0	0	0	0	0	0	0	0	0	0	0	0	0	0	0	0	0	2.0	100.0	2.0	0	0	100.0	0	0	0	0	2.0	3.5	5.0	2.25	5	0	0	0	0	0	0	0	0	0	0	14.285714285714286	0	0	0	0	0	0	14.285714285714286	0	0	0	0	0	0	0	0	0	0	14.285714285714286	0	0	0	0	0	0	0	14.285714285714286	0	28.571428571428573	14.285714285714286	0	0	0	50.0	50.0	100.0	0.0	1.0	100.0	0	0
5_1.conllu	1	21	21.0	5.166666666666667	9.523809523809524	0	23.80952380952381	0	0	0	19.047619047619047	0	9.523809523809524	0	14.285714285714286	9.523809523809524	0	14.285714285714286	0.7777777777777778	0	100.0	0	0	100.0	100.0	0	0	0	0	0	33.333333333333336	0	0	0	66.66666666666667	0	0	0	0	0	0	0	0	0	0	0	0	0	0	0	0	3.0	100.0	3.6666666666666665	0	0	33.333333333333336	0	33.333333333333336	33.333333333333336	0	5.0	7.0	7.0	2.235294117647059	7	0	0	0	0	0	100.0	0.0	0	0	4.761904761904762	23.80952380952381	9.523809523809524	0	0	0	0	0	4.761904761904762	0	0	0	0	0	0	0	0	0	0	9.523809523809524	4.761904761904762	0	0	14.285714285714286	0	0	0	9.523809523809524	0	14.285714285714286	4.761904761904762	0	0	0	33.333333333333336	66.66666666666667	100.0	0.0	2.0	0	100.0	0
56_1.conllu	1	32	32.0	4.888888888888889	6.25	0	6.25	18.75	6.25	0	0	0	28.125	0	15.625	3.125	0	15.625	0.3333333333333333	0	100.0	0	0	100.0	80.0	20.0	0	50.0	0	0	50.0	0	0	0	0	0	100.0	0	100.0	0	100.0	0	0	16.666666666666668	0	0	66.66666666666667	0	0	0	16.666666666666668	8.0	100.0	2.0	0	40.0	20.0	40.0	0	0	0	5.0	4.0	23.0	3.3461538461538463	23	0	0	0	25.0	75.0	50.0	50.0	0	6.25	3.125	3.125	0	0	9.375	0	0	6.25	0	0	0	12.5	9.375	0	0	0	0	0	0	3.125	0	0	0	3.125	9.375	0	12.5	0	0	15.625	3.125	0	3.125	0	20.0	80.0	100.0	0.0	1.0	100.0	0	0
96_1.conllu	1	5	5.0	5.75	0	0	40.0	0	0	0	0	0	0	0	20.0	0	0	40.0	1.0	0	100.0	0	0	100.0	50.0	50.0	0	0	0	0	0	0	0	100.0	0	0	0	0	0	0	0	0	0	0	0	0	0	0	0	0	0	2.0	100.0	1.5	0	50.0	50.0	0	0	0	0	2.0	2.5	2.0	1.3333333333333333	2	0	0	0	0	0	100.0	0.0	0	0	0	40.0	0	0	0	0	0	0	0	0	0	0	0	0	0	0	0	0	0	0	0	0	0	20.0	0	0	0	0	0	20.0	20.0	0	0	0	50.0	50.0	0.0	100.0	1.0	100.0	0	0
93_1.conllu	1	17	17.0	5.3076923076923075	11.764705882352942	0	5.882352941176471	5.882352941176471	5.882352941176471	0	23.529411764705884	0	11.764705882352942	0	23.529411764705884	0	0	11.764705882352942	0.6923076923076923	100.0	0	0	0	100.0	100.0	0	0	0	0	0	0	0	0	0	100.0	0	100.0	0	100.0	0	100.0	0	0	0	0	0	0	0	0	0	100.0	3.0	100.0	3.5	0	0	50.0	0	0	50.0	0	4.0	5.666666666666667	7.0	2.6666666666666665	7	0	0	0	0	0	100.0	0.0	0	0	0	5.882352941176471	5.882352941176471	0	0	0	0	5.882352941176471	5.882352941176471	0	0	5.882352941176471	5.882352941176471	0	0	5.882352941176471	0	0	0	0	0	0	5.882352941176471	5.882352941176471	5.882352941176471	0	0	11.764705882352942	0	23.529411764705884	5.882352941176471	0	0	0	50.0	50.0	100.0	0.0	1.0	100.0	0	0
72_1.conllu	1	23	23.0	8.31578947368421	8.695652173913043	0	4.3478260869565215	8.695652173913043	0	0	26.08695652173913	0	8.695652173913043	4.3478260869565215	17.391304347826086	4.3478260869565215	0	17.391304347826086	0.7368421052631579	0	100.0	0	0	100.0	50.0	25.0	25.0	0	50.0	0	0	0	0	0	50.0	50.0	50.0	0	100.0	0	100.0	0	0	50.0	0	0	0	0	0	0	50.0	5.0	100.0	1.5	0	75.0	0	25.0	0	0	0	6.0	4.6	7.0	2.2777777777777777	7	0	0	0	0.0	100.0	66.66666666666667	33.333333333333336	0	4.3478260869565215	0	4.3478260869565215	8.695652173913043	0	4.3478260869565215	0	0	0	4.3478260869565215	0	0	0	4.3478260869565215	0	0	4.3478260869565215	0	0	0	4.3478260869565215	0	0	4.3478260869565215	8.695652173913043	4.3478260869565215	0	4.3478260869565215	8.695652173913043	4.3478260869565215	17.391304347826086	4.3478260869565215	0	0	4.3478260869565215	25.0	75.0	100.0	0.0	3.0	0	0	100.0
59_1.conllu	1	16	16.0	8.153846153846153	18.75	0	6.25	18.75	6.25	0	6.25	0	6.25	0	18.75	6.25	0	12.5	0.5384615384615384	0	0	0	0	0	0	50.0	50.0	0	0	0	0	0	0	0	0	0	100.0	0	100.0	0	100.0	0	0	33.333333333333336	66.66666666666667	0	0	0	0	0	0	2.0	100.0	2.5	0	0	50.0	50.0	0	0	0	5.0	8.0	6.0	2.3333333333333335	6	0	0	0	0.0	100.0	0	0	0	0	0	6.25	0	0	18.75	0	0	6.25	6.25	0	0	12.5	0	0	0	0	0	0	0	6.25	0	0	0	0	0	0	6.25	6.25	0	18.75	6.25	0	6.25	0	50.0	50.0	100.0	0.0	1.0	100.0	0	0
149_1.conllu	1	14	14.0	7.454545454545454	7.142857142857143	0	0	0	7.142857142857143	0	21.428571428571427	0	7.142857142857143	0	21.428571428571427	7.142857142857143	0	28.571428571428573	0.7272727272727273	0	100.0	0	0	100.0	75.0	25.0	0	0	0	0	100.0	0	0	0	0	0	0	0	0	0	0	0	0	0	0	0	0	0	0	0	0	4.0	100.0	2.25	0	0	75.0	25.0	0	0	0	4.0	3.5	6.0	1.9	6	0	0	0	0.0	100.0	66.66666666666667	33.333333333333336	0	0	0	0	7.142857142857143	0	0	0	0	7.142857142857143	7.142857142857143	0	0	7.142857142857143	0	0	0	0	0	0	0	7.142857142857143	0	0	0	21.428571428571427	0	0	7.142857142857143	0	0	21.428571428571427	7.142857142857143	0	0	7.142857142857143	33.333333333333336	66.66666666666667	100.0	0.0	1.0	100.0	0	0
137_1.conllu	1	17	17.0	6.714285714285714	5.882352941176471	0	17.647058823529413	11.764705882352942	0	0	23.529411764705884	0	11.764705882352942	0	17.647058823529413	0	0	11.764705882352942	0.7142857142857143	0	100.0	0	0	100.0	50.0	50.0	0	0	0	0	0	0	0	0	100.0	0	100.0	0	100.0	0	100.0	0	0	50.0	0	0	0	0	0	0	50.0	3.0	0.0	3.0	0	0	0	100.0	0	0	0	7.0	5.666666666666667	11.0	2.3846153846153846	11	0	0	0	0.0	100.0	100.0	0.0	5.882352941176471	5.882352941176471	0	11.764705882352942	0	0	5.882352941176471	0	0	0	0	0	0	0	5.882352941176471	0	0	5.882352941176471	0	0	0	0	0	0	0	5.882352941176471	5.882352941176471	0	5.882352941176471	11.764705882352942	0	17.647058823529413	5.882352941176471	0	5.882352941176471	0	0.0	100.0	0.0	100.0	1.0	100.0	0	0
109_1.conllu	1	10	10.0	4.555555555555555	10.0	0	10.0	20.0	10.0	0	10.0	0	20.0	0	10.0	10.0	0	0	0.3333333333333333	0	0	0	0	0	0	0	0	0	0	0	0	0	0	0	0	50.0	50.0	0	100.0	0	100.0	0	0	0	0	0	0	0	0	50.0	50.0	2.0	100.0	0	0	0	0	0	0	0	0	2.0	5.0	4.0	2.5	4	0	0	0	0	0	100.0	0.0	0	0	0	10.0	0	0	0	0	0	10.0	10.0	0	0	0	20.0	0	0	0	0	0	0	10.0	0	0	0	0	20.0	0	0	0	0	10.0	10.0	0	0	0	50.0	50.0	100.0	0.0	1.0	100.0	0	0
117_1.conllu	1	13	13.0	7.0	0	0	15.384615384615385	7.6923076923076925	7.6923076923076925	0	30.76923076923077	0	0	0	23.076923076923077	7.6923076923076925	0	7.6923076923076925	0.7	0	0	0	0	0	0	100.0	0	0	0	0	0	0	0	0	0	0	100.0	0	100.0	0	100.0	0	0	100.0	0	0	0	0	0	0	0	1.0	100.0	4.0	0	0	0	0	100.0	0	0	2.0	13.0	9.0	2.6666666666666665	9	0	0	0	100.0	0.0	0	0	0	0	0	7.6923076923076925	0	0	7.6923076923076925	0	0	7.6923076923076925	0	0	0	7.6923076923076925	0	0	0	0	0	0	0	7.6923076923076925	7.6923076923076925	0	0	0	0	0	7.6923076923076925	15.384615384615385	0	23.076923076923077	7.6923076923076925	0	0	0	100.0	0.0	0	0	0	0	0	0
135_1.conllu	1	56	56.0	6.355555555555555	0	0	12.5	3.5714285714285716	5.357142857142857	0	25.0	1.7857142857142858	8.928571428571429	10.714285714285714	19.642857142857142	1.7857142857142858	0	10.714285714285714	0.7333333333333333	0	100.0	0	0	100.0	100.0	0	0	16.666666666666668	0	0	0	0	0	33.333333333333336	50.0	0	100.0	0	100.0	0	100.0	0	0	0	0	0	0	0	0	0	100.0	7.0	100.0	3.0	0	16.666666666666668	16.666666666666668	50.0	0	0	16.666666666666668	8.0	8.0	23.0	3.0681818181818183	23	0	0	0	20.0	80.0	80.0	20.0	0	0	0	12.5	0	0	1.7857142857142858	0	0	5.357142857142857	1.7857142857142858	3.5714285714285716	0	8.928571428571429	1.7857142857142858	0	0	1.7857142857142858	0	0	3.5714285714285716	1.7857142857142858	8.928571428571429	0	7.142857142857143	7.142857142857143	1.7857142857142858	0	8.928571428571429	0	1.7857142857142858	19.642857142857142	1.7857142857142858	0	0	0	50.0	50.0	100.0	0.0	1.0	100.0	0	0
44_1.conllu	1	6	6.0	8.0	33.333333333333336	0	16.666666666666668	16.666666666666668	0	0	16.666666666666668	0	0	0	16.666666666666668	0	0	0	0.8	0	0	0	0	0	0	0	0	0	0	0	0	0	0	0	0	0	100.0	0	100.0	0	100.0	0	0	0	0	0	0	0	0	0	100.0	1.0	100.0	0	0	0	0	0	0	0	0	2.0	6.0	4.0	2.0	4	0	0	0	0	0	100.0	0.0	0	0	0	16.666666666666668	16.666666666666668	0	0	0	0	0	0	0	0	0	16.666666666666668	0	0	0	0	0	0	0	0	0	0	0	16.666666666666668	0	0	0	0	16.666666666666668	16.666666666666668	0	0	0	100.0	0.0	0	0	0	0	0	0
138_1.conllu	1	11	11.0	6.888888888888889	9.090909090909092	0	9.090909090909092	9.090909090909092	0	0	27.272727272727273	0	9.090909090909092	0	18.181818181818183	0	0	18.181818181818183	0.7777777777777778	0	100.0	0	0	100.0	50.0	0	50.0	100.0	0	0	0	0	0	0	0	0	100.0	0	100.0	0	100.0	0	0	0	0	0	0	0	0	0	100.0	2.0	100.0	2.5	0	0	50.0	50.0	0	0	0	3.0	5.5	8.0	2.75	8	0	0	0	100.0	0.0	100.0	0.0	0	0	0	9.090909090909092	9.090909090909092	0	9.090909090909092	0	0	0	9.090909090909092	0	0	0	0	0	0	0	0	0	0	0	0	0	0	9.090909090909092	0	0	9.090909090909092	18.181818181818183	0	18.181818181818183	9.090909090909092	0	0	0	50.0	50.0	100.0	0.0	1.0	100.0	0	0
130_1.conllu	1	6	6.0	7.0	16.666666666666668	16.666666666666668	0	0	0	0	33.333333333333336	0	0	0	16.666666666666668	0	0	16.666666666666668	0.8	0	100.0	0	0	100.0	100.0	0	0	0	0	0	0	0	0	100.0	0	0	0	0	0	0	0	0	0	0	0	0	0	0	0	0	0	1.0	100.0	2.0	0	0	100.0	0	0	0	0	2.0	6.0	3.0	1.5	3	0	0	0	0.0	100.0	0	0	0	0	0	0	16.666666666666668	0	0	0	16.666666666666668	0	0	0	0	0	0	0	0	0	0	0	0	0	0	0	0	0	0	0	16.666666666666668	16.666666666666668	0	16.666666666666668	16.666666666666668	0	0	0	100.0	0.0	0	0	0	0	0	0
70_1.conllu	1	6	6.0	7.0	0	0	0	0	0	0	0	0	33.333333333333336	0	16.666666666666668	0	0	50.0	0.6	0	100.0	0	0	100.0	33.333333333333336	66.66666666666667	0	0	100.0	0	0	0	0	0	0	0	0	0	0	0	0	0	0	0	0	0	0	0	0	0	0	3.0	100.0	1.3333333333333333	0	66.66666666666667	33.333333333333336	0	0	0	0	2.0	2.0	3.0	1.75	3	0	0	0	0.0	100.0	100.0	0.0	0	0	16.666666666666668	0	0	0	0	0	0	0	0	0	0	0	0	0	0	0	0	0	0	0	0	0	0	16.666666666666668	0	0	16.666666666666668	0	0	16.666666666666668	16.666666666666668	0	0	16.666666666666668	33.333333333333336	66.66666666666667	100.0	0.0	1.0	100.0	0	0
22_1.conllu	1	8	8.0	8.833333333333334	12.5	12.5	0	0	0	0	12.5	0	25.0	0	25.0	0	0	12.5	0.5	0	0	100.0	0	0	100.0	0	0	0	0	0	0	0	0	100.0	0	0	0	0	0	0	0	0	0	0	0	0	0	0	0	0	0	1.0	100.0	3.0	0	0	0	100.0	0	0	0	2.0	8.0	4.0	1.8	4	0	0	0	100.0	0.0	0	0	0	0	0	0	12.5	0	0	0	12.5	0	0	0	0	0	0	0	0	0	0	0	0	0	0	0	0	0	0	0	12.5	25.0	0	25.0	12.5	0	0	0	100.0	0.0	0	0	0	0	0	0
61_1.conllu	1	12	12.0	5.833333333333333	0	0	0	0	8.333333333333334	0	8.333333333333334	0	8.333333333333334	16.666666666666668	50.0	0	0	8.333333333333334	0.6666666666666666	0	0	0	0	0	0	0	100.0	0	0	0	0	0	0	0	0	0	0	0	0	0	0	0	0	0	0	0	0	0	0	0	0	1.0	100.0	2.0	0	0	100.0	0	0	0	0	3.0	12.0	6.0	2.6	6	0	0	0	100.0	0.0	0	0	0	0	0	0	0	0	0	0	0	8.333333333333334	0	0	0	8.333333333333334	0	0	0	0	8.333333333333334	0	0	0	0	0	8.333333333333334	0	0	0	8.333333333333334	0	0	50.0	8.333333333333334	0	0	0	100.0	0.0	0	0	0	0	0	0
76_1.conllu	1	17	17.0	7.384615384615385	0	11.764705882352942	5.882352941176471	0	0	0	0	0	17.647058823529413	5.882352941176471	23.529411764705884	11.764705882352942	0	23.529411764705884	0.46153846153846156	100.0	0	75.0	0	25.0	100.0	0	0	0	0	0	0	0	75.0	25.0	0	0	0	0	0	0	0	0	0	0	0	0	0	0	0	0	0	4.0	100.0	2.25	0	25.0	25.0	50.0	0	0	0	5.0	4.25	7.0	2.0833333333333335	7	0	0	0	0	0	0.0	100.0	0	0	0	5.882352941176471	0	0	0	0	11.764705882352942	0	11.764705882352942	0	0	5.882352941176471	0	0	0	0	0	0	0	11.764705882352942	0	0	0	5.882352941176471	0	0	0	17.647058823529413	0	23.529411764705884	5.882352941176471	0	0	0	33.333333333333336	66.66666666666667	100.0	0.0	1.0	100.0	0	0
63_1.conllu	1	10	10.0	6.75	10.0	0	10.0	0	0	0	20.0	0	20.0	0	20.0	0	0	20.0	0.75	0	100.0	0	0	100.0	100.0	0	0	0	0	0	50.0	0	0	0	50.0	0	0	0	0	0	0	0	0	0	0	0	0	0	0	0	0	2.0	100.0	2.5	0	0	50.0	50.0	0	0	0	3.0	5.0	4.0	1.8571428571428572	4	0	0	0	0	0	50.0	50.0	0	0	0	10.0	0	0	0	0	0	0	0	0	0	10.0	0	0	0	10.0	0	0	0	0	0	0	0	20.0	0	0	0	10.0	0	20.0	10.0	0	10.0	0	100.0	0.0	0	0	0	0	0	0
97_1.conllu	1	5	5.0	4.75	0	0	0	20.0	0	0	0	0	60.0	0	20.0	0	0	0	0.0	0	0	0	0	0	0	0	0	0	0	0	0	0	0	0	0	0	100.0	0	100.0	0	100.0	0	0	0	0	0	0	0	0	0	100.0	0.0	0.0	0	0	0	0	0	0	0	0	2.0	0	2.0	1.3333333333333333	2	0	0	0	0	0	0.0	100.0	0	0	0	0	0	0	0	0	0	0	0	0	0	0	0	20.0	0	20.0	0	0	0	0	0	0	0	0	20.0	0	0	0	0	20.0	20.0	0	0	0	0	0	0	0	0	0	0	0
41_1.conllu	1	11	11.0	9.2	0	0	18.181818181818183	0	9.090909090909092	0	18.181818181818183	0	18.181818181818183	9.090909090909092	9.090909090909092	0	0	18.181818181818183	0.7	50.0	50.0	0	0	100.0	100.0	0	0	0	0	0	0	0	0	50.0	50.0	0	0	0	0	0	0	0	0	0	0	0	0	0	0	0	0	2.0	100.0	1.5	0	50.0	50.0	0	0	0	0	5.0	5.5	6.0	2.3333333333333335	6	0	0	0	0.0	100.0	0.0	100.0	0	0	0	18.181818181818183	0	0	0	0	0	9.090909090909092	0	0	0	18.181818181818183	0	0	0	9.090909090909092	0	0	0	0	0	0	9.090909090909092	9.090909090909092	0	0	9.090909090909092	0	0	9.090909090909092	9.090909090909092	0	0	0	100.0	0.0	0	0	0	0	0	0
21_1.conllu	1	4	4.0	4.0	0	0	0	25.0	0	0	0	0	0	0	50.0	0	0	25.0	0.5	0	100.0	0	0	100.0	100.0	0	0	100.0	0	0	0	0	0	0	0	0	0	0	0	0	100.0	0	0	0	0	0	0	0	0	100.0	0	1.0	100.0	0.0	100.0	0	0	0	0	0	0	1.0	4.0	1.0	1.0	1	0	0	0	0	0	0	0	0	0	0	0	0	0	25.0	0	0	0	0	0	0	0	0	0	0	0	0	0	0	0	0	0	0	0	0	0	0	0	0	50.0	25.0	0	0	0	100.0	0.0	0	0	0	0	0	0
13_1.conllu	1	12	12.0	6.777777777777778	8.333333333333334	0	16.666666666666668	8.333333333333334	8.333333333333334	0	25.0	0	0	0	25.0	0	0	8.333333333333334	0.7777777777777778	100.0	0	0	0	100.0	100.0	0	0	0	0	0	100.0	0	0	0	0	0	100.0	0	100.0	0	100.0	0	0	0	0	0	0	0	0	0	100.0	2.0	100.0	3.0	0	0	0	100.0	0	0	0	3.0	6.0	9.0	3.25	9	0	0	0	0	0	0.0	100.0	0	0	0	16.666666666666668	8.333333333333334	0	0	0	0	8.333333333333334	0	0	0	8.333333333333334	8.333333333333334	0	0	0	0	0	0	0	0	0	8.333333333333334	8.333333333333334	0	0	0	0	0	25.0	8.333333333333334	0	0	0	100.0	0.0	0	0	0	0	0	0
71_1.conllu	1	12	12.0	7.6	0	0	8.333333333333334	8.333333333333334	0	0	33.333333333333336	0	16.666666666666668	0	16.666666666666668	0	0	16.666666666666668	0.7	0	100.0	0	0	100.0	50.0	50.0	0	0	0	0	0	0	0	0	100.0	0	100.0	0	100.0	0	100.0	0	0	0	0	0	0	0	0	0	100.0	2.0	100.0	2.5	0	0	50.0	50.0	0	0	0	5.0	6.0	4.0	1.8888888888888888	4	0	0	0	66.66666666666667	33.333333333333336	100.0	0.0	0	0	0	8.333333333333334	0	0	8.333333333333334	0	0	0	8.333333333333334	0	0	0	0	0	0	8.333333333333334	0	0	0	0	0	16.666666666666668	0	16.666666666666668	0	0	8.333333333333334	0	0	16.666666666666668	8.333333333333334	0	0	0	50.0	50.0	100.0	0.0	1.0	100.0	0	0
14_1.conllu	1	24	24.0	5.523809523809524	8.333333333333334	0	8.333333333333334	16.666666666666668	4.166666666666667	0	20.833333333333332	0	12.5	0	12.5	4.166666666666667	0	12.5	0.5714285714285714	0	0	0	0	0	0	100.0	0	0	0	0	0	0	0	0	0	0	100.0	33.333333333333336	66.66666666666667	0	100.0	0	0	25.0	0	0	0	0	0	0	75.0	5.0	100.0	2.3333333333333335	0	33.333333333333336	33.333333333333336	0	33.333333333333336	0	0	5.0	4.8	18.0	3.15	18	0	0	0	100.0	0.0	0.0	100.0	0	4.166666666666667	4.166666666666667	8.333333333333334	4.166666666666667	0	8.333333333333334	0	0	4.166666666666667	0	0	0	4.166666666666667	8.333333333333334	0	0	0	0	0	0	4.166666666666667	0	0	8.333333333333334	0	4.166666666666667	0	4.166666666666667	12.5	0	12.5	4.166666666666667	0	0	4.166666666666667	25.0	75.0	0.0	100.0	3.0	0	0	100.0
60_1.conllu	1	14	14.0	7.3	14.285714285714286	0	7.142857142857143	14.285714285714286	0	7.142857142857143	14.285714285714286	0	0	7.142857142857143	28.571428571428573	0	0	7.142857142857143	0.7	0	0	0	0	0	0	100.0	0	0	0	0	0	0	0	0	0	0	0	100.0	0	0	50.0	0	50.0	0	0	0	0	100.0	0	0	0	1.0	100.0	3.0	0	0	0	100.0	0	0	0	3.0	14.0	5.0	2.111111111111111	5	0	0	0	0.0	100.0	0	0	0	0	0	7.142857142857143	14.285714285714286	0	14.285714285714286	0	0	0	0	0	0	0	0	0	0	0	7.142857142857143	0	0	0	7.142857142857143	0	0	0	0	0	7.142857142857143	7.142857142857143	0	28.571428571428573	7.142857142857143	0	0	0	100.0	0.0	0	0	0	0	0	0
146_1.conllu	1	5	5.0	6.25	0	0	0	0	0	0	60.0	0	0	0	20.0	0	0	20.0	1.0	0	100.0	0	0	100.0	100.0	0	0	0	0	0	0	0	0	0	100.0	0	0	0	0	0	0	0	0	0	0	0	0	0	0	0	0	1.0	100.0	1.0	0	100.0	0	0	0	0	0	3.0	5.0	3.0	1.6666666666666667	3	0	0	0	100.0	0.0	0.0	100.0	0	0	0	0	0	0	0	0	0	0	0	0	0	0	0	0	0	0	0	0	0	0	20.0	20.0	0	20.0	0	0	0	0	0	20.0	20.0	0	0	0	100.0	0.0	0	0	0	0	0	0
143_1.conllu	1	5	5.0	6.5	0	0	20.0	20.0	20.0	0	20.0	0	0	0	20.0	0	0	0	0.5	0	0	0	0	0	0	0	0	0	0	0	0	0	0	0	0	0	100.0	0	100.0	0	100.0	0	0	0	0	0	0	0	0	100.0	0	1.0	100.0	0	0	0	0	0	0	0	0	1.0	5.0	3.0	2.0	3	0	0	0	0	0	0	0	0	0	0	20.0	0	0	0	0	0	20.0	0	0	0	0	20.0	0	0	0	0	0	0	0	0	0	0	0	0	0	0	0	0	20.0	20.0	0	0	0	100.0	0.0	0	0	0	0	0	0
98_1.conllu	1	20	20.0	4.611111111111111	0	10.0	30.0	5.0	5.0	0	10.0	0	5.0	0	10.0	5.0	0	20.0	0.6666666666666666	0	100.0	0	0	100.0	100.0	0	0	25.0	0	50.0	0	0	25.0	0	0	0	0	0	0	0	100.0	0	0	0	0	0	0	0	100.0	0	0	4.0	100.0	3.5	0	0	25.0	25.0	25.0	25.0	0	3.0	5.0	5.0	2.0588235294117645	5	0	0	0	0	0	100.0	0.0	0	0	10.0	30.0	0	0	5.0	0	10.0	5.0	0	0	0	5.0	0	0	0	0	0	0	0	5.0	0	0	0	5.0	0	0	0	10.0	0	10.0	5.0	0	0	0	33.333333333333336	66.66666666666667	0.0	100.0	2.0	0	100.0	0
25_1.conllu	1	18	18.0	6.133333333333334	0	5.555555555555555	5.555555555555555	5.555555555555555	5.555555555555555	0	16.666666666666668	0	11.11111111111111	0	16.666666666666668	11.11111111111111	0	22.22222222222222	0.5333333333333333	50.0	50.0	50.0	0	50.0	100.0	0	0	0	0	0	0	0	0	75.0	25.0	0	0	100.0	0	0	100.0	0	0	0	0	0	0	0	0	0	100.0	4.0	100.0	2.5	0	0	50.0	50.0	0	0	0	5.0	4.5	4.0	1.7142857142857142	4	0	0	0	0.0	100.0	0	0	0	0	5.555555555555555	5.555555555555555	0	0	5.555555555555555	0	5.555555555555555	5.555555555555555	5.555555555555555	0	0	5.555555555555555	0	0	0	11.11111111111111	0	0	0	11.11111111111111	0	0	0	0	0	0	11.11111111111111	5.555555555555555	0	16.666666666666668	5.555555555555555	0	0	0	33.333333333333336	66.66666666666667	100.0	0.0	1.0	100.0	0	0
6_1.conllu	1	7	7.0	6.833333333333333	14.285714285714286	0	14.285714285714286	14.285714285714286	0	0	14.285714285714286	0	28.571428571428573	0	14.285714285714286	0	0	0	0.5	0	0	0	0	0	0	0	0	0	0	0	0	0	0	0	0	0	100.0	0	100.0	0	100.0	0	0	0	0	0	0	0	0	0	100.0	1.0	100.0	0	0	0	0	0	0	0	0	2.0	7.0	5.0	2.2	5	0	0	0	0	0	100.0	0.0	0	0	0	14.285714285714286	0	0	0	0	0	0	0	0	0	0	14.285714285714286	0	0	28.571428571428573	0	0	0	0	0	0	0	0	14.285714285714286	0	0	0	0	14.285714285714286	14.285714285714286	0	0	0	100.0	0.0	0	0	0	0	0	0
74_1.conllu	1	53	53.0	7.040816326530612	3.7735849056603774	3.7735849056603774	3.7735849056603774	5.660377358490566	7.547169811320755	0	28.30188679245283	0	11.320754716981131	7.547169811320755	7.547169811320755	5.660377358490566	0	15.09433962264151	0.6326530612244898	0	100.0	0	0	100.0	25.0	37.5	37.5	50.0	50.0	0	0	0	0	0	0	0	100.0	0	100.0	0	100.0	0	0	33.333333333333336	0	0	0	0	0	0	66.66666666666667	9.0	100.0	1.875	0	37.5	37.5	25.0	0	0	0	11.0	5.888888888888889	23.0	3.1458333333333335	23	1.0	1	100.0	50.0	50.0	75.0	25.0	5.660377358490566	0	3.7735849056603774	3.7735849056603774	1.8867924528301887	0	3.7735849056603774	0	3.7735849056603774	7.547169811320755	3.7735849056603774	0	0	5.660377358490566	1.8867924528301887	0	0	1.8867924528301887	0	0	0	5.660377358490566	9.433962264150944	0	9.433962264150944	5.660377358490566	1.8867924528301887	0	3.7735849056603774	7.547169811320755	0	7.547169811320755	1.8867924528301887	0	1.8867924528301887	1.8867924528301887	11.11111111111111	88.88888888888889	100.0	0.0	1.8	60.0	0	40.0
27_1.conllu	1	73	73.0	7.323076923076923	9.58904109589041	1.36986301369863	9.58904109589041	4.109589041095891	4.109589041095891	0	23.28767123287671	0	10.95890410958904	0	10.95890410958904	6.8493150684931505	0	19.17808219178082	0.6923076923076923	0	100.0	0	0	100.0	42.857142857142854	42.857142857142854	14.285714285714286	50.0	0	0	33.333333333333336	0	0	0	16.666666666666668	0	100.0	0	100.0	0	66.66666666666667	0	33.333333333333336	0	0	0	0	0	0	0	100.0	14.0	100.0	2.4285714285714284	7.6923076923076925	15.384615384615385	23.076923076923077	30.76923076923077	15.384615384615385	0	7.6923076923076925	18.0	5.214285714285714	11.0	2.859375	11	0	0	0	20.0	80.0	83.33333333333333	16.666666666666668	2.73972602739726	0	2.73972602739726	8.219178082191782	9.58904109589041	1.36986301369863	2.73972602739726	1.36986301369863	1.36986301369863	4.109589041095891	5.47945205479452	0	0	4.109589041095891	0	0	0	2.73972602739726	0	1.36986301369863	0	6.8493150684931505	1.36986301369863	0	0	8.219178082191782	0	0	6.8493150684931505	13.698630136986301	0	10.95890410958904	1.36986301369863	0	2.73972602739726	0	9.090909090909092	90.9090909090909	100.0	0.0	1.4285714285714286	71.42857142857143	14.285714285714286	14.285714285714286
12_1.conllu	1	5	5.0	7.0	0	0	20.0	20.0	0	0	0	0	20.0	0	20.0	0	0	20.0	0.5	0	0	0	0	0	0	100.0	0	0	0	0	0	0	0	0	0	0	100.0	0	100.0	0	100.0	0	0	0	0	0	0	0	0	100.0	0	1.0	100.0	2.0	0	0	100.0	0	0	0	0	1.0	5.0	3.0	2.0	3	0	0	0	100.0	0.0	0	0	0	0	0	20.0	0	0	20.0	0	0	0	0	0	0	0	0	0	0	0	0	0	0	0	0	0	0	0	0	0	20.0	0	0	20.0	20.0	0	0	0	100.0	0.0	0	0	0	0	0	0
84_1.conllu	1	9	9.0	5.75	0	0	11.11111111111111	0	11.11111111111111	0	33.333333333333336	0	22.22222222222222	0	11.11111111111111	0	0	11.11111111111111	0.625	0	0	100.0	0	0	100.0	0	0	0	0	0	0	0	0	0	100.0	0	0	0	0	0	0	0	0	0	0	0	0	0	0	0	0	1.0	100.0	4.0	0	0	0	0	100.0	0	0	3.0	9.0	5.0	2.4285714285714284	5	0	0	0	0.0	100.0	0.0	100.0	0	0	0	11.11111111111111	0	0	0	0	0	11.11111111111111	0	0	0	11.11111111111111	0	0	0	11.11111111111111	0	0	0	0	0	0	0	11.11111111111111	0	0	11.11111111111111	11.11111111111111	0	11.11111111111111	11.11111111111111	0	0	0	100.0	0.0	0	0	0	0	0	0
31_1.conllu	1	8	8.0	11.285714285714286	12.5	0	0	0	0	0	37.5	0	12.5	0	12.5	0	0	25.0	0.8571428571428571	100.0	0	0	0	100.0	50.0	50.0	0	0	0	0	100.0	0	0	0	0	0	0	0	0	0	0	0	0	0	0	0	0	0	0	0	0	2.0	100.0	2.5	0	50.0	0	0	50.0	0	0	2.0	4.0	6.0	2.5	6	0	0	0	50.0	50.0	0.0	100.0	0	0	12.5	0	12.5	0	0	0	0	0	0	0	0	0	0	0	0	0	0	0	0	0	0	0	0	12.5	0	0	25.0	12.5	0	12.5	12.5	0	0	0	50.0	50.0	100.0	0.0	1.0	100.0	0	0
139_1.conllu	1	9	9.0	8.75	11.11111111111111	0	0	11.11111111111111	11.11111111111111	0	22.22222222222222	0	0	11.11111111111111	11.11111111111111	0	0	22.22222222222222	0.75	0	0	100.0	0	0	50.0	50.0	0	0	0	0	0	0	0	100.0	0	100.0	0	0	100.0	0	100.0	0	0	0	0	0	0	0	0	0	100.0	3.0	100.0	1.5	0	50.0	50.0	0	0	0	0	4.0	3.0	3.0	1.2857142857142858	3	0	0	0	0	0	0	0	0	0	0	0	0	0	0	0	0	11.11111111111111	11.11111111111111	0	0	0	11.11111111111111	0	0	0	0	0	0	0	11.11111111111111	0	11.11111111111111	0	0	0	0	11.11111111111111	0	11.11111111111111	11.11111111111111	0	11.11111111111111	0	33.333333333333336	66.66666666666667	100.0	0.0	2.0	0	100.0	0
23_1.conllu	1	5	5.0	14.25	20.0	0	0	20.0	0	0	20.0	0	0	0	20.0	0	0	20.0	0.75	0	100.0	0	0	100.0	100.0	0	0	0	0	0	0	0	0	0	100.0	0	0	100.0	0	0	100.0	0	0	0	0	0	0	0	0	0	100.0	1.0	100.0	1.0	0	100.0	0	0	0	0	0	2.0	5.0	3.0	1.6666666666666667	3	0	0	0	100.0	0.0	0	0	0	0	0	0	20.0	0	20.0	0	0	0	0	0	0	0	0	0	0	0	0	0	0	0	0	0	0	0	0	0	20.0	0	0	20.0	20.0	0	0	0	100.0	0.0	0	0	0	0	0	0
125_1.conllu	1	10	10.0	8.11111111111111	0	0	0	10.0	0	0	40.0	0	0	0	10.0	10.0	0	30.0	0.7777777777777778	0	100.0	0	0	100.0	33.333333333333336	33.333333333333336	33.333333333333336	100.0	0	0	0	0	0	0	0	0	100.0	0	100.0	0	100.0	0	0	0	0	0	0	0	0	0	100.0	3.0	100.0	2.6666666666666665	0	0	66.66666666666667	0	33.333333333333336	0	0	2.0	3.3333333333333335	7.0	2.25	7	0	0	0	100.0	0.0	100.0	0.0	0	0	10.0	0	0	0	0	10.0	0	0	0	0	0	0	0	0	0	0	0	0	0	10.0	0	0	0	10.0	0	0	10.0	20.0	0	10.0	10.0	0	0	10.0	33.333333333333336	66.66666666666667	100.0	0.0	1.0	100.0	0	0
110_1.conllu	1	5	5.0	3.5	0	0	20.0	20.0	0	0	0	0	20.0	0	20.0	0	0	20.0	0.5	0	100.0	0	0	100.0	100.0	0	0	100.0	0	0	0	0	0	0	0	0	0	0	0	0	100.0	0	0	0	0	0	0	0	0	100.0	0	1.0	100.0	2.0	0	0	100.0	0	0	0	0	1.0	5.0	3.0	2.0	3	0	0	0	100.0	0.0	0	0	0	0	0	20.0	0	0	20.0	0	0	0	0	0	0	0	0	0	0	0	0	0	0	0	0	0	0	0	0	0	20.0	0	0	20.0	20.0	0	0	0	100.0	0.0	0	0	0	0	0	0
89_1.conllu	1	6	6.0	3.8	0	0	33.333333333333336	0	16.666666666666668	0	0	0	16.666666666666668	0	16.666666666666668	0	0	16.666666666666668	0.6	100.0	0	0	0	100.0	100.0	0	0	0	0	0	0	0	0	0	100.0	0	0	0	0	0	0	0	0	0	0	0	0	0	0	0	0	1.0	100.0	3.0	0	0	0	100.0	0	0	0	2.0	6.0	4.0	2.0	4	0	0	0	0	0	0.0	100.0	0	0	0	16.666666666666668	0	0	0	0	0	16.666666666666668	0	0	0	16.666666666666668	0	0	0	0	0	0	0	0	0	0	0	16.666666666666668	0	0	0	0	0	16.666666666666668	16.666666666666668	0	0	0	100.0	0.0	0	0	0	0	0	0
128_1.conllu	1	7	7.0	6.333333333333333	0	0	0	14.285714285714286	14.285714285714286	0	42.857142857142854	0	0	0	14.285714285714286	0	0	14.285714285714286	0.6666666666666666	0	0	0	0	0	0	100.0	0	0	0	0	0	0	0	0	0	0	100.0	0	100.0	0	100.0	0	0	0	0	0	0	100.0	0	0	0	1.0	100.0	2.0	0	0	100.0	0	0	0	0	3.0	7.0	2.0	1.4	2	0	0	0	100.0	0.0	0	0	0	0	0	0	0	0	14.285714285714286	0	0	14.285714285714286	0	0	0	14.285714285714286	0	0	0	0	0	0	0	0	0	0	0	0	0	0	14.285714285714286	14.285714285714286	0	14.285714285714286	14.285714285714286	0	0	0	100.0	0.0	0	0	0	0	0	0
80_1.conllu	1	21	21.0	5.842105263157895	4.761904761904762	4.761904761904762	0	4.761904761904762	4.761904761904762	0	28.571428571428573	0	9.523809523809524	0	9.523809523809524	4.761904761904762	4.761904761904762	23.80952380952381	0.631578947368421	50.0	50.0	0	33.333333333333336	66.66666666666667	60.0	20.0	20.0	0	0	66.66666666666667	0	33.333333333333336	0	0	0	0	0	100.0	0	0	100.0	0	0	0	0	0	0	0	0	0	100.0	5.0	100.0	2.6	0	20.0	20.0	40.0	20.0	0	0	5.0	4.2	11.0	3.2222222222222223	11	0	0	0	100.0	0.0	50.0	50.0	0	0	4.761904761904762	0	4.761904761904762	0	4.761904761904762	0	4.761904761904762	4.761904761904762	4.761904761904762	4.761904761904762	0	4.761904761904762	0	0	0	0	4.761904761904762	0	0	4.761904761904762	0	0	4.761904761904762	9.523809523809524	0	0	4.761904761904762	14.285714285714286	0	9.523809523809524	4.761904761904762	0	4.761904761904762	0	25.0	75.0	33.333333333333336	66.66666666666667	1.5	50.0	50.0	0
75_1.conllu	1	14	14.0	6.166666666666667	7.142857142857143	7.142857142857143	7.142857142857143	7.142857142857143	0	0	28.571428571428573	0	14.285714285714286	0	14.285714285714286	7.142857142857143	0	7.142857142857143	0.5833333333333334	0	100.0	0	0	100.0	100.0	0	0	0	0	0	0	0	0	100.0	0	100.0	0	0	100.0	0	100.0	0	0	0	0	0	100.0	0	0	0	0	2.0	100.0	3.0	0	0	0	100.0	0	0	0	3.0	7.0	10.0	3.0	10	1.0	1	100.0	0.0	100.0	50.0	50.0	0	0	7.142857142857143	7.142857142857143	0	0	0	0	7.142857142857143	0	0	0	0	0	7.142857142857143	0	0	7.142857142857143	0	0	0	7.142857142857143	7.142857142857143	0	7.142857142857143	7.142857142857143	7.142857142857143	0	7.142857142857143	0	0	14.285714285714286	7.142857142857143	0	0	0	50.0	50.0	100.0	0.0	1.0	100.0	0	0
62_1.conllu	1	6	6.0	6.6	0	0	16.666666666666668	0	0	0	16.666666666666668	0	33.333333333333336	0	16.666666666666668	0	0	16.666666666666668	0.6	100.0	0	0	0	100.0	100.0	0	0	0	0	0	0	0	100.0	0	0	0	0	0	0	0	0	0	0	0	0	0	0	0	0	0	0	1.0	100.0	3.0	0	0	0	100.0	0	0	0	2.0	6.0	4.0	2.0	4	0	0	0	0.0	100.0	0	0	0	0	0	16.666666666666668	0	0	0	0	0	0	0	0	0	0	0	0	0	16.666666666666668	0	0	0	0	0	0	0	0	0	0	16.666666666666668	16.666666666666668	0	16.666666666666668	16.666666666666668	0	0	0	100.0	0.0	0	0	0	0	0	0
62_2.conllu	1	1	1.0	2.0	0	0	0	0	0	0	0	0	0	0	0	0	100.0	0	0.0	0	0	0	0	0	0	0	0	0	0	0	0	0	0	0	0	0	0	0	0	0	0	0	0	0	0	0	0	0	0	0	0	0.0	0.0	0	0	0	0	0	0	0	0	0.0	0	0.0	0	0	0	0	0	0	0	0	0	0	0	0	0	0	0	0	0	0	0	0	0	0	0	0	0	0	0	0	0	0	0	0	0	0	0	0	0	0	0	0	0	100.0	0	0	0	0	0	0	0	0	0	0	0
58_1.conllu	1	12	12.0	5.0	0	8.333333333333334	16.666666666666668	16.666666666666668	16.666666666666668	0	16.666666666666668	0	0	0	16.666666666666668	8.333333333333334	0	0	0.4	0	0	0	0	0	0	0	0	0	0	0	0	0	0	0	0	0	100.0	0	100.0	0	100.0	0	0	50.0	50.0	0	0	0	0	0	0	1.0	0.0	0	0	0	0	0	0	0	0	4.0	12.0	5.0	2.111111111111111	5	1.0	1	100.0	0	0	0	0	0	0	0	0	0	0	8.333333333333334	0	8.333333333333334	16.666666666666668	8.333333333333334	0	0	8.333333333333334	8.333333333333334	0	0	0	0	0	0	8.333333333333334	8.333333333333334	0	0	0	0	0	0	0	0	16.666666666666668	8.333333333333334	0	0	0	0.0	100.0	100.0	0.0	1.0	100.0	0	0
116_1.conllu	1	5	5.0	12.5	20.0	0	0	0	0	0	40.0	0	0	0	20.0	0	0	20.0	1.0	0	100.0	0	0	100.0	100.0	0	0	0	0	100.0	0	0	0	0	0	0	0	0	0	0	0	0	0	0	0	0	0	0	0	0	0	1.0	100.0	1.0	0	100.0	0	0	0	0	0	2.0	5.0	3.0	2.0	3	0	0	0	0	0	0	0	0	0	0	0	20.0	0	0	0	0	0	0	0	0	0	0	0	0	0	0	0	0	0	0	0	20.0	0	0	0	0	0	0	20.0	20.0	0	20.0	0	100.0	0.0	0	0	0	0	0	0
106_1.conllu	1	7	7.0	6.0	0	0	28.571428571428573	14.285714285714286	0	0	14.285714285714286	0	14.285714285714286	0	14.285714285714286	0	0	14.285714285714286	0.6666666666666666	0	0	0	0	0	0	0	100.0	0	0	0	0	0	0	0	0	100.0	0	0	100.0	0	100.0	0	0	0	0	0	0	0	100.0	0	0	1.0	100.0	3.0	0	0	0	100.0	0	0	0	2.0	7.0	3.0	1.8	3	0	0	0	0.0	100.0	0	0	0	0	0	28.571428571428573	0	0	14.285714285714286	0	0	0	0	0	0	0	0	0	0	14.285714285714286	0	0	0	0	0	0	0	0	0	0	14.285714285714286	0	0	14.285714285714286	14.285714285714286	0	0	0	100.0	0.0	0	0	0	0	0	0
133_1.conllu	1	6	6.0	4.8	0	0	33.333333333333336	33.333333333333336	0	0	16.666666666666668	0	0	0	16.666666666666668	0	0	0	0.6	0	0	0	0	0	0	0	0	0	0	0	0	0	0	0	0	0	100.0	0	100.0	0	50.0	0	50.0	0	0	0	0	0	0	0	100.0	1.0	100.0	0	0	0	0	0	0	0	0	1.0	6.0	4.0	2.5	4	0	0	0	0	0	100.0	0.0	0	0	0	16.666666666666668	0	0	16.666666666666668	0	0	0	0	0	0	0	16.666666666666668	0	0	0	0	0	0	0	0	0	0	0	16.666666666666668	0	0	0	0	16.666666666666668	16.666666666666668	0	0	0	100.0	0.0	0	0	0	0	0	0
90_1.conllu	1	4	4.0	10.0	0	0	0	0	25.0	0	50.0	0	0	0	25.0	0	0	0	0.6666666666666666	0	0	0	0	0	0	0	0	0	0	0	0	0	0	0	0	0	0	0	0	0	0	0	0	0	0	0	0	0	0	0	0	0.0	0.0	0	0	0	0	0	0	0	0	2.0	0	2.0	1.5	2	0	0	0	0	0	0	0	0	0	0	0	0	0	0	0	0	25.0	0	0	0	25.0	0	0	0	0	0	0	0	0	0	0	0	0	0	0	0	0	0	25.0	25.0	0	0	0	0	0	0	0	0	0	0	0
127_1.conllu	1	5	5.0	4.75	20.0	0	20.0	0	0	0	20.0	0	0	0	20.0	0	0	20.0	1.0	0	100.0	0	0	100.0	100.0	0	0	0	0	0	0	0	0	0	100.0	0	0	0	0	0	0	0	0	0	0	0	0	0	0	0	0	1.0	100.0	2.0	0	0	100.0	0	0	0	0	2.0	5.0	3.0	1.6666666666666667	3	0	0	0	0	0	0.0	100.0	0	0	0	20.0	20.0	0	0	0	0	0	0	0	0	0	0	0	0	0	0	0	0	0	0	0	0	20.0	0	0	0	0	0	20.0	20.0	0	0	0	100.0	0.0	0	0	0	0	0	0
102_1.conllu	1	6	6.0	3.75	16.666666666666668	0	0	33.333333333333336	0	0	0	0	16.666666666666668	0	33.333333333333336	0	0	0	0.25	0	0	0	0	0	0	0	0	0	0	0	0	0	0	0	0	0	100.0	0	100.0	0	100.0	0	0	50.0	0	0	0	0	0	0	50.0	1.0	100.0	0	0	0	0	0	0	0	0	1.0	6.0	3.0	2.0	3	0	0	0	0	0	100.0	0.0	0	0	0	0	0	0	16.666666666666668	0	0	0	0	0	0	0	16.666666666666668	0	0	0	0	0	0	0	0	0	0	0	16.666666666666668	0	0	0	0	33.333333333333336	16.666666666666668	0	0	0	100.0	0.0	0	0	0	0	0	0
102_2.conllu	1	4	4.0	7.0	25.0	0	0	0	0	0	25.0	0	0	0	25.0	0	0	25.0	1.0	100.0	0	0	0	100.0	100.0	0	0	0	0	0	0	0	0	0	100.0	0	0	0	0	0	0	0	0	0	0	0	0	0	0	0	0	1.0	100.0	1.0	0	100.0	0	0	0	0	0	2.0	4.0	1.0	1.0	1	0	0	0	0	0	100.0	0.0	0	0	0	0	25.0	0	0	0	0	0	0	0	0	0	0	0	0	0	0	0	0	0	0	0	0	25.0	0	0	0	0	0	25.0	25.0	0	0	0	100.0	0.0	0	0	0	0	0	0
17_1.conllu	1	8	8.0	7.0	12.5	0	0	12.5	0	0	37.5	0	25.0	0	12.5	0	0	0	0.5714285714285714	0	0	0	0	0	0	0	0	0	0	0	0	0	0	0	0	0	0	100.0	0	0	100.0	0	0	0	0	0	0	0	0	0	100.0	1.0	100.0	0	0	0	0	0	0	0	0	2.0	8.0	4.0	1.8333333333333333	4	0	0	0	0	0	100.0	0.0	0	0	0	0	12.5	0	0	0	0	0	0	0	0	0	12.5	0	0	25.0	0	0	0	0	12.5	0	0	0	12.5	0	0	0	0	12.5	12.5	0	0	0	100.0	0.0	0	0	0	0	0	0
3_1.conllu	1	10	10.0	4.75	0	0	10.0	10.0	0	0	10.0	0	10.0	0	20.0	10.0	0	30.0	0.625	0	100.0	0	0	100.0	33.333333333333336	33.333333333333336	33.333333333333336	0	0	0	0	0	0	0	100.0	0	100.0	0	100.0	0	100.0	0	0	0	0	0	0	0	0	0	100.0	3.0	100.0	2.0	33.333333333333336	0	33.333333333333336	0	33.333333333333336	0	0	2.0	3.3333333333333335	5.0	2.142857142857143	5	0	0	0	0	0	100.0	0.0	0	0	0	10.0	0	0	10.0	0	0	0	10.0	0	0	0	0	0	0	0	0	0	0	10.0	0	0	0	20.0	0	0	0	0	0	20.0	10.0	0	10.0	0	33.333333333333336	66.66666666666667	100.0	0.0	1.0	100.0	0	0
87_1.conllu	1	6	6.0	7.8	0	0	0	0	16.666666666666668	0	16.666666666666668	0	16.666666666666668	16.666666666666668	16.666666666666668	0	0	16.666666666666668	0.6	100.0	0	0	0	100.0	100.0	0	0	0	0	0	100.0	0	0	0	0	0	0	0	0	0	0	0	0	0	0	0	0	0	0	0	0	1.0	100.0	3.0	0	0	0	100.0	0	0	0	2.0	6.0	3.0	1.5	3	0	0	0	0	0	0.0	100.0	0	0	0	0	0	0	0	0	0	16.666666666666668	0	0	0	0	0	0	0	0	0	0	0	0	0	0	16.666666666666668	16.666666666666668	0	0	0	16.666666666666668	0	16.666666666666668	16.666666666666668	0	0	0	100.0	0.0	0	0	0	0	0	0
150_1.conllu	1	13	13.0	10.181818181818182	7.6923076923076925	0	0	7.6923076923076925	0	0	38.46153846153846	0	0	23.076923076923077	15.384615384615385	0	0	7.6923076923076925	0.9090909090909091	100.0	0	0	0	100.0	100.0	0	0	0	0	0	0	0	0	0	100.0	0	100.0	0	100.0	0	100.0	0	0	0	0	0	0	0	0	0	100.0	2.0	100.0	2.0	0	0	100.0	0	0	0	0	5.0	6.5	4.0	1.5	4	0	0	0	100.0	0.0	0.0	100.0	0	0	0	0	7.6923076923076925	0	0	0	0	0	0	15.384615384615385	0	0	7.6923076923076925	0	0	0	0	0	7.6923076923076925	0	0	0	7.6923076923076925	7.6923076923076925	7.6923076923076925	0	7.6923076923076925	7.6923076923076925	0	15.384615384615385	7.6923076923076925	0	0	0	50.0	50.0	0.0	100.0	1.0	100.0	0	0
83_1.conllu	1	7	7.0	7.0	0	14.285714285714286	0	14.285714285714286	0	0	14.285714285714286	0	28.571428571428573	0	14.285714285714286	0	0	14.285714285714286	0.3333333333333333	0	0	0	0	0	0	100.0	0	0	0	0	0	0	0	0	0	0	0	100.0	0	0	100.0	0	0	0	0	0	0	0	0	0	100.0	1.0	100.0	2.0	0	0	100.0	0	0	0	0	2.0	7.0	2.0	1.4	2	0	0	0	0	0	100.0	0.0	0	0	0	0	0	0	14.285714285714286	0	14.285714285714286	0	0	0	0	0	0	0	0	0	0	0	0	0	14.285714285714286	0	0	14.285714285714286	0	0	0	14.285714285714286	0	14.285714285714286	14.285714285714286	0	0	0	100.0	0.0	0	0	0	0	0	0
79_1.conllu	1	9	9.0	7.0	0	0	55.55555555555556	22.22222222222222	0	0	0	0	11.11111111111111	0	11.11111111111111	0	0	0	0.625	0	0	0	0	0	0	0	0	0	0	0	0	0	0	0	0	0	0	100.0	0	0	50.0	50.0	0	0	0	0	0	100.0	0	0	0	1.0	100.0	0	0	0	0	0	0	0	0	2.0	9.0	5.0	2.5714285714285716	5	0	0	0	0	0	0	0	0	0	0	44.44444444444444	0	0	11.11111111111111	0	0	0	0	0	0	0	11.11111111111111	0	0	0	0	0	0	0	11.11111111111111	0	0	0	0	0	0	0	0	11.11111111111111	11.11111111111111	0	0	0	100.0	0.0	0	0	0	0	0	0
142_1.conllu	1	9	9.0	8.125	0	0	11.11111111111111	11.11111111111111	0	0	22.22222222222222	0	11.11111111111111	0	11.11111111111111	0	0	33.333333333333336	0.75	0	0	0	0	0	0	33.333333333333336	66.66666666666667	0	0	0	0	0	0	0	0	0	100.0	0	100.0	0	100.0	0	0	0	0	0	0	0	0	0	100.0	3.0	100.0	2.0	0	66.66666666666667	0	0	33.333333333333336	0	0	3.0	3.0	3.0	1.5714285714285714	3	0	0	0	0	0	100.0	0.0	0	0	0	11.11111111111111	0	0	11.11111111111111	0	0	0	0	0	0	0	0	0	0	0	0	0	0	0	0	0	0	11.11111111111111	0	0	0	22.22222222222222	0	11.11111111111111	11.11111111111111	0	22.22222222222222	0	33.333333333333336	66.66666666666667	100.0	0.0	2.0	0	100.0	0
65_1.conllu	1	19	19.0	7.764705882352941	10.526315789473685	5.2631578947368425	15.789473684210526	5.2631578947368425	5.2631578947368425	0	21.05263157894737	0	10.526315789473685	0	10.526315789473685	0	0	15.789473684210526	0.7058823529411765	0	100.0	0	0	100.0	33.333333333333336	33.333333333333336	33.333333333333336	0	0	0	100.0	0	0	0	0	0	100.0	0	100.0	0	100.0	0	0	0	0	0	100.0	0	0	0	0	4.0	100.0	2.0	33.333333333333336	0	0	66.66666666666667	0	0	0	4.0	4.75	6.0	2.125	6	0	0	0	0	0	50.0	50.0	5.2631578947368425	0	0	15.789473684210526	5.2631578947368425	0	0	0	5.2631578947368425	5.2631578947368425	0	0	0	5.2631578947368425	5.2631578947368425	0	0	0	0	0	0	0	5.2631578947368425	0	5.2631578947368425	5.2631578947368425	5.2631578947368425	0	0	10.526315789473685	0	10.526315789473685	5.2631578947368425	0	5.2631578947368425	0	33.333333333333336	66.66666666666667	100.0	0.0	1.0	100.0	0	0
69_1.conllu	1	11	11.0	7.0	9.090909090909092	0	0	9.090909090909092	0	0	27.272727272727273	0	0	0	36.36363636363637	0	0	18.181818181818183	0.8571428571428571	0	0	0	0	0	0	100.0	0	0	0	0	0	0	0	0	0	0	0	100.0	0	0	100.0	0	0	0	0	100.0	0	0	0	0	0	2.0	100.0	2.0	0	50.0	0	50.0	0	0	0	2.0	5.5	6.0	2.1666666666666665	6	0	0	0	0.0	100.0	0	0	0	0	0	0	9.090909090909092	0	9.090909090909092	0	0	0	0	0	0	0	0	0	0	0	0	0	0	0	0	0	0	0	0	0	9.090909090909092	9.090909090909092	0	36.36363636363637	9.090909090909092	9.090909090909092	0	9.090909090909092	50.0	50.0	100.0	0.0	1.0	100.0	0	0
114_1.conllu	1	4	4.0	6.666666666666667	0	0	0	0	0	0	0	0	25.0	25.0	25.0	0	0	25.0	0.6666666666666666	0	100.0	0	0	100.0	100.0	0	0	0	0	0	100.0	0	0	0	0	0	0	0	0	0	0	0	0	0	0	0	0	0	0	0	0	1.0	100.0	2.0	0	0	100.0	0	0	0	0	1.0	4.0	2.0	1.5	2	0	0	0	0	0	0.0	100.0	0	0	0	0	0	0	0	0	0	0	0	0	0	0	0	0	0	0	0	0	0	0	0	0	0	25.0	0	0	0	25.0	0	25.0	25.0	0	0	0	100.0	0.0	0	0	0	0	0	0
10_1.conllu	1	6	6.0	12.8	0	0	0	0	0	0	50.0	0	0	0	16.666666666666668	0	0	33.333333333333336	1.0	100.0	0	0	0	100.0	50.0	0	50.0	0	0	0	0	0	100.0	0	0	0	0	0	0	0	0	0	0	0	0	0	0	0	0	0	0	2.0	100.0	1.5	0	50.0	50.0	0	0	0	0	3.0	3.0	1.0	1.0	1	0	0	0	50.0	50.0	100.0	0.0	16.666666666666668	0	0	0	0	0	0	0	0	0	0	0	0	0	0	0	0	0	0	0	0	0	0	0	0	16.666666666666668	0	0	33.333333333333336	0	0	16.666666666666668	16.666666666666668	0	0	0	50.0	50.0	0.0	100.0	1.0	100.0	0	0
104_1.conllu	1	4	4.0	9.0	0	0	0	0	0	0	25.0	0	0	0	50.0	0	0	25.0	1.0	0	100.0	0	0	100.0	100.0	0	0	0	0	100.0	0	0	0	0	0	0	0	0	0	0	0	0	0	0	0	0	0	0	0	0	0	1.0	100.0	1.0	0	100.0	0	0	0	0	0	1.0	4.0	1.0	1.0	1	0	0	0	0.0	100.0	0	0	0	0	0	0	0	0	0	0	0	0	0	0	0	0	0	0	0	0	0	0	0	0	0	0	0	0	0	0	25.0	0	0	50.0	25.0	0	0	0	100.0	0.0	0	0	0	0	0	0
2_1.conllu	1	8	8.0	5.833333333333333	0	0	25.0	12.5	0	0	0	0	12.5	0	25.0	0	0	25.0	0.6666666666666666	0	100.0	0	0	100.0	50.0	0	50.0	0	0	0	0	0	0	100.0	0	0	100.0	0	100.0	0	100.0	0	0	0	0	0	0	0	0	0	100.0	2.0	100.0	2.0	0	50.0	0	50.0	0	0	0	2.0	4.0	4.0	2.0	4	0	0	0	100.0	0.0	0	0	0	0	0	25.0	0	0	12.5	0	0	0	12.5	0	0	0	0	0	0	0	0	0	0	0	0	0	0	0	0	0	12.5	0	0	25.0	12.5	0	0	0	50.0	50.0	100.0	0.0	1.0	100.0	0	0
54_1.conllu	1	7	7.0	6.5	0	0	0	0	0	0	42.857142857142854	0	14.285714285714286	0	14.285714285714286	0	0	28.571428571428573	0.8333333333333334	0	100.0	0	0	100.0	50.0	50.0	0	0	0	0	0	0	0	0	100.0	0	0	0	0	0	0	0	0	0	0	0	0	0	0	0	0	2.0	100.0	2.0	0	0	100.0	0	0	0	0	3.0	3.5	3.0	1.8	3	0	0	0	0.0	100.0	0.0	100.0	0	0	0	0	0	0	0	0	0	0	0	0	0	0	0	0	0	0	0	0	0	0	0	0	14.285714285714286	14.285714285714286	0	0	14.285714285714286	14.285714285714286	0	14.285714285714286	14.285714285714286	0	14.285714285714286	0	50.0	50.0	100.0	0.0	1.0	100.0	0	0
50_1.conllu	1	6	6.0	7.333333333333333	0	0	0	0	0	0	16.666666666666668	0	0	0	50.0	0	0	33.333333333333336	1.0	0	100.0	0	0	100.0	50.0	50.0	0	0	0	0	0	0	100.0	0	0	0	0	0	0	0	0	0	0	0	0	0	0	0	0	0	0	2.0	100.0	1.0	0	100.0	0	0	0	0	0	2.0	3.0	1.0	1.0	1	0	0	0	0	0	0	0	0	0	0	0	0	0	0	0	0	0	0	0	0	0	0	0	0	0	0	0	0	0	0	0	0	0	0	0	0	16.666666666666668	0	50.0	16.666666666666668	0	16.666666666666668	0	50.0	50.0	100.0	0.0	1.0	100.0	0	0
140_1.conllu	1	12	12.0	5.375	16.666666666666668	0	8.333333333333334	16.666666666666668	8.333333333333334	0	0	0	8.333333333333334	0	33.333333333333336	0	0	8.333333333333334	0.5	0	100.0	0	0	100.0	100.0	0	0	0	0	0	0	0	0	0	100.0	0	100.0	0	100.0	0	100.0	0	0	50.0	0	0	0	0	0	0	50.0	2.0	100.0	2.0	0	0	100.0	0	0	0	0	2.0	6.0	8.0	3.4285714285714284	8	0	0	0	0	0	100.0	0.0	0	0	0	8.333333333333334	0	0	8.333333333333334	0	0	8.333333333333334	0	0	0	8.333333333333334	8.333333333333334	0	0	0	0	0	0	0	0	0	0	0	8.333333333333334	0	0	0	0	33.333333333333336	8.333333333333334	0	8.333333333333334	0	100.0	0.0	0	0	0	0	0	0
18_1.conllu	1	8	8.0	7.0	0	0	0	12.5	0	0	25.0	0	12.5	0	37.5	0	0	12.5	0.6	0	100.0	0	0	100.0	100.0	0	0	100.0	0	0	0	0	0	0	0	0	100.0	0	100.0	0	100.0	0	0	0	0	0	0	0	0	0	100.0	1.0	0.0	1.0	0	100.0	0	0	0	0	0	2.0	8.0	6.0	2.75	6	0	0	0	0	0	0	0	0	0	0	0	0	0	12.5	0	0	0	0	0	0	12.5	0	0	0	0	0	0	0	0	0	0	0	0	0	0	0	12.5	12.5	37.5	12.5	0	0	0	0	0	0	0	0	0	0	0
48_1.conllu	1	6	6.0	7.8	0	0	0	16.666666666666668	16.666666666666668	0	50.0	0	0	0	16.666666666666668	0	0	0	0.6	0	0	0	0	0	0	0	0	0	0	0	0	0	0	0	0	0	100.0	0	100.0	0	100.0	0	0	0	0	0	0	0	0	0	100.0	1.0	100.0	0	0	0	0	0	0	0	0	2.0	6.0	4.0	2.25	4	0	0	0	0	0	100.0	0.0	0	0	0	0	0	0	0	0	0	16.666666666666668	0	0	0	0	16.666666666666668	0	0	0	0	0	0	0	0	0	16.666666666666668	0	16.666666666666668	0	0	0	0	16.666666666666668	16.666666666666668	0	0	0	100.0	0.0	0	0	0	0	0	0
30_1.conllu	1	13	13.0	10.416666666666666	23.076923076923077	0	0	7.6923076923076925	0	0	46.15384615384615	0	0	7.6923076923076925	7.6923076923076925	0	0	7.6923076923076925	0.9166666666666666	0	0	0	0	0	0	0	100.0	0	0	0	0	0	0	0	0	0	100.0	0	100.0	0	100.0	0	0	0	0	0	0	0	0	0	100.0	2.0	100.0	1.0	0	100.0	0	0	0	0	0	5.0	6.5	4.0	1.9090909090909092	4	0	0	0	100.0	0.0	0	0	7.6923076923076925	0	0	0	15.384615384615385	0	0	0	0	0	0	7.6923076923076925	0	0	7.6923076923076925	0	0	0	0	0	7.6923076923076925	0	15.384615384615385	7.6923076923076925	7.6923076923076925	0	0	0	7.6923076923076925	0	0	7.6923076923076925	7.6923076923076925	0	0	0	50.0	50.0	100.0	0.0	1.0	100.0	0	0