Filename	n_sentences	n_tokens	tokens_per_sent	char_per_tok	upos_dist_ADJ	upos_dist_ADP	upos_dist_ADV	upos_dist_AUX	upos_dist_CCONJ	upos_dist_DET	upos_dist_INTJ	upos_dist_NOUN	upos_dist_NUM	upos_dist_PRON	upos_dist_PROPN	upos_dist_PUNCT	upos_dist_SCONJ	upos_dist_VERB	upos_dist_X	lexical_density	verbal_head_per_sent	verbal_root_perc	avg_verb_edges	verb_edges_dist_0	verb_edges_dist_1	verb_edges_dist_2	verb_edges_dist_3	verb_edges_dist_4	verb_edges_dist_5	verb_edges_dist_6	avg_max_depth	avg_token_per_clause	avg_max_links_len	avg_links_len	max_links_len	avg_prepositional_chain_len	n_prepositional_chains	prep_dist_1	obj_pre	obj_post	subj_pre	subj_post	dep_dist_acl	dep_dist_advcl	dep_dist_advmod	dep_dist_amod	dep_dist_appos	dep_dist_aux	dep_dist_case	dep_dist_cc	dep_dist_ccomp	dep_dist_compound	dep_dist_conj	dep_dist_cop	dep_dist_csubj	dep_dist_dep	dep_dist_det	dep_dist_discourse	dep_dist_dislocated	dep_dist_fixed	dep_dist_flat	dep_dist_iobj	dep_dist_mark	dep_dist_nmod	dep_dist_nsubj	dep_dist_nummod	dep_dist_obj	dep_dist_obl	dep_dist_punct	dep_dist_root	dep_dist_xcomp	principal_proposition_dist	subordinate_proposition_dist	subordinate_post	subordinate_pre	avg_subordinate_chain_len	subordinate_dist_1	subordinate_dist_2
100_1.conllu	1	14	14.0	3.076923076923077	0	0	14.285714285714286	7.142857142857143	7.142857142857143	7.142857142857143	0	28.571428571428573	0	0	0	7.142857142857143	7.142857142857143	21.428571428571427	0	0.6923076923076923	3.0	100.0	1.6666666666666667	33.333333333333336	0	33.333333333333336	33.333333333333336	0	0	0	5.0	4.666666666666667	11.0	2.25	11	0	0	0	100.0	0.0	100.0	0.0	7.142857142857143	7.142857142857143	0	0	0	14.285714285714286	0	7.142857142857143	7.142857142857143	0	0	0	0	0	7.142857142857143	0	7.142857142857143	0	0	0	0	7.142857142857143	7.142857142857143	0	7.142857142857143	7.142857142857143	7.142857142857143	7.142857142857143	0	33.333333333333336	66.66666666666667	50.0	50.0	1.0	100.0	0
43_1.conllu	1	4	4.0	3.3333333333333335	0	0	25.0	0	25.0	0	0	0	0	0	0	25.0	0	25.0	0	0.6666666666666666	1.0	100.0	2.0	0	0	100.0	0	0	0	0	1.0	4.0	2.0	1.5	2	0	0	0	0	0	0	0	0	25.0	0	0	0	0	0	25.0	0	0	0	0	0	0	0	0	0	0	0	0	0	0	0	0	0	0	25.0	25.0	0	100.0	0.0	0	0	0	0	0
32_1.conllu	1	11	11.0	2.9	18.181818181818183	0	9.090909090909092	0	0	0	0	27.272727272727273	0	18.181818181818183	0	9.090909090909092	0	18.181818181818183	0	0.8	2.0	0.0	1.0	50.0	0	50.0	0	0	0	0	4.0	5.5	7.0	2.111111111111111	7	0	0	0	100.0	0.0	100.0	0.0	18.181818181818183	0	0	9.090909090909092	0	0	0	0	0	9.090909090909092	0	0	0	18.181818181818183	0	0	0	0	0	0	0	0	9.090909090909092	0	9.090909090909092	9.090909090909092	9.090909090909092	9.090909090909092	0	0.0	100.0	0.0	100.0	1.0	100.0	0
200_1.conllu	1	9	9.0	2.875	0	0	0	11.11111111111111	11.11111111111111	0	0	22.22222222222222	0	11.11111111111111	0	11.11111111111111	11.11111111111111	22.22222222222222	0	0.5	2.0	100.0	2.0	50.0	0	0	0	50.0	0	0	2.0	4.5	6.0	2.4285714285714284	6	0	0	0	100.0	0.0	100.0	0.0	0	0	11.11111111111111	0	0	11.11111111111111	0	11.11111111111111	11.11111111111111	11.11111111111111	0	0	0	0	0	0	0	0	0	0	0	0	11.11111111111111	0	11.11111111111111	0	11.11111111111111	11.11111111111111	0	50.0	50.0	0.0	100.0	1.0	100.0	0
112_1.conllu	1	19	19.0	2.411764705882353	0	0	26.31578947368421	5.2631578947368425	0	0	0	21.05263157894737	5.2631578947368425	5.2631578947368425	5.2631578947368425	10.526315789473685	5.2631578947368425	15.789473684210526	0	0.7647058823529411	3.0	100.0	2.3333333333333335	0	66.66666666666667	0	0	0	33.333333333333336	0	5.0	6.333333333333333	16.0	2.9375	16	0	0	0	100.0	0.0	100.0	0.0	5.2631578947368425	10.526315789473685	10.526315789473685	0	0	5.2631578947368425	0	0	15.789473684210526	10.526315789473685	0	0	0	5.2631578947368425	0	0	5.2631578947368425	0	0	0	0	0	5.2631578947368425	0	5.2631578947368425	5.2631578947368425	10.526315789473685	5.2631578947368425	0	33.333333333333336	66.66666666666667	0.0	100.0	1.0	100.0	0
154_1.conllu	1	12	12.0	2.888888888888889	0	8.333333333333334	16.666666666666668	0	8.333333333333334	0	0	8.333333333333334	0	8.333333333333334	0	25.0	0	25.0	0	0.6666666666666666	4.0	100.0	1.6666666666666667	33.333333333333336	33.333333333333336	0	0	33.333333333333336	0	0	3.0	3.0	9.0	2.75	9	0	0	0	100.0	0.0	0	0	0	8.333333333333334	8.333333333333334	0	0	8.333333333333334	0	8.333333333333334	16.666666666666668	0	0	8.333333333333334	0	0	0	0	0	0	0	0	0	0	0	0	8.333333333333334	0	25.0	8.333333333333334	0	25.0	75.0	33.333333333333336	66.66666666666667	1.5	50.0	50.0
28_1.conllu	1	12	12.0	3.4	0	0	25.0	8.333333333333334	8.333333333333334	8.333333333333334	0	0	0	16.666666666666668	0	16.666666666666668	8.333333333333334	8.333333333333334	0	0.4	1.0	0.0	1.0	0	100.0	0	0	0	0	0	2.0	12.0	5.0	2.3333333333333335	5	0	0	0	0	0	0	0	0	8.333333333333334	16.666666666666668	0	0	8.333333333333334	0	0	0	0	16.666666666666668	0	0	0	8.333333333333334	0	0	0	0	0	0	16.666666666666668	0	0	0	0	16.666666666666668	8.333333333333334	0	0	0	0	0	0	0	0
113_1.conllu	1	9	9.0	2.75	0	0	33.333333333333336	0	11.11111111111111	0	0	11.11111111111111	0	11.11111111111111	0	11.11111111111111	11.11111111111111	11.11111111111111	0	0.625	1.0	0.0	1.0	0	100.0	0	0	0	0	0	4.0	9.0	4.0	2.142857142857143	4	0	0	0	0	0	100.0	0.0	11.11111111111111	11.11111111111111	11.11111111111111	0	0	11.11111111111111	0	0	0	0	11.11111111111111	0	0	11.11111111111111	0	0	0	0	0	0	0	0	11.11111111111111	0	0	0	11.11111111111111	11.11111111111111	0	0	0	0	0	0	0	0
115_1.conllu	1	10	10.0	3.111111111111111	0	0	0	10.0	10.0	10.0	0	20.0	0	0	0	10.0	10.0	30.0	0	0.5555555555555556	3.0	100.0	1.3333333333333333	33.333333333333336	33.333333333333336	0	33.333333333333336	0	0	0	2.0	3.3333333333333335	7.0	2.125	7	0	0	0	100.0	0.0	100.0	0.0	10.0	0	0	0	0	20.0	0	10.0	0	0	10.0	0	0	0	10.0	0	0	0	0	0	0	0	10.0	0	10.0	0	10.0	10.0	0	50.0	50.0	0.0	100.0	1.0	100.0	0
121_1.conllu	1	8	8.0	3.7142857142857144	0	0	25.0	12.5	0	0	0	12.5	0	0	0	12.5	25.0	12.5	0	0.5714285714285714	1.0	100.0	1.0	0	100.0	0	0	0	0	0	4.0	8.0	2.0	1.3333333333333333	2	0	0	0	0	0	100.0	0.0	12.5	25.0	0	0	0	0	0	0	25.0	0	0	0	0	0	0	0	0	0	0	0	0	0	12.5	0	0	0	12.5	12.5	0	100.0	0.0	0	0	0	0	0
123_1.conllu	1	8	8.0	3.2857142857142856	12.5	0	12.5	0	0	0	0	12.5	0	0	0	12.5	12.5	37.5	0	0.8571428571428571	3.0	100.0	0.6666666666666666	66.66666666666667	0	33.333333333333336	0	0	0	0	2.0	2.6666666666666665	3.0	1.5	3	0	0	0	0	0	100.0	0.0	0	0	12.5	25.0	0	12.5	0	0	0	0	0	0	0	0	0	0	0	0	0	0	0	0	12.5	0	0	0	12.5	12.5	12.5	50.0	50.0	100.0	0.0	1.0	100.0	0
126_1.conllu	1	8	8.0	3.2857142857142856	0	0	0	12.5	0	0	0	50.0	0	0	0	12.5	0	25.0	0	0.8571428571428571	2.0	100.0	1.0	0	100.0	0	0	0	0	0	3.0	4.0	4.0	1.6666666666666667	4	0	0	0	0	0	100.0	0.0	12.5	0	0	12.5	0	12.5	0	0	0	0	0	0	0	0	0	0	12.5	0	0	0	0	12.5	12.5	0	0	0	12.5	12.5	0	50.0	50.0	0.0	100.0	1.0	100.0	0
20_1.conllu	1	15	15.0	3.3846153846153846	13.333333333333334	0	13.333333333333334	0	0	6.666666666666667	0	26.666666666666668	0	0	0	13.333333333333334	13.333333333333334	13.333333333333334	0	0.7692307692307693	2.0	0.0	1.5	50.0	0	0	50.0	0	0	0	7.0	7.5	6.0	2.25	6	0	0	0	0	0	100.0	0.0	13.333333333333334	0	6.666666666666667	0	0	0	0	0	0	0	6.666666666666667	0	0	0	6.666666666666667	0	13.333333333333334	0	0	0	6.666666666666667	6.666666666666667	6.666666666666667	0	0	6.666666666666667	13.333333333333334	6.666666666666667	6.666666666666667	0.0	100.0	0.0	100.0	1.0	100.0	0
7_1.conllu	1	5	5.0	2.5	0	0	20.0	0	0	20.0	0	20.0	0	0	0	20.0	0	20.0	0	0.75	1.0	100.0	2.0	0	0	100.0	0	0	0	0	2.0	5.0	3.0	1.6666666666666667	3	0	0	0	0	0	100.0	0.0	0	0	20.0	0	0	0	0	0	0	0	0	0	0	0	20.0	0	0	0	0	0	0	0	20.0	0	0	0	20.0	20.0	0	100.0	0.0	0	0	0	0	0
193_1.conllu	1	5	5.0	2.5	0	0	0	0	40.0	20.0	0	20.0	0	0	0	20.0	0	0	0	0.25	0.0	0.0	0	0	0	0	0	0	0	0	2.0	0	1.0	1.0	1	0	0	0	100.0	0.0	0	0	0	0	0	0	0	0	0	0	0	0	40.0	0	0	0	20.0	0	0	0	0	0	0	0	0	0	20.0	0	0	20.0	0	0	0	0	0	0	0	0
147_1.conllu	1	21	21.0	3.2	9.523809523809524	0	14.285714285714286	9.523809523809524	4.761904761904762	0	0	23.80952380952381	0	0	19.047619047619047	4.761904761904762	0	14.285714285714286	0	0.85	3.0	100.0	2.0	0	0	100.0	0	0	0	0	5.0	7.0	14.0	2.5789473684210527	14	0	0	0	100.0	0.0	100.0	0.0	9.523809523809524	9.523809523809524	0	9.523809523809524	0	9.523809523809524	0	0	0	4.761904761904762	4.761904761904762	0	0	4.761904761904762	0	0	4.761904761904762	0	0	0	0	9.523809523809524	14.285714285714286	0	4.761904761904762	4.761904761904762	4.761904761904762	4.761904761904762	0	33.333333333333336	66.66666666666667	0.0	100.0	1.0	100.0	0
198_1.conllu	1	16	16.0	3.533333333333333	0	0	12.5	6.25	0	0	0	18.75	0	0	12.5	6.25	12.5	31.25	0	0.8	5.0	100.0	1.2	40.0	20.0	20.0	20.0	0	0	0	7.0	3.2	6.0	1.7142857142857142	6	0	0	0	100.0	0.0	100.0	0.0	12.5	0	0	6.25	0	12.5	0	0	12.5	6.25	0	0	0	0	0	0	6.25	0	0	0	0	0	6.25	0	12.5	12.5	6.25	6.25	0	25.0	75.0	33.333333333333336	66.66666666666667	1.0	100.0	0
38_1.conllu	1	10	10.0	3.3333333333333335	0	0	10.0	0	0	0	0	40.0	0	0	0	10.0	20.0	20.0	0	0.7777777777777778	2.0	100.0	1.5	0	50.0	50.0	0	0	0	0	4.0	5.0	4.0	1.5	4	0	0	0	100.0	0.0	0	0	10.0	0	0	0	0	0	0	0	20.0	0	0	0	0	0	0	0	10.0	0	0	0	0	20.0	0	0	10.0	10.0	10.0	10.0	0	50.0	50.0	0.0	100.0	1.0	100.0	0
40_1.conllu	1	5	5.0	3.25	0	0	20.0	0	0	0	0	0	0	20.0	0	20.0	0	40.0	0	0.75	2.0	100.0	1.5	0	50.0	50.0	0	0	0	0	2.0	2.5	2.0	1.3333333333333333	2	0	0	0	100.0	0.0	0	0	0	0	20.0	0	0	0	0	0	20.0	0	0	0	0	0	0	0	0	0	0	0	0	0	0	0	20.0	0	20.0	20.0	0	50.0	50.0	0.0	100.0	1.0	100.0	0
184_1.conllu	1	5	5.0	3.0	0	0	40.0	0	0	0	0	0	0	20.0	0	20.0	0	20.0	0	0.75	1.0	100.0	3.0	0	0	0	100.0	0	0	0	1.0	5.0	3.0	2.0	3	0	0	0	100.0	0.0	0	0	0	20.0	20.0	0	0	0	0	0	0	0	0	0	0	0	0	0	0	0	0	0	0	0	0	0	20.0	0	20.0	20.0	0	100.0	0.0	0	0	0	0	0
175_1.conllu	1	31	31.0	2.3333333333333335	3.225806451612903	3.225806451612903	9.67741935483871	3.225806451612903	0	6.451612903225806	0	9.67741935483871	0	0	22.580645161290324	32.25806451612903	3.225806451612903	6.451612903225806	0	0.7619047619047619	2.0	100.0	3.0	0	50.0	0	0	0	50.0	0	3.0	15.5	27.0	5.35	27	1.0	1	100.0	0	0	0	0	0	3.225806451612903	9.67741935483871	3.225806451612903	12.903225806451612	6.451612903225806	3.225806451612903	0	3.225806451612903	6.451612903225806	0	0	0	0	6.451612903225806	0	0	0	3.225806451612903	0	0	3.225806451612903	0	0	0	3.225806451612903	32.25806451612903	3.225806451612903	0	50.0	50.0	0.0	100.0	1.0	100.0	0
39_1.conllu	1	4	4.0	4.0	25.0	0	0	0	0	0	0	0	0	25.0	0	25.0	0	25.0	0	0.6666666666666666	1.0	0.0	0.0	100.0	0	0	0	0	0	0	1.0	4.0	2.0	1.5	2	0	0	0	0	0	100.0	0.0	0	0	0	25.0	0	0	0	0	0	0	0	0	0	0	0	0	0	0	0	0	0	0	25.0	0	0	0	25.0	25.0	0	0	0	0	0	0	0	0
35_1.conllu	1	20	20.0	2.6666666666666665	0	0	5.0	10.0	0	5.0	0	35.0	0	0	0	10.0	15.0	20.0	0	0.6666666666666666	4.0	100.0	1.25	50.0	0	25.0	25.0	0	0	0	5.0	5.0	7.0	2.235294117647059	7	0	0	0	100.0	0.0	100.0	0.0	5.0	0	5.0	5.0	0	10.0	0	0	15.0	5.0	0	0	0	0	5.0	0	0	0	0	0	0	5.0	20.0	0	5.0	0	10.0	5.0	5.0	33.333333333333336	66.66666666666667	0.0	100.0	1.0	100.0	0
57_1.conllu	1	14	14.0	2.727272727272727	0	7.142857142857143	7.142857142857143	0	0	0	0	35.714285714285715	0	0	0	21.428571428571427	14.285714285714286	14.285714285714286	0	0.7272727272727273	2.0	100.0	2.0	0	50.0	0	50.0	0	0	0	4.0	7.0	6.0	2.1	6	0	0	0	0	0	100.0	0.0	0	7.142857142857143	7.142857142857143	0	0	7.142857142857143	7.142857142857143	0	7.142857142857143	21.428571428571427	0	0	0	0	0	0	0	0	0	0	0	0	7.142857142857143	0	0	0	21.428571428571427	7.142857142857143	7.142857142857143	50.0	50.0	0.0	100.0	1.0	100.0	0
111_1.conllu	1	16	16.0	2.142857142857143	0	0	25.0	6.25	0	0	0	25.0	0	6.25	0	12.5	6.25	18.75	0	0.7857142857142857	3.0	100.0	2.0	0	66.66666666666667	0	0	33.333333333333336	0	0	6.0	5.333333333333333	6.0	1.7692307692307692	6	0	0	0	100.0	0.0	100.0	0.0	6.25	6.25	12.5	0	0	6.25	0	0	18.75	6.25	0	0	0	6.25	0	0	0	0	0	0	0	0	6.25	0	6.25	6.25	12.5	6.25	0	33.333333333333336	66.66666666666667	0.0	100.0	1.0	100.0	0
144_1.conllu	1	5	5.0	2.25	0	0	20.0	0	0	0	0	0	0	20.0	0	20.0	0	40.0	0	0.75	2.0	100.0	1.0	50.0	0	50.0	0	0	0	0	1.0	2.5	2.0	1.3333333333333333	2	0	0	0	0	0	0	0	0	0	20.0	0	0	20.0	0	0	0	0	0	0	0	0	0	0	20.0	0	0	0	0	0	0	0	0	0	20.0	20.0	0	50.0	50.0	100.0	0.0	1.0	100.0	0
15_1.conllu	1	15	15.0	3.5	0	0	6.666666666666667	0	13.333333333333334	0	0	46.666666666666664	0	6.666666666666667	0	6.666666666666667	6.666666666666667	13.333333333333334	0	0.7142857142857143	2.0	100.0	2.5	0	50.0	0	0	50.0	0	0	5.0	7.5	5.0	2.3076923076923075	5	0	0	0	100.0	0.0	100.0	0.0	6.666666666666667	6.666666666666667	0	0	0	0	0	0	6.666666666666667	6.666666666666667	13.333333333333334	0	6.666666666666667	0	0	0	0	0	0	0	0	0	20.0	0	20.0	0	6.666666666666667	6.666666666666667	0	100.0	0.0	0	0	0	0	0
131_1.conllu	1	4	4.0	4.0	0	0	25.0	0	0	0	0	25.0	0	0	0	25.0	0	25.0	0	1.0	1.0	100.0	2.0	0	0	100.0	0	0	0	0	1.0	4.0	2.0	1.5	2	0	0	0	0	0	0	0	0	0	0	0	0	0	0	0	0	0	0	0	0	0	0	0	25.0	0	0	0	0	0	0	0	0	25.0	25.0	25.0	0	100.0	0.0	0	0	0	0	0
166_1.conllu	1	7	7.0	3.5	0	0	28.571428571428573	0	0	0	0	28.571428571428573	0	0	0	14.285714285714286	0	28.571428571428573	0	1.0	2.0	100.0	2.0	0	0	100.0	0	0	0	0	3.0	3.5	5.0	2.0	5	0	0	0	100.0	0.0	0	0	14.285714285714286	0	14.285714285714286	0	0	0	0	0	0	0	0	0	0	0	0	0	14.285714285714286	0	0	0	0	0	0	0	14.285714285714286	14.285714285714286	14.285714285714286	14.285714285714286	0	50.0	50.0	0.0	100.0	1.0	100.0	0
9_1.conllu	1	21	21.0	2.6842105263157894	9.523809523809524	0	19.047619047619047	9.523809523809524	4.761904761904762	0	0	19.047619047619047	0	0	0	9.523809523809524	9.523809523809524	19.047619047619047	0	0.7368421052631579	4.0	0.0	1.0	50.0	25.0	0	25.0	0	0	0	8.0	5.25	14.0	2.2777777777777777	14	0	0	0	100.0	0.0	100.0	0.0	9.523809523809524	9.523809523809524	14.285714285714286	14.285714285714286	0	9.523809523809524	0	0	9.523809523809524	0	4.761904761904762	0	0	0	0	0	0	0	0	0	0	0	4.761904761904762	0	9.523809523809524	0	9.523809523809524	4.761904761904762	0	0.0	100.0	50.0	50.0	1.0	100.0	0
99_1.conllu	1	4	4.0	2.6666666666666665	0	0	0	0	0	25.0	0	25.0	0	0	0	25.0	0	25.0	0	0.6666666666666666	1.0	100.0	1.0	0	100.0	0	0	0	0	0	2.0	4.0	1.0	1.0	1	0	0	0	0	0	0	0	0	0	0	0	0	0	0	0	0	0	0	0	0	0	25.0	0	25.0	0	0	0	0	0	0	0	0	0	25.0	25.0	0	100.0	0.0	0	0	0	0	0
16_1.conllu	1	20	20.0	3.210526315789474	10.0	0	25.0	0	5.0	5.0	0	20.0	5.0	5.0	10.0	5.0	0	10.0	0	0.7894736842105263	2.0	100.0	4.0	0	0	0	50.0	0	50.0	0	5.0	10.0	8.0	2.4444444444444446	8	0	0	0	100.0	0.0	100.0	0.0	5.0	15.0	0	5.0	0	5.0	0	0	0	5.0	5.0	0	0	0	5.0	0	0	5.0	0	0	0	10.0	5.0	5.0	10.0	10.0	5.0	5.0	0	50.0	50.0	0.0	100.0	1.0	100.0	0
86_1.conllu	1	13	13.0	2.6	15.384615384615385	7.6923076923076925	23.076923076923077	0	0	0	0	15.384615384615385	0	0	7.6923076923076925	23.076923076923077	0	7.6923076923076925	0	0.9	1.0	0.0	2.0	0	0	100.0	0	0	0	0	2.0	13.0	11.0	4.555555555555555	11	0	0	0	0	0	100.0	0.0	0	7.6923076923076925	15.384615384615385	7.6923076923076925	0	0	7.6923076923076925	0	0	0	0	0	0	0	0	0	7.6923076923076925	0	0	0	0	15.384615384615385	7.6923076923076925	0	0	0	23.076923076923077	7.6923076923076925	0	0.0	100.0	0.0	100.0	1.0	100.0	0
46_1.conllu	1	11	11.0	3.9	0	0	9.090909090909092	0	27.272727272727273	0	0	27.272727272727273	0	0	9.090909090909092	9.090909090909092	0	18.181818181818183	0	0.7	2.0	100.0	2.0	50.0	0	0	0	50.0	0	0	5.0	5.5	9.0	3.0	9	0	0	0	0	0	0	0	0	9.090909090909092	0	9.090909090909092	0	0	0	9.090909090909092	0	9.090909090909092	18.181818181818183	0	0	0	0	0	9.090909090909092	0	0	0	0	18.181818181818183	0	0	0	0	9.090909090909092	9.090909090909092	0	100.0	0.0	0	0	0	0	0
52_1.conllu	1	9	9.0	3.125	11.11111111111111	0	0	0	11.11111111111111	11.11111111111111	0	44.44444444444444	0	0	0	11.11111111111111	0	11.11111111111111	0	0.75	1.0	0.0	0.0	100.0	0	0	0	0	0	0	3.0	9.0	7.0	2.7142857142857144	7	0	0	0	0	0	100.0	0.0	11.11111111111111	0	0	0	0	0	0	0	0	11.11111111111111	11.11111111111111	0	0	0	11.11111111111111	0	0	0	0	0	0	11.11111111111111	22.22222222222222	0	0	0	11.11111111111111	11.11111111111111	0	0.0	100.0	0.0	100.0	1.0	100.0	0
8_1.conllu	1	4	4.0	3.6666666666666665	0	0	25.0	0	25.0	0	0	0	0	0	0	25.0	0	25.0	0	0.6666666666666666	1.0	100.0	2.0	0	0	100.0	0	0	0	0	1.0	4.0	2.0	1.5	2	0	0	0	0	0	0	0	0	25.0	0	0	0	0	0	25.0	0	0	0	0	0	0	0	0	0	0	0	0	0	0	0	0	0	0	25.0	25.0	0	100.0	0.0	0	0	0	0	0
185_1.conllu	1	8	8.0	3.142857142857143	12.5	0	12.5	0	0	0	0	25.0	0	0	0	12.5	25.0	12.5	0	0.7142857142857143	1.0	100.0	3.0	0	0	0	100.0	0	0	0	2.0	8.0	3.0	1.5	3	0	0	0	0	0	0	0	0	12.5	0	0	0	12.5	0	0	12.5	0	0	0	0	0	0	0	12.5	12.5	0	0	0	0	0	0	0	0	12.5	12.5	12.5	100.0	0.0	0	0	0	0	0
94_1.conllu	1	9	9.0	3.5	11.11111111111111	0	11.11111111111111	0	11.11111111111111	11.11111111111111	0	22.22222222222222	0	0	0	11.11111111111111	0	22.22222222222222	0	0.75	2.0	100.0	1.5	0	50.0	50.0	0	0	0	0	4.0	4.5	7.0	2.2857142857142856	7	0	0	0	0	0	0	0	11.11111111111111	0	0	11.11111111111111	0	0	0	11.11111111111111	0	0	0	0	0	0	11.11111111111111	0	11.11111111111111	0	0	0	0	11.11111111111111	0	0	0	11.11111111111111	11.11111111111111	11.11111111111111	0	50.0	50.0	0.0	100.0	1.0	100.0	0
51_1.conllu	1	18	18.0	3.3529411764705883	5.555555555555555	0	11.11111111111111	0	11.11111111111111	0	0	22.22222222222222	0	11.11111111111111	0	5.555555555555555	16.666666666666668	16.666666666666668	0	0.5882352941176471	3.0	100.0	2.0	33.333333333333336	0	33.333333333333336	0	33.333333333333336	0	0	6.0	6.0	15.0	2.6875	15	0	0	0	100.0	0.0	100.0	0.0	5.555555555555555	0	0	5.555555555555555	0	5.555555555555555	0	5.555555555555555	11.11111111111111	0	5.555555555555555	0	0	0	0	0	0	0	0	0	0	11.11111111111111	11.11111111111111	0	11.11111111111111	11.11111111111111	5.555555555555555	5.555555555555555	5.555555555555555	33.333333333333336	66.66666666666667	50.0	50.0	1.0	100.0	0
136_1.conllu	1	12	12.0	3.0	8.333333333333334	0	16.666666666666668	0	8.333333333333334	8.333333333333334	0	16.666666666666668	0	8.333333333333334	0	8.333333333333334	16.666666666666668	8.333333333333334	0	0.5454545454545454	1.0	100.0	4.0	0	0	0	0	100.0	0	0	4.0	12.0	10.0	2.5	10	0	0	0	0	0	100.0	0.0	0	8.333333333333334	8.333333333333334	8.333333333333334	0	0	0	8.333333333333334	0	8.333333333333334	0	0	0	0	8.333333333333334	0	8.333333333333334	0	0	0	0	0	8.333333333333334	0	0	0	8.333333333333334	8.333333333333334	16.666666666666668	100.0	0.0	0	0	0	0	0
192_1.conllu	1	12	12.0	2.8181818181818183	0	0	25.0	8.333333333333334	0	0	0	33.333333333333336	0	0	8.333333333333334	8.333333333333334	0	16.666666666666668	0	0.9090909090909091	2.0	100.0	3.5	0	50.0	0	0	0	0	50.0	4.0	6.0	9.0	3.1	9	0	0	0	100.0	0.0	100.0	0.0	8.333333333333334	0	25.0	0	0	8.333333333333334	0	0	0	8.333333333333334	0	0	0	0	0	0	8.333333333333334	0	0	0	0	0	8.333333333333334	0	16.666666666666668	0	8.333333333333334	8.333333333333334	0	50.0	50.0	0.0	100.0	1.0	100.0	0
64_1.conllu	1	7	7.0	3.1666666666666665	14.285714285714286	0	0	0	0	0	0	28.571428571428573	0	14.285714285714286	0	14.285714285714286	14.285714285714286	14.285714285714286	0	0.6666666666666666	1.0	100.0	3.0	0	0	0	100.0	0	0	0	2.0	7.0	3.0	1.6	3	0	0	0	100.0	0.0	100.0	0.0	0	0	14.285714285714286	0	0	14.285714285714286	0	0	0	0	0	0	0	0	0	0	0	14.285714285714286	0	0	0	0	14.285714285714286	0	14.285714285714286	0	14.285714285714286	14.285714285714286	0	100.0	0.0	0	0	0	0	0
181_1.conllu	1	4	4.0	3.0	0	0	0	0	0	0	0	0	0	25.0	0	25.0	0	50.0	0	0.6666666666666666	2.0	100.0	1.0	0	100.0	0	0	0	0	0	2.0	2.0	1.0	1.0	1	0	0	0	100.0	0.0	0	0	0	0	0	0	0	0	0	0	25.0	0	0	0	0	0	0	0	0	0	0	0	0	0	0	0	25.0	0	25.0	25.0	0	50.0	50.0	0.0	100.0	1.0	100.0	0
171_1.conllu	1	5	5.0	3.5	0	0	20.0	0	20.0	0	0	0	0	0	20.0	20.0	0	20.0	0	0.75	1.0	100.0	3.0	0	0	0	100.0	0	0	0	1.0	5.0	3.0	2.0	3	0	0	0	0	0	0	0	0	0	20.0	0	0	0	0	20.0	0	0	0	0	0	0	0	0	20.0	0	0	0	0	0	0	0	0	0	20.0	20.0	0	100.0	0.0	0	0	0	0	0
19_1.conllu	1	13	13.0	2.6666666666666665	15.384615384615385	0	15.384615384615385	0	0	0	0	38.46153846153846	0	0	0	7.6923076923076925	0	23.076923076923077	0	1.0	3.0	100.0	1.6666666666666667	0	66.66666666666667	0	33.333333333333336	0	0	0	5.0	4.333333333333333	5.0	1.7272727272727273	5	0	0	0	100.0	0.0	100.0	0.0	15.384615384615385	7.6923076923076925	7.6923076923076925	7.6923076923076925	0	7.6923076923076925	0	0	0	0	0	0	0	0	0	0	0	7.6923076923076925	0	0	7.6923076923076925	7.6923076923076925	7.6923076923076925	0	7.6923076923076925	0	7.6923076923076925	7.6923076923076925	0	33.333333333333336	66.66666666666667	0.0	100.0	1.0	100.0	0
67_1.conllu	1	9	9.0	2.7142857142857144	0	0	22.22222222222222	0	0	0	0	11.11111111111111	0	22.22222222222222	0	22.22222222222222	11.11111111111111	11.11111111111111	0	0.5714285714285714	1.0	100.0	1.0	0	100.0	0	0	0	0	0	3.0	9.0	5.0	2.0	5	0	0	0	0	0	0	0	0	0	0	0	0	0	0	0	0	22.22222222222222	0	0	0	0	0	0	11.11111111111111	0	0	0	0	0	0	0	0	22.22222222222222	22.22222222222222	11.11111111111111	11.11111111111111	100.0	0.0	0	0	0	0	0
67_2.conllu	1	6	6.0	3.5	0	0	0	0	16.666666666666668	0	0	33.333333333333336	0	0	0	33.333333333333336	0	16.666666666666668	0	0.75	1.0	0.0	1.0	0	100.0	0	0	0	0	0	2.0	6.0	2.0	1.3333333333333333	2	0	0	0	100.0	0.0	0	0	0	0	0	0	0	0	0	0	0	0	16.666666666666668	0	0	0	0	0	0	0	0	0	0	0	0	0	33.333333333333336	0	33.333333333333336	16.666666666666668	0	0	0	0	0	0	0	0
37_1.conllu	1	5	5.0	2.75	20.0	0	20.0	0	0	0	0	20.0	0	0	0	20.0	20.0	0	0	0.75	0.0	0.0	0	0	0	0	0	0	0	0	1.0	0	3.0	2.0	3	0	0	0	0	0	100.0	0.0	0	0	20.0	0	0	0	0	0	0	0	0	0	0	0	0	0	0	0	0	0	0	0	20.0	0	0	0	20.0	20.0	20.0	0	0	0	0	0	0	0
145_1.conllu	1	20	20.0	3.0	0	0	30.0	0	10.0	0	0	15.0	0	5.0	0	10.0	5.0	25.0	0	0.7777777777777778	5.0	0.0	1.8	20.0	40.0	0	20.0	20.0	0	0	9.0	4.0	9.0	2.588235294117647	9	0	0	0	0	0	100.0	0.0	15.0	5.0	15.0	0	0	0	0	0	5.0	5.0	10.0	0	0	0	0	0	5.0	0	0	0	0	5.0	5.0	0	0	15.0	10.0	5.0	0	0.0	100.0	25.0	75.0	1.0	100.0	0
88_1.conllu	1	5	5.0	2.0	0	0	20.0	0	0	20.0	0	20.0	0	0	0	20.0	0	20.0	0	0.75	1.0	100.0	2.0	0	0	100.0	0	0	0	0	2.0	5.0	2.0	1.3333333333333333	2	0	0	0	0	0	100.0	0.0	0	0	20.0	0	0	0	0	0	0	0	0	0	0	0	20.0	0	0	0	0	0	0	0	20.0	0	0	0	20.0	20.0	0	100.0	0.0	0	0	0	0	0
91_1.conllu	1	6	6.0	2.6	0	0	16.666666666666668	0	16.666666666666668	0	0	16.666666666666668	0	16.666666666666668	0	16.666666666666668	0	16.666666666666668	0	0.6	1.0	100.0	4.0	0	0	0	0	100.0	0	0	1.0	6.0	4.0	2.5	4	0	0	0	100.0	0.0	0	0	0	0	16.666666666666668	0	0	0	0	16.666666666666668	0	0	0	0	0	0	0	0	16.666666666666668	0	0	0	0	0	0	0	16.666666666666668	0	16.666666666666668	16.666666666666668	0	100.0	0.0	0	0	0	0	0
82_1.conllu	1	16	16.0	2.7333333333333334	6.25	0	6.25	0	0	0	0	43.75	12.5	0	0	6.25	6.25	18.75	0	0.8	3.0	100.0	2.3333333333333335	0	33.333333333333336	33.333333333333336	0	33.333333333333336	0	0	3.0	5.333333333333333	12.0	3.0714285714285716	12	0	0	0	0	0	100.0	0.0	12.5	6.25	0	0	0	6.25	0	0	0	25.0	0	0	0	0	0	0	0	6.25	0	0	0	6.25	12.5	6.25	0	0	6.25	6.25	6.25	33.333333333333336	66.66666666666667	0.0	100.0	1.0	100.0	0
187_1.conllu	1	7	7.0	2.5	0	0	42.857142857142854	0	0	0	0	0	0	14.285714285714286	14.285714285714286	14.285714285714286	0	14.285714285714286	0	0.8333333333333334	1.0	100.0	4.0	0	0	0	0	100.0	0	0	2.0	7.0	5.0	2.8	5	0	0	0	0	0	100.0	0.0	0	0	28.571428571428573	0	0	0	0	0	0	14.285714285714286	0	0	0	0	0	0	0	0	0	0	0	0	14.285714285714286	0	0	14.285714285714286	14.285714285714286	14.285714285714286	0	100.0	0.0	0	0	0	0	0
73_1.conllu	1	4	4.0	3.3333333333333335	0	0	25.0	0	0	0	0	25.0	0	0	0	25.0	0	25.0	0	1.0	1.0	100.0	2.0	0	0	100.0	0	0	0	0	1.0	4.0	2.0	1.5	2	0	0	0	0	0	0	0	0	25.0	0	0	0	0	0	0	0	0	0	0	0	0	0	0	25.0	0	0	0	0	0	0	0	0	0	25.0	25.0	0	100.0	0.0	0	0	0	0	0
11_1.conllu	1	15	15.0	2.7857142857142856	13.333333333333334	0	13.333333333333334	26.666666666666668	6.666666666666667	0	0	13.333333333333334	0	6.666666666666667	0	6.666666666666667	0	13.333333333333334	0	0.5714285714285714	2.0	100.0	2.0	50.0	0	0	0	50.0	0	0	2.0	7.5	7.0	3.1538461538461537	7	0	0	0	100.0	0.0	100.0	0.0	0	6.666666666666667	6.666666666666667	13.333333333333334	0	33.333333333333336	0	6.666666666666667	0	0	0	0	0	0	0	0	0	6.666666666666667	0	0	0	0	6.666666666666667	0	6.666666666666667	0	6.666666666666667	6.666666666666667	0	100.0	0.0	0	0	0	0	0
158_1.conllu	1	5	5.0	3.25	0	0	40.0	0	0	0	0	20.0	0	0	0	20.0	0	20.0	0	1.0	1.0	100.0	3.0	0	0	0	100.0	0	0	0	1.0	5.0	3.0	2.0	3	0	0	0	0	0	0	0	0	0	20.0	0	0	0	0	0	0	0	0	0	0	0	0	0	20.0	0	0	0	0	0	0	0	0	20.0	20.0	20.0	0	100.0	0.0	0	0	0	0	0
183_1.conllu	1	6	6.0	2.4	0	0	0	16.666666666666668	0	0	0	0	0	33.333333333333336	0	16.666666666666668	16.666666666666668	16.666666666666668	0	0.2	1.0	100.0	2.0	0	0	100.0	0	0	0	0	2.0	6.0	3.0	1.5	3	0	0	0	100.0	0.0	0	0	0	0	0	0	0	16.666666666666668	0	0	16.666666666666668	0	0	0	0	0	0	0	16.666666666666668	0	0	0	0	0	0	0	16.666666666666668	0	16.666666666666668	16.666666666666668	0	100.0	0.0	0	0	0	0	0
49_1.conllu	1	12	12.0	2.909090909090909	0	0	16.666666666666668	0	0	0	0	25.0	0	0	0	8.333333333333334	16.666666666666668	33.333333333333336	0	0.8181818181818182	4.0	100.0	1.25	25.0	50.0	0	25.0	0	0	0	5.0	3.0	6.0	1.7	6	0	0	0	100.0	0.0	0	0	8.333333333333334	8.333333333333334	8.333333333333334	8.333333333333334	0	8.333333333333334	0	0	25.0	0	0	0	0	0	0	0	0	0	0	0	0	8.333333333333334	0	0	8.333333333333334	0	8.333333333333334	8.333333333333334	0	25.0	75.0	0.0	100.0	1.5	50.0	50.0
204_1.conllu	1	10	10.0	3.2222222222222223	10.0	0	0	0	10.0	0	0	30.0	0	10.0	0	10.0	0	30.0	0	0.7777777777777778	3.0	100.0	1.3333333333333333	33.333333333333336	0	66.66666666666667	0	0	0	0	4.0	3.3333333333333335	8.0	2.375	8	0	0	0	100.0	0.0	100.0	0.0	20.0	0	0	0	0	10.0	0	10.0	0	0	0	0	0	0	0	0	10.0	10.0	0	0	0	0	10.0	0	10.0	0	10.0	10.0	0	33.333333333333336	66.66666666666667	0.0	100.0	1.0	100.0	0
194_1.conllu	1	6	6.0	2.0	16.666666666666668	0	33.333333333333336	0	0	0	0	16.666666666666668	0	0	0	16.666666666666668	0	16.666666666666668	0	1.0	1.0	100.0	2.0	0	0	100.0	0	0	0	0	2.0	6.0	2.0	1.25	2	0	0	0	0	0	0	0	0	16.666666666666668	16.666666666666668	0	0	16.666666666666668	0	0	0	0	0	0	0	0	0	0	0	16.666666666666668	0	0	0	0	0	0	0	0	16.666666666666668	16.666666666666668	0	100.0	0.0	0	0	0	0	0
92_1.conllu	1	4	4.0	2.3333333333333335	0	0	25.0	0	0	0	0	0	0	0	0	25.0	0	50.0	0	1.0	2.0	100.0	0.5	50.0	50.0	0	0	0	0	0	1.0	2.0	1.0	1.0	1	0	0	0	0	0	0	0	0	25.0	0	0	0	25.0	0	0	0	0	0	0	0	0	0	0	0	0	0	0	0	0	0	0	0	0	25.0	25.0	0	50.0	50.0	100.0	0.0	1.0	100.0	0
1_1.conllu	1	7	7.0	3.3333333333333335	0	0	14.285714285714286	0	0	0	0	42.857142857142854	0	0	0	14.285714285714286	0	28.571428571428573	0	1.0	2.0	100.0	1.0	50.0	0	50.0	0	0	0	0	3.0	3.5	4.0	1.6	4	0	0	0	0	0	0	0	0	14.285714285714286	0	0	0	14.285714285714286	0	0	0	28.571428571428573	0	0	0	0	0	0	14.285714285714286	0	0	0	0	0	0	0	0	0	14.285714285714286	14.285714285714286	0	50.0	50.0	100.0	0.0	1.0	100.0	0
33_1.conllu	1	21	21.0	3.1578947368421053	0	0	19.047619047619047	0	4.761904761904762	0	0	38.095238095238095	0	4.761904761904762	0	9.523809523809524	9.523809523809524	14.285714285714286	0	0.7894736842105263	3.0	100.0	2.3333333333333335	0	33.333333333333336	0	66.66666666666667	0	0	0	6.0	7.0	14.0	2.5	14	0	0	0	100.0	0.0	100.0	0.0	9.523809523809524	14.285714285714286	4.761904761904762	0	0	0	0	0	9.523809523809524	19.047619047619047	0	0	0	0	0	0	9.523809523809524	0	0	0	0	0	9.523809523809524	0	4.761904761904762	0	9.523809523809524	4.761904761904762	4.761904761904762	33.333333333333336	66.66666666666667	0.0	100.0	1.0	100.0	0
132_1.conllu	1	8	8.0	2.857142857142857	0	0	25.0	0	12.5	0	0	25.0	0	0	0	12.5	0	25.0	0	0.8571428571428571	2.0	100.0	2.5	0	0	50.0	50.0	0	0	0	3.0	4.0	6.0	2.3333333333333335	6	0	0	0	0	0	100.0	0.0	12.5	12.5	12.5	0	0	0	0	12.5	0	0	0	0	12.5	0	0	0	12.5	0	0	0	0	0	0	0	0	0	12.5	12.5	0	50.0	50.0	0.0	100.0	1.0	100.0	0
34_1.conllu	1	12	12.0	3.090909090909091	8.333333333333334	0	0	0	0	0	0	41.666666666666664	0	8.333333333333334	0	8.333333333333334	16.666666666666668	16.666666666666668	0	0.7272727272727273	2.0	100.0	2.0	0	50.0	0	50.0	0	0	0	4.0	6.0	5.0	1.6	5	0	0	0	100.0	0.0	100.0	0.0	0	0	0	0	0	16.666666666666668	0	0	8.333333333333334	8.333333333333334	0	0	0	0	0	0	0	8.333333333333334	0	0	0	16.666666666666668	8.333333333333334	0	8.333333333333334	0	8.333333333333334	8.333333333333334	8.333333333333334	50.0	50.0	0.0	100.0	1.0	100.0	0
195_1.conllu	1	14	14.0	3.4615384615384617	0	0	0	0	0	0	0	35.714285714285715	0	0	7.142857142857143	7.142857142857143	7.142857142857143	42.857142857142854	0	0.9230769230769231	6.0	100.0	0.8333333333333334	50.0	16.666666666666668	33.333333333333336	0	0	0	0	4.0	2.3333333333333335	7.0	1.9166666666666667	7	0	0	0	100.0	0.0	0	0	14.285714285714286	0	7.142857142857143	7.142857142857143	0	7.142857142857143	0	0	7.142857142857143	0	0	0	0	0	0	0	7.142857142857143	0	0	0	0	14.285714285714286	0	0	21.428571428571427	0	7.142857142857143	7.142857142857143	0	20.0	80.0	25.0	75.0	1.0	100.0	0
47_1.conllu	1	8	8.0	2.7142857142857144	12.5	0	12.5	0	0	0	0	25.0	0	12.5	0	12.5	12.5	12.5	0	0.7142857142857143	1.0	100.0	4.0	0	0	0	0	100.0	0	0	2.0	8.0	4.0	2.0	4	0	0	0	100.0	0.0	0	0	0	0	12.5	0	0	12.5	0	0	0	0	0	0	0	0	0	0	12.5	12.5	0	0	0	0	0	0	12.5	0	12.5	12.5	12.5	100.0	0.0	0	0	0	0	0
163_1.conllu	1	10	10.0	2.7777777777777777	10.0	0	20.0	0	0	0	0	10.0	0	0	10.0	10.0	10.0	30.0	0	0.8888888888888888	3.0	100.0	1.3333333333333333	66.66666666666667	0	0	0	33.333333333333336	0	0	2.0	3.3333333333333335	5.0	2.25	5	0	0	0	100.0	0.0	0	0	0	10.0	10.0	10.0	0	30.0	0	0	0	0	0	0	0	0	0	0	0	10.0	0	0	0	0	0	0	10.0	0	10.0	10.0	0	50.0	50.0	100.0	0.0	1.0	100.0	0
78_1.conllu	1	18	18.0	3.7333333333333334	5.555555555555555	0	11.11111111111111	0	11.11111111111111	0	0	27.77777777777778	0	0	5.555555555555555	16.666666666666668	0	22.22222222222222	0	0.8666666666666667	4.0	0.0	1.0	25.0	50.0	25.0	0	0	0	0	6.0	4.5	11.0	2.4285714285714284	11	0	0	0	0	0	100.0	0.0	16.666666666666668	5.555555555555555	5.555555555555555	0	0	0	0	0	5.555555555555555	0	11.11111111111111	0	11.11111111111111	0	0	0	5.555555555555555	0	0	0	0	11.11111111111111	5.555555555555555	0	0	0	16.666666666666668	5.555555555555555	0	0.0	100.0	50.0	50.0	1.3333333333333333	66.66666666666667	33.333333333333336
26_1.conllu	1	10	10.0	2.7777777777777777	0	0	0	10.0	10.0	0	0	20.0	0	30.0	0	10.0	0	20.0	0	0.4444444444444444	2.0	0.0	1.5	50.0	0	0	50.0	0	0	0	4.0	5.0	7.0	2.25	7	0	0	0	100.0	0.0	0	0	10.0	0	10.0	0	0	10.0	0	0	0	10.0	10.0	0	0	0	0	0	10.0	0	0	0	0	0	0	0	20.0	0	10.0	10.0	0	0.0	100.0	0.0	100.0	1.0	100.0	0
148_1.conllu	1	15	15.0	2.6923076923076925	0	0	20.0	6.666666666666667	6.666666666666667	0	0	13.333333333333334	0	0	13.333333333333334	13.333333333333334	6.666666666666667	20.0	0	0.7692307692307693	3.0	100.0	1.6666666666666667	33.333333333333336	0	33.333333333333336	33.333333333333336	0	0	0	6.0	5.0	11.0	2.8333333333333335	11	0	0	0	100.0	0.0	100.0	0.0	6.666666666666667	0	13.333333333333334	0	0	13.333333333333334	0	0	6.666666666666667	6.666666666666667	13.333333333333334	0	0	0	0	0	0	0	0	0	0	6.666666666666667	6.666666666666667	0	6.666666666666667	6.666666666666667	6.666666666666667	6.666666666666667	0	50.0	50.0	100.0	0.0	1.0	100.0	0
120_1.conllu	1	13	13.0	2.5833333333333335	7.6923076923076925	0	23.076923076923077	7.6923076923076925	0	0	0	38.46153846153846	0	7.6923076923076925	0	7.6923076923076925	0	7.6923076923076925	0	0.8333333333333334	1.0	100.0	4.0	0	0	0	0	100.0	0	0	3.0	13.0	10.0	2.6363636363636362	10	0	0	0	100.0	0.0	0	0	0	15.384615384615385	7.6923076923076925	7.6923076923076925	0	7.6923076923076925	0	0	0	30.76923076923077	0	0	0	0	0	0	0	0	0	0	0	7.6923076923076925	0	0	7.6923076923076925	0	7.6923076923076925	7.6923076923076925	0	100.0	0.0	0	0	0	0	0
162_1.conllu	1	12	12.0	3.090909090909091	8.333333333333334	0	25.0	0	0	0	0	8.333333333333334	8.333333333333334	8.333333333333334	8.333333333333334	8.333333333333334	16.666666666666668	8.333333333333334	0	0.6363636363636364	1.0	100.0	5.0	0	0	0	0	0	100.0	0	2.0	12.0	8.0	3.2	8	0	0	0	0	0	0	0	0	16.666666666666668	8.333333333333334	0	0	8.333333333333334	0	0	0	0	0	0	0	0	0	0	8.333333333333334	8.333333333333334	0	0	0	8.333333333333334	0	8.333333333333334	0	0	8.333333333333334	8.333333333333334	16.666666666666668	100.0	0.0	0	0	0	0	0
152_1.conllu	1	20	20.0	3.1578947368421053	10.0	0	25.0	0	5.0	0	0	30.0	0	0	0	5.0	5.0	20.0	0	0.8947368421052632	4.0	100.0	2.0	25.0	0	25.0	50.0	0	0	0	10.0	5.0	18.0	2.5555555555555554	18	0	0	0	100.0	0.0	100.0	0.0	10.0	5.0	5.0	15.0	0	0	0	5.0	5.0	0	0	0	0	0	0	0	0	0	0	5.0	0	10.0	5.0	0	10.0	10.0	5.0	5.0	5.0	33.333333333333336	66.66666666666667	0.0	100.0	1.0	100.0	0
203_1.conllu	1	9	9.0	3.5	0	0	11.11111111111111	11.11111111111111	11.11111111111111	0	0	22.22222222222222	0	0	11.11111111111111	11.11111111111111	11.11111111111111	11.11111111111111	0	0.625	1.0	100.0	4.0	0	0	0	0	100.0	0	0	3.0	9.0	6.0	2.4285714285714284	6	0	0	0	0	0	0	0	0	0	0	0	0	11.11111111111111	0	11.11111111111111	0	11.11111111111111	0	0	0	0	0	0	11.11111111111111	0	0	0	0	11.11111111111111	0	0	0	11.11111111111111	11.11111111111111	11.11111111111111	11.11111111111111	100.0	0.0	0	0	0	0	0
119_1.conllu	1	10	10.0	2.6666666666666665	0	0	20.0	0	0	20.0	0	20.0	0	10.0	0	10.0	0	20.0	0	0.6666666666666666	2.0	100.0	2.0	50.0	0	0	0	50.0	0	0	2.0	5.0	6.0	2.5	6	0	0	0	100.0	0.0	100.0	0.0	0	0	0	10.0	0	0	0	0	0	10.0	0	0	0	0	20.0	0	0	0	0	0	0	0	10.0	0	10.0	20.0	10.0	10.0	0	100.0	0.0	0	0	0	0	0
196_1.conllu	1	14	14.0	3.5833333333333335	0	0	35.714285714285715	0	0	0	0	21.428571428571427	0	0	0	14.285714285714286	0	28.571428571428573	0	1.0	4.0	100.0	1.75	25.0	50.0	0	0	0	25.0	0	6.0	3.5	7.0	2.1818181818181817	7	0	0	0	0	0	0	0	21.428571428571427	14.285714285714286	14.285714285714286	0	0	0	0	0	0	7.142857142857143	0	0	0	0	0	0	7.142857142857143	0	0	0	0	7.142857142857143	0	0	0	7.142857142857143	14.285714285714286	7.142857142857143	0	25.0	75.0	0.0	100.0	1.0	100.0	0
107_1.conllu	1	6	6.0	2.4	0	0	16.666666666666668	16.666666666666668	0	0	0	16.666666666666668	0	16.666666666666668	0	16.666666666666668	0	16.666666666666668	0	0.6	1.0	100.0	3.0	0	0	0	100.0	0	0	0	1.0	6.0	3.0	1.75	3	0	0	0	100.0	0.0	0	0	0	0	16.666666666666668	0	0	16.666666666666668	0	0	0	0	0	0	0	0	0	0	16.666666666666668	0	0	0	0	0	0	0	16.666666666666668	0	16.666666666666668	16.666666666666668	0	100.0	0.0	0	0	0	0	0
29_1.conllu	1	8	8.0	2.5714285714285716	0	0	0	12.5	0	0	0	37.5	0	0	0	12.5	0	37.5	0	0.8571428571428571	3.0	100.0	1.0	0	100.0	0	0	0	0	0	5.0	2.6666666666666665	2.0	1.1666666666666667	2	0	0	0	100.0	0.0	0	0	25.0	0	0	0	0	12.5	0	0	0	0	0	0	0	12.5	0	0	12.5	0	0	0	0	0	0	0	12.5	0	12.5	12.5	0	33.333333333333336	66.66666666666667	0.0	100.0	1.0	100.0	0
155_1.conllu	1	19	19.0	3.0	0	5.2631578947368425	15.789473684210526	0	5.2631578947368425	0	0	10.526315789473685	0	0	10.526315789473685	15.789473684210526	15.789473684210526	21.05263157894737	0	0.6875	4.0	100.0	1.75	0	25.0	75.0	0	0	0	0	8.0	4.75	16.0	4.266666666666667	16	0	0	0	100.0	0.0	0	0	5.2631578947368425	5.2631578947368425	10.526315789473685	0	5.2631578947368425	0	5.2631578947368425	0	15.789473684210526	5.2631578947368425	10.526315789473685	0	0	5.2631578947368425	0	0	5.2631578947368425	0	0	0	0	0	0	0	5.2631578947368425	0	15.789473684210526	5.2631578947368425	0	25.0	75.0	0.0	100.0	1.0	100.0	0
129_1.conllu	1	13	13.0	3.4166666666666665	7.6923076923076925	0	7.6923076923076925	0	15.384615384615385	0	0	23.076923076923077	15.384615384615385	0	7.6923076923076925	7.6923076923076925	0	15.384615384615385	0	0.6666666666666666	2.0	100.0	2.5	0	0	50.0	50.0	0	0	0	7.0	6.5	11.0	2.3636363636363638	11	0	0	0	100.0	0.0	0	0	7.6923076923076925	0	0	7.6923076923076925	0	0	0	7.6923076923076925	0	7.6923076923076925	7.6923076923076925	0	0	0	0	0	7.6923076923076925	0	0	0	0	7.6923076923076925	0	15.384615384615385	7.6923076923076925	7.6923076923076925	7.6923076923076925	7.6923076923076925	0	50.0	50.0	0.0	100.0	1.0	100.0	0
173_1.conllu	1	7	7.0	3.0	14.285714285714286	0	14.285714285714286	0	0	14.285714285714286	0	28.571428571428573	0	0	0	14.285714285714286	0	14.285714285714286	0	0.8333333333333334	1.0	0.0	0.0	100.0	0	0	0	0	0	0	2.0	7.0	5.0	2.2	5	0	0	0	0	0	100.0	0.0	0	0	14.285714285714286	14.285714285714286	0	0	0	0	0	0	0	0	0	0	14.285714285714286	0	0	0	0	0	0	0	28.571428571428573	0	0	0	14.285714285714286	14.285714285714286	0	0	0	0	0	0	0	0
66_1.conllu	1	11	11.0	3.4	0	0	9.090909090909092	0	0	0	0	54.54545454545455	0	0	9.090909090909092	9.090909090909092	0	18.181818181818183	0	1.0	2.0	100.0	2.0	0	50.0	0	50.0	0	0	0	5.0	5.5	6.0	1.7777777777777777	6	0	0	0	100.0	0.0	100.0	0.0	9.090909090909092	9.090909090909092	0	0	0	0	0	0	0	27.272727272727273	0	0	0	0	0	0	9.090909090909092	0	0	0	0	9.090909090909092	9.090909090909092	0	9.090909090909092	0	9.090909090909092	9.090909090909092	0	50.0	50.0	0.0	100.0	1.0	100.0	0
197_1.conllu	1	16	16.0	2.8461538461538463	6.25	6.25	18.75	0	0	0	0	18.75	0	0	6.25	18.75	12.5	12.5	0	0.7692307692307693	2.0	100.0	1.5	0	50.0	50.0	0	0	0	0	5.0	8.0	5.0	2.0833333333333335	5	0	0	0	100.0	0.0	0	0	6.25	12.5	0	0	6.25	6.25	6.25	0	12.5	6.25	0	0	0	0	0	0	0	6.25	0	0	0	0	0	0	6.25	6.25	18.75	6.25	0	50.0	50.0	0.0	100.0	1.0	100.0	0
153_1.conllu	1	13	13.0	3.1666666666666665	15.384615384615385	0	23.076923076923077	0	7.6923076923076925	0	0	30.76923076923077	0	0	0	7.6923076923076925	0	15.384615384615385	0	0.9166666666666666	2.0	0.0	1.0	0	100.0	0	0	0	0	0	8.0	6.5	10.0	2.090909090909091	10	0	0	0	100.0	0.0	0	0	7.6923076923076925	0	23.076923076923077	23.076923076923077	0	0	0	0	0	0	7.6923076923076925	0	0	0	0	0	7.6923076923076925	0	0	0	0	7.6923076923076925	0	0	7.6923076923076925	0	7.6923076923076925	7.6923076923076925	0	0.0	100.0	100.0	0.0	1.0	100.0	0
124_1.conllu	1	16	16.0	2.7857142857142856	0	0	25.0	6.25	0	0	0	43.75	0	0	0	12.5	0	12.5	0	0.9285714285714286	2.0	100.0	1.5	0	50.0	50.0	0	0	0	0	6.0	8.0	7.0	2.1538461538461537	7	0	0	0	0	0	100.0	0.0	12.5	12.5	0	0	0	0	0	0	0	18.75	6.25	0	0	6.25	0	0	0	0	0	0	0	0	12.5	0	0	12.5	12.5	6.25	0	50.0	50.0	0.0	100.0	1.0	100.0	0
45_1.conllu	1	9	9.0	3.75	0	0	22.22222222222222	0	0	0	0	44.44444444444444	0	0	0	11.11111111111111	11.11111111111111	11.11111111111111	0	0.875	1.0	100.0	3.0	0	0	0	100.0	0	0	0	3.0	9.0	7.0	2.2857142857142856	7	0	0	0	0	0	100.0	0.0	0	11.11111111111111	11.11111111111111	0	0	0	0	0	0	0	0	0	11.11111111111111	0	0	0	0	0	0	0	0	33.333333333333336	0	0	0	0	11.11111111111111	11.11111111111111	11.11111111111111	100.0	0.0	0	0	0	0	0
36_1.conllu	1	8	8.0	2.857142857142857	0	0	25.0	0	12.5	12.5	0	0	0	12.5	0	12.5	0	25.0	0	0.5714285714285714	2.0	100.0	2.0	0	50.0	0	50.0	0	0	0	3.0	4.0	6.0	2.6666666666666665	6	0	0	0	0	0	0	0	0	0	12.5	0	0	0	0	12.5	12.5	0	0	0	0	0	12.5	0	12.5	0	0	0	0	0	0	0	0	12.5	12.5	12.5	0	50.0	50.0	0.0	100.0	1.0	100.0	0
134_1.conllu	1	20	20.0	2.9411764705882355	15.0	5.0	5.0	5.0	10.0	0	0	20.0	0	0	10.0	15.0	5.0	10.0	0	0.7058823529411765	2.0	0.0	2.5	0	50.0	0	0	50.0	0	0	5.0	10.0	16.0	4.0	16	0	0	0	100.0	0.0	100.0	0.0	5.0	0	0	10.0	0	10.0	5.0	5.0	0	5.0	5.0	0	0	0	0	0	0	5.0	0	0	0	0	10.0	0	10.0	5.0	15.0	5.0	5.0	0.0	100.0	0.0	100.0	1.0	100.0	0
0_1.conllu	1	12	12.0	3.272727272727273	0	0	33.333333333333336	8.333333333333334	8.333333333333334	0	0	25.0	0	0	8.333333333333334	8.333333333333334	0	8.333333333333334	0	0.8181818181818182	1.0	100.0	3.0	0	0	0	100.0	0	0	0	3.0	12.0	4.0	1.9	4	0	0	0	100.0	0.0	0	0	0	16.666666666666668	8.333333333333334	0	0	8.333333333333334	0	0	0	8.333333333333334	8.333333333333334	0	0	0	0	0	8.333333333333334	0	0	0	0	8.333333333333334	0	0	8.333333333333334	8.333333333333334	8.333333333333334	8.333333333333334	0	100.0	0.0	0	0	0	0	0
151_1.conllu	1	4	4.0	3.6666666666666665	0	0	25.0	0	0	0	0	0	0	0	0	25.0	25.0	25.0	0	0.6666666666666666	1.0	100.0	2.0	0	0	100.0	0	0	0	0	1.0	4.0	2.0	1.5	2	0	0	0	100.0	0.0	0	0	0	0	0	0	0	0	0	0	0	0	0	0	0	0	0	0	0	0	0	25.0	0	0	0	0	0	0	25.0	25.0	25.0	100.0	0.0	0	0	0	0	0
160_1.conllu	1	9	9.0	2.7142857142857144	0	0	22.22222222222222	11.11111111111111	11.11111111111111	0	0	11.11111111111111	0	0	0	22.22222222222222	0	22.22222222222222	0	0.7142857142857143	2.0	0.0	1.0	50.0	0	50.0	0	0	0	0	2.0	4.5	5.0	2.1666666666666665	5	0	0	0	0	0	0	0	0	22.22222222222222	0	0	0	22.22222222222222	0	0	0	0	11.11111111111111	0	0	0	0	0	11.11111111111111	0	0	0	0	0	0	0	0	0	22.22222222222222	11.11111111111111	0	0.0	100.0	100.0	0.0	1.0	100.0	0
165_1.conllu	1	10	10.0	3.0	0	0	30.0	10.0	20.0	0	0	20.0	0	10.0	0	10.0	0	0	0	0.5555555555555556	0.0	0.0	0	0	0	0	0	0	0	0	3.0	0	7.0	3.375	7	0	0	0	100.0	0.0	0	0	0	0	20.0	0	0	10.0	0	10.0	0	0	10.0	0	0	0	0	0	10.0	0	0	0	0	10.0	0	0	10.0	0	10.0	10.0	0	0	0	0	0	0	0	0
141_1.conllu	1	4	4.0	2.3333333333333335	0	0	25.0	0	0	0	0	25.0	0	0	0	25.0	0	25.0	0	1.0	1.0	100.0	2.0	0	0	100.0	0	0	0	0	1.0	4.0	2.0	1.5	2	0	0	0	0	0	0	0	0	0	25.0	0	0	0	0	0	0	0	0	0	0	0	0	0	25.0	0	0	0	0	0	0	0	0	0	25.0	25.0	0	100.0	0.0	0	0	0	0	0
172_1.conllu	1	14	14.0	3.4	0	0	7.142857142857143	0	7.142857142857143	7.142857142857143	0	21.428571428571427	0	7.142857142857143	0	28.571428571428573	0	21.428571428571427	0	0.7	3.0	0.0	1.6666666666666667	0	66.66666666666667	0	33.333333333333336	0	0	0	4.0	4.666666666666667	5.0	2.111111111111111	5	0	0	0	100.0	0.0	0	0	7.142857142857143	7.142857142857143	7.142857142857143	0	0	0	0	0	7.142857142857143	0	7.142857142857143	0	0	0	7.142857142857143	0	7.142857142857143	0	0	0	0	0	0	0	14.285714285714286	0	28.571428571428573	7.142857142857143	0	0.0	100.0	0.0	100.0	2.0	0	100.0
157_1.conllu	1	4	4.0	3.0	0	0	25.0	0	0	0	0	25.0	0	0	0	25.0	0	25.0	0	1.0	1.0	100.0	2.0	0	0	100.0	0	0	0	0	1.0	4.0	2.0	1.5	2	0	0	0	0	0	0	0	0	25.0	0	0	0	0	0	0	0	0	0	0	0	0	0	0	25.0	0	0	0	0	0	0	0	0	0	25.0	25.0	0	100.0	0.0	0	0	0	0	0
191_1.conllu	1	8	8.0	2.8333333333333335	0	0	12.5	0	0	12.5	0	25.0	0	0	12.5	25.0	0	12.5	0	0.8333333333333334	1.0	100.0	2.0	0	0	100.0	0	0	0	0	4.0	8.0	6.0	2.6	6	0	0	0	0	0	0	0	0	12.5	0	0	0	0	0	0	0	0	12.5	0	0	0	12.5	0	12.5	0	0	0	0	12.5	0	0	0	0	25.0	12.5	0	100.0	0.0	0	0	0	0	0
95_1.conllu	1	11	11.0	3.9	9.090909090909092	0	9.090909090909092	0	0	9.090909090909092	0	45.45454545454545	0	0	0	9.090909090909092	9.090909090909092	9.090909090909092	0	0.8	1.0	100.0	2.0	0	0	100.0	0	0	0	0	3.0	11.0	5.0	2.111111111111111	5	0	0	0	0	0	100.0	0.0	0	0	9.090909090909092	9.090909090909092	0	0	0	0	9.090909090909092	9.090909090909092	0	0	0	0	9.090909090909092	0	9.090909090909092	0	0	0	0	18.181818181818183	9.090909090909092	0	0	0	9.090909090909092	9.090909090909092	0	100.0	0.0	0	0	0	0	0
24_1.conllu	1	7	7.0	2.6666666666666665	0	0	14.285714285714286	14.285714285714286	14.285714285714286	0	0	14.285714285714286	0	14.285714285714286	0	14.285714285714286	0	14.285714285714286	0	0.5	1.0	100.0	3.0	0	0	0	100.0	0	0	0	2.0	7.0	4.0	1.8	4	0	0	0	0	0	0	0	0	0	14.285714285714286	0	0	14.285714285714286	0	14.285714285714286	0	14.285714285714286	0	0	0	0	0	0	14.285714285714286	0	0	0	0	0	0	0	0	0	14.285714285714286	14.285714285714286	0	100.0	0.0	0	0	0	0	0
105_1.conllu	1	15	15.0	2.8461538461538463	0	0	20.0	13.333333333333334	6.666666666666667	0	0	33.333333333333336	0	0	0	13.333333333333334	0	13.333333333333334	0	0.7692307692307693	2.0	100.0	1.5	0	50.0	50.0	0	0	0	0	5.0	7.5	7.0	3.0833333333333335	7	0	0	0	100.0	0.0	100.0	0.0	13.333333333333334	0	6.666666666666667	0	0	13.333333333333334	0	0	6.666666666666667	0	6.666666666666667	0	0	0	0	0	13.333333333333334	0	0	0	0	0	6.666666666666667	0	13.333333333333334	0	13.333333333333334	6.666666666666667	0	100.0	0.0	0	0	0	0	0
108_1.conllu	1	9	9.0	2.625	0	0	33.333333333333336	0	0	0	0	11.11111111111111	0	0	0	11.11111111111111	11.11111111111111	33.333333333333336	0	0.875	3.0	100.0	1.3333333333333333	33.333333333333336	33.333333333333336	0	33.333333333333336	0	0	0	3.0	3.0	6.0	2.0	6	0	0	0	0	0	0	0	11.11111111111111	11.11111111111111	11.11111111111111	0	0	11.11111111111111	0	0	0	0	0	0	0	0	0	0	11.11111111111111	0	0	0	0	0	0	0	0	11.11111111111111	11.11111111111111	11.11111111111111	11.11111111111111	33.333333333333336	66.66666666666667	50.0	50.0	1.0	100.0	0
55_1.conllu	1	16	16.0	2.7333333333333334	12.5	0	18.75	6.25	0	12.5	0	25.0	0	0	6.25	6.25	0	12.5	0	0.8	2.0	0.0	1.5	50.0	0	0	50.0	0	0	0	4.0	8.0	5.0	2.2142857142857144	5	0	0	0	100.0	0.0	100.0	0.0	6.25	6.25	6.25	12.5	0	6.25	0	0	0	12.5	0	0	0	6.25	6.25	0	6.25	0	0	6.25	0	6.25	6.25	0	0	0	6.25	6.25	0	0.0	100.0	0.0	100.0	1.0	100.0	0
53_1.conllu	1	7	7.0	2.6666666666666665	0	0	0	0	0	0	0	28.571428571428573	0	14.285714285714286	14.285714285714286	14.285714285714286	0	28.571428571428573	0	0.8333333333333334	2.0	100.0	2.0	0	0	100.0	0	0	0	0	3.0	3.5	2.0	1.4	2	0	0	0	100.0	0.0	100.0	0.0	14.285714285714286	0	0	0	0	0	0	0	0	0	0	0	0	0	0	0	14.285714285714286	0	0	0	0	0	28.571428571428573	0	14.285714285714286	0	14.285714285714286	14.285714285714286	0	50.0	50.0	0.0	100.0	1.0	100.0	0
77_1.conllu	1	16	16.0	3.466666666666667	0	0	12.5	6.25	12.5	0	0	50.0	0	0	0	6.25	6.25	6.25	0	0.7333333333333333	1.0	100.0	0.0	100.0	0	0	0	0	0	0	5.0	16.0	14.0	3.0714285714285716	14	0	0	0	100.0	0.0	0	0	6.25	6.25	6.25	6.25	0	0	0	0	0	25.0	12.5	0	0	0	0	0	6.25	0	0	0	0	6.25	0	0	6.25	0	6.25	6.25	6.25	50.0	50.0	0.0	100.0	1.0	100.0	0
81_1.conllu	1	10	10.0	3.4444444444444446	0	0	30.0	10.0	0	0	0	30.0	0	0	0	10.0	10.0	10.0	0	0.7777777777777778	1.0	100.0	4.0	0	0	0	0	100.0	0	0	3.0	10.0	7.0	2.375	7	0	0	0	100.0	0.0	0	0	0	0	10.0	0	0	10.0	0	0	10.0	10.0	0	0	0	0	0	0	10.0	0	0	0	0	0	0	0	10.0	20.0	10.0	10.0	0	100.0	0.0	0	0	0	0	0
103_1.conllu	1	5	5.0	4.25	0	0	0	0	20.0	0	0	20.0	0	20.0	0	20.0	0	20.0	0	0.5	1.0	100.0	2.0	0	0	100.0	0	0	0	0	2.0	5.0	3.0	1.6666666666666667	3	0	0	0	0	0	0	0	0	0	0	0	0	0	0	20.0	0	0	0	0	0	0	0	0	20.0	0	0	0	0	20.0	0	0	0	0	20.0	20.0	0	100.0	0.0	0	0	0	0	0
85_1.conllu	1	7	7.0	3.1666666666666665	0	0	14.285714285714286	0	14.285714285714286	0	0	28.571428571428573	0	0	14.285714285714286	14.285714285714286	0	14.285714285714286	0	0.8333333333333334	1.0	100.0	3.0	0	0	0	100.0	0	0	0	2.0	7.0	5.0	2.6	5	0	0	0	0	0	0	0	0	0	14.285714285714286	0	0	0	0	14.285714285714286	0	14.285714285714286	0	0	0	0	0	0	14.285714285714286	0	0	0	0	14.285714285714286	0	0	0	0	14.285714285714286	14.285714285714286	0	100.0	0.0	0	0	0	0	0
180_1.conllu	1	6	6.0	3.0	0	0	0	16.666666666666668	16.666666666666668	0	0	16.666666666666668	0	16.666666666666668	0	16.666666666666668	0	16.666666666666668	0	0.4	1.0	0.0	1.0	0	100.0	0	0	0	0	0	2.0	6.0	2.0	1.25	2	0	0	0	100.0	0.0	0	0	0	0	0	0	0	16.666666666666668	0	0	0	0	16.666666666666668	0	0	0	0	0	0	0	0	0	0	0	0	0	33.333333333333336	0	16.666666666666668	16.666666666666668	0	0	0	0	0	0	0	0
68_1.conllu	1	11	11.0	2.75	0	9.090909090909092	9.090909090909092	9.090909090909092	0	0	0	27.272727272727273	0	0	0	27.272727272727273	0	9.090909090909092	9.090909090909092	0.625	1.0	100.0	3.0	0	0	0	100.0	0	0	0	3.0	11.0	8.0	4.0	8	1.0	1	100.0	100.0	0.0	0	0	0	0	9.090909090909092	0	9.090909090909092	9.090909090909092	9.090909090909092	0	0	0	0	0	0	0	0	0	9.090909090909092	0	0	0	0	9.090909090909092	0	0	9.090909090909092	0	27.272727272727273	9.090909090909092	0	100.0	0.0	0	0	0	0	0
101_1.conllu	1	4	4.0	4.666666666666667	0	0	25.0	0	0	0	0	0	0	0	25.0	25.0	0	25.0	0	1.0	1.0	100.0	2.0	0	0	100.0	0	0	0	0	1.0	4.0	2.0	1.5	2	0	0	0	0	0	0	0	0	0	0	0	0	0	0	0	0	0	0	0	0	0	0	0	25.0	0	0	0	0	0	0	0	0	25.0	25.0	25.0	0	100.0	0.0	0	0	0	0	0
182_1.conllu	1	8	8.0	2.2857142857142856	0	0	12.5	12.5	12.5	0	0	12.5	0	12.5	0	12.5	0	25.0	0	0.5714285714285714	2.0	100.0	1.5	50.0	0	0	50.0	0	0	0	2.0	4.0	4.0	2.0	4	0	0	0	100.0	0.0	0	0	0	0	12.5	0	0	25.0	0	12.5	0	12.5	0	0	0	0	0	0	0	0	0	0	0	0	0	0	12.5	0	12.5	12.5	0	50.0	50.0	100.0	0.0	1.0	100.0	0
118_1.conllu	1	6	6.0	3.8	0	0	16.666666666666668	0	0	0	0	0	0	33.333333333333336	0	16.666666666666668	0	33.333333333333336	0	0.6	2.0	100.0	2.0	0	0	100.0	0	0	0	0	2.0	3.0	4.0	2.25	4	0	0	0	0	0	100.0	0.0	0	0	16.666666666666668	0	0	0	0	0	0	0	16.666666666666668	0	0	0	0	0	16.666666666666668	0	0	0	0	0	16.666666666666668	0	0	0	16.666666666666668	16.666666666666668	0	100.0	0.0	0	0	0	0	0
122_1.conllu	1	6	6.0	3.6	0	0	16.666666666666668	0	0	0	0	33.333333333333336	0	0	16.666666666666668	16.666666666666668	0	16.666666666666668	0	1.0	1.0	100.0	3.0	0	0	0	100.0	0	0	0	2.0	6.0	4.0	2.25	4	0	0	0	0	0	100.0	0.0	0	0	16.666666666666668	0	0	0	0	0	0	0	0	0	0	0	0	0	0	0	0	0	0	16.666666666666668	33.333333333333336	0	0	0	16.666666666666668	16.666666666666668	0	100.0	0.0	0	0	0	0	0
42_1.conllu	1	5	5.0	3.75	0	0	40.0	0	0	0	0	0	0	0	0	20.0	0	20.0	20.0	0.75	1.0	100.0	2.0	0	0	100.0	0	0	0	0	2.0	5.0	3.0	1.6666666666666667	3	0	0	0	0	0	0	0	0	20.0	20.0	0	0	0	0	0	0	20.0	0	0	0	0	0	0	0	0	0	0	0	0	0	0	0	0	20.0	20.0	0	100.0	0.0	0	0	0	0	0
4_1.conllu	1	5	5.0	3.25	0	0	20.0	0	0	0	0	20.0	0	0	0	20.0	0	40.0	0	1.0	2.0	100.0	1.0	50.0	0	50.0	0	0	0	0	1.0	2.5	2.0	1.3333333333333333	2	0	0	0	100.0	0.0	0	0	0	20.0	0	0	0	20.0	0	0	0	0	0	0	0	0	0	0	0	0	0	0	0	0	0	0	20.0	0	20.0	20.0	0	50.0	50.0	100.0	0.0	1.0	100.0	0
5_1.conllu	1	18	18.0	3.235294117647059	0	0	16.666666666666668	0	5.555555555555555	5.555555555555555	0	38.888888888888886	0	0	0	5.555555555555555	5.555555555555555	22.22222222222222	0	0.8235294117647058	4.0	100.0	2.0	0	25.0	50.0	25.0	0	0	0	9.0	4.5	16.0	2.875	16	0	0	0	0	0	100.0	0.0	16.666666666666668	16.666666666666668	0	5.555555555555555	0	0	0	5.555555555555555	5.555555555555555	5.555555555555555	0	0	0	0	5.555555555555555	0	5.555555555555555	0	0	0	0	11.11111111111111	11.11111111111111	0	0	0	5.555555555555555	5.555555555555555	0	25.0	75.0	0.0	100.0	1.0	100.0	0
56_1.conllu	1	22	22.0	2.75	4.545454545454546	0	18.181818181818183	4.545454545454546	4.545454545454546	0	0	45.45454545454545	0	0	0	9.090909090909092	4.545454545454546	9.090909090909092	0	0.85	2.0	100.0	0.5	50.0	50.0	0	0	0	0	0	5.0	11.0	19.0	3.736842105263158	19	0	0	0	0	0	100.0	0.0	4.545454545454546	4.545454545454546	9.090909090909092	4.545454545454546	0	4.545454545454546	0	4.545454545454546	4.545454545454546	9.090909090909092	4.545454545454546	0	0	0	0	0	4.545454545454546	4.545454545454546	0	0	0	13.636363636363637	4.545454545454546	0	0	9.090909090909092	9.090909090909092	4.545454545454546	0	50.0	50.0	0.0	100.0	1.0	100.0	0
96_1.conllu	1	17	17.0	3.0	0	0	5.882352941176471	0	11.764705882352942	5.882352941176471	0	47.05882352941177	0	0	5.882352941176471	11.764705882352942	5.882352941176471	5.882352941176471	0	0.7333333333333333	1.0	100.0	4.0	0	0	0	0	100.0	0	0	4.0	17.0	15.0	3.2142857142857144	15	0	0	0	0	0	0	0	0	0	11.764705882352942	5.882352941176471	0	0	0	5.882352941176471	5.882352941176471	17.647058823529413	5.882352941176471	0	0	0	5.882352941176471	0	5.882352941176471	0	0	0	0	17.647058823529413	0	0	0	0	11.764705882352942	5.882352941176471	0	100.0	0.0	0	0	0	0	0
177_1.conllu	1	6	6.0	2.8	0	0	16.666666666666668	16.666666666666668	0	0	0	16.666666666666668	0	0	0	16.666666666666668	0	33.333333333333336	0	0.8	2.0	100.0	1.0	50.0	0	50.0	0	0	0	0	2.0	3.0	3.0	1.5	3	0	0	0	100.0	0.0	0	0	0	0	16.666666666666668	16.666666666666668	0	16.666666666666668	0	0	0	0	0	0	0	0	0	0	0	0	0	0	0	0	0	0	16.666666666666668	0	16.666666666666668	16.666666666666668	0	100.0	0.0	0	0	0	0	0
93_1.conllu	1	23	23.0	3.55	4.3478260869565215	0	0	0	4.3478260869565215	0	0	39.130434782608695	0	4.3478260869565215	4.3478260869565215	13.043478260869565	8.695652173913043	21.73913043478261	0	0.8	5.0	100.0	1.4	40.0	20.0	20.0	0	20.0	0	0	7.0	4.6	6.0	2.1052631578947367	6	0	0	0	0	0	100.0	0.0	8.695652173913043	0	0	13.043478260869565	0	0	0	4.3478260869565215	0	13.043478260869565	4.3478260869565215	0	4.3478260869565215	0	0	0	8.695652173913043	0	0	0	0	8.695652173913043	8.695652173913043	0	0	0	13.043478260869565	4.3478260869565215	8.695652173913043	33.333333333333336	66.66666666666667	0.0	100.0	1.0	100.0	0
156_1.conllu	1	18	18.0	3.375	5.555555555555555	0	22.22222222222222	0	11.11111111111111	0	0	16.666666666666668	0	0	11.11111111111111	11.11111111111111	0	22.22222222222222	0	0.875	4.0	0.0	1.5	25.0	50.0	0	0	25.0	0	0	4.0	4.5	11.0	3.0	11	0	0	0	0	0	0	0	11.11111111111111	11.11111111111111	5.555555555555555	0	0	5.555555555555555	0	0	5.555555555555555	5.555555555555555	11.11111111111111	0	0	0	0	0	16.666666666666668	5.555555555555555	0	0	0	0	0	0	0	5.555555555555555	11.11111111111111	5.555555555555555	0	0.0	100.0	66.66666666666667	33.333333333333336	1.0	100.0	0
72_1.conllu	1	16	16.0	2.8666666666666667	6.25	0	6.25	6.25	6.25	0	0	43.75	0	0	0	6.25	18.75	6.25	0	0.6666666666666666	1.0	100.0	5.0	0	0	0	0	0	100.0	0	3.0	16.0	11.0	2.7142857142857144	11	0	0	0	100.0	0.0	100.0	0.0	0	6.25	6.25	6.25	0	12.5	0	6.25	6.25	6.25	0	0	0	0	0	0	0	6.25	0	0	0	6.25	6.25	0	12.5	0	6.25	6.25	6.25	100.0	0.0	0	0	0	0	0
59_1.conllu	1	11	11.0	2.6666666666666665	9.090909090909092	0	9.090909090909092	0	9.090909090909092	9.090909090909092	0	18.181818181818183	9.090909090909092	0	0	18.181818181818183	9.090909090909092	9.090909090909092	0	0.5555555555555556	1.0	0.0	0.0	100.0	0	0	0	0	0	0	3.0	11.0	8.0	2.125	8	0	0	0	100.0	0.0	0	0	0	0	9.090909090909092	0	0	9.090909090909092	0	9.090909090909092	0	18.181818181818183	9.090909090909092	0	0	0	9.090909090909092	0	0	0	0	0	0	0	0	0	9.090909090909092	0	18.181818181818183	9.090909090909092	0	0.0	100.0	100.0	0.0	1.0	100.0	0
149_1.conllu	1	15	15.0	3.2142857142857144	0	0	13.333333333333334	6.666666666666667	6.666666666666667	0	0	33.333333333333336	0	0	6.666666666666667	6.666666666666667	0	26.666666666666668	0	0.8571428571428571	4.0	100.0	1.25	0	75.0	25.0	0	0	0	0	10.0	3.75	13.0	2.076923076923077	13	0	0	0	0	0	100.0	0.0	13.333333333333334	6.666666666666667	0	13.333333333333334	0	6.666666666666667	0	6.666666666666667	0	0	0	0	0	0	0	0	6.666666666666667	0	6.666666666666667	0	0	13.333333333333334	6.666666666666667	0	0	6.666666666666667	6.666666666666667	6.666666666666667	0	33.333333333333336	66.66666666666667	0.0	100.0	1.0	100.0	0
137_1.conllu	1	5	5.0	3.75	0	0	0	0	0	0	0	40.0	0	0	0	20.0	20.0	20.0	0	0.75	1.0	100.0	2.0	0	0	100.0	0	0	0	0	2.0	5.0	2.0	1.3333333333333333	2	0	0	0	0	0	0	0	0	0	0	0	0	0	0	0	0	20.0	0	0	0	0	0	0	20.0	0	0	0	0	0	0	0	0	0	20.0	20.0	20.0	100.0	0.0	0	0	0	0	0
186_1.conllu	1	6	6.0	2.8	0	0	16.666666666666668	16.666666666666668	0	0	0	16.666666666666668	0	0	0	16.666666666666668	16.666666666666668	16.666666666666668	0	0.6	1.0	100.0	0.0	100.0	0	0	0	0	0	0	2.0	6.0	3.0	1.5	3	0	0	0	0	0	0	0	0	0	0	0	0	16.666666666666668	0	0	0	16.666666666666668	0	0	0	0	0	0	0	0	0	0	0	0	0	0	0	16.666666666666668	16.666666666666668	16.666666666666668	16.666666666666668	50.0	50.0	100.0	0.0	1.0	100.0	0
109_1.conllu	1	9	9.0	2.875	11.11111111111111	0	0	11.11111111111111	0	0	0	22.22222222222222	0	11.11111111111111	0	11.11111111111111	11.11111111111111	22.22222222222222	0	0.625	2.0	0.0	0.5	50.0	50.0	0	0	0	0	0	3.0	4.5	6.0	2.0	6	0	0	0	0	0	100.0	0.0	11.11111111111111	0	0	11.11111111111111	0	22.22222222222222	0	0	0	0	0	0	0	11.11111111111111	0	0	0	0	0	0	0	0	22.22222222222222	0	0	0	11.11111111111111	11.11111111111111	0	0.0	100.0	0.0	100.0	1.0	100.0	0
179_1.conllu	1	9	9.0	3.25	0	0	11.11111111111111	0	11.11111111111111	0	0	11.11111111111111	0	11.11111111111111	0	11.11111111111111	11.11111111111111	33.333333333333336	0	0.625	3.0	100.0	1.6666666666666667	33.333333333333336	0	33.333333333333336	33.333333333333336	0	0	0	4.0	3.0	7.0	2.142857142857143	7	0	0	0	0	0	0	0	22.22222222222222	11.11111111111111	0	0	0	0	0	11.11111111111111	0	11.11111111111111	0	0	0	0	0	0	11.11111111111111	0	0	0	0	0	0	0	0	0	11.11111111111111	11.11111111111111	11.11111111111111	33.333333333333336	66.66666666666667	0.0	100.0	1.0	100.0	0
117_1.conllu	1	5	5.0	3.25	0	0	0	0	20.0	0	0	20.0	0	0	0	20.0	20.0	20.0	0	0.5	1.0	100.0	3.0	0	0	0	100.0	0	0	0	1.0	5.0	3.0	2.0	3	0	0	0	0	0	0	0	0	0	0	0	0	0	0	20.0	0	0	0	0	0	0	0	0	20.0	0	0	0	0	0	0	0	0	0	20.0	20.0	20.0	100.0	0.0	0	0	0	0	0
135_1.conllu	1	10	10.0	3.6666666666666665	0	0	20.0	0	10.0	0	0	20.0	10.0	0	0	10.0	0	30.0	0	0.7777777777777778	3.0	100.0	1.3333333333333333	33.333333333333336	33.333333333333336	0	33.333333333333336	0	0	0	4.0	3.3333333333333335	8.0	2.25	8	0	0	0	0	0	0	0	10.0	0	10.0	10.0	0	0	0	10.0	0	0	0	0	0	0	0	0	10.0	0	0	0	0	10.0	0	10.0	0	10.0	10.0	10.0	0	50.0	50.0	0.0	100.0	1.0	100.0	0
44_1.conllu	1	5	5.0	3.5	0	0	40.0	0	0	0	0	0	0	0	20.0	20.0	0	20.0	0	1.0	1.0	100.0	2.0	0	0	100.0	0	0	0	0	2.0	5.0	3.0	1.6666666666666667	3	0	0	0	0	0	0	0	0	20.0	20.0	0	0	0	0	0	0	0	0	0	0	0	0	0	0	0	0	0	0	20.0	0	0	0	0	20.0	20.0	0	100.0	0.0	0	0	0	0	0
138_1.conllu	1	6	6.0	3.2	0	0	0	0	16.666666666666668	16.666666666666668	0	16.666666666666668	0	0	0	16.666666666666668	16.666666666666668	16.666666666666668	0	0.4	1.0	100.0	3.0	0	0	0	100.0	0	0	0	2.0	6.0	4.0	2.0	4	0	0	0	0	0	0	0	0	0	0	0	0	0	0	16.666666666666668	0	0	0	0	0	0	16.666666666666668	0	16.666666666666668	0	0	0	0	0	0	0	0	0	16.666666666666668	16.666666666666668	16.666666666666668	100.0	0.0	0	0	0	0	0
130_1.conllu	1	5	5.0	2.75	0	0	20.0	0	0	0	0	0	0	20.0	0	20.0	20.0	20.0	0	0.5	1.0	100.0	3.0	0	0	0	100.0	0	0	0	1.0	5.0	3.0	2.0	3	0	0	0	100.0	0.0	0	0	0	0	20.0	0	0	0	0	0	0	0	0	0	0	0	0	0	0	0	0	0	0	0	0	0	20.0	0	20.0	20.0	20.0	100.0	0.0	0	0	0	0	0
70_1.conllu	1	9	9.0	3.0	0	0	11.11111111111111	0	22.22222222222222	0	0	11.11111111111111	0	0	11.11111111111111	11.11111111111111	0	33.333333333333336	0	0.75	3.0	100.0	2.0	0	33.333333333333336	33.333333333333336	33.333333333333336	0	0	0	2.0	3.0	7.0	2.4285714285714284	7	0	0	0	0	0	100.0	0.0	11.11111111111111	0	11.11111111111111	0	0	0	0	11.11111111111111	0	0	22.22222222222222	0	0	0	0	0	0	0	0	0	0	11.11111111111111	11.11111111111111	0	0	0	11.11111111111111	11.11111111111111	0	50.0	50.0	0.0	100.0	1.0	100.0	0
201_1.conllu	1	12	12.0	3.1818181818181817	0	0	8.333333333333334	0	25.0	0	0	41.666666666666664	0	0	0	8.333333333333334	0	16.666666666666668	0	0.7272727272727273	2.0	100.0	2.0	0	0	100.0	0	0	0	0	5.0	6.0	10.0	3.1	10	0	0	0	100.0	0.0	100.0	0.0	8.333333333333334	0	0	0	0	0	0	16.666666666666668	0	8.333333333333334	16.666666666666668	0	0	0	0	0	8.333333333333334	0	0	8.333333333333334	0	8.333333333333334	8.333333333333334	0	0	0	8.333333333333334	8.333333333333334	0	50.0	50.0	0.0	100.0	1.0	100.0	0
22_1.conllu	1	13	13.0	3.090909090909091	7.6923076923076925	0	15.384615384615385	7.6923076923076925	0	0	0	15.384615384615385	0	7.6923076923076925	0	15.384615384615385	15.384615384615385	15.384615384615385	0	0.6363636363636364	2.0	100.0	1.5	50.0	0	0	50.0	0	0	0	4.0	6.5	6.0	2.0	6	0	0	0	100.0	0.0	100.0	0.0	0	7.6923076923076925	7.6923076923076925	15.384615384615385	0	7.6923076923076925	0	0	15.384615384615385	0	0	0	0	7.6923076923076925	0	0	0	0	0	0	0	0	7.6923076923076925	0	7.6923076923076925	0	15.384615384615385	7.6923076923076925	0	100.0	0.0	0	0	0	0	0
61_1.conllu	1	24	24.0	2.8421052631578947	0	0	20.833333333333332	4.166666666666667	4.166666666666667	8.333333333333334	0	12.5	0	4.166666666666667	0	20.833333333333332	4.166666666666667	20.833333333333332	0	0.6842105263157895	5.0	0.0	1.8	40.0	0	20.0	20.0	20.0	0	0	7.0	4.8	22.0	4.888888888888889	22	0	0	0	100.0	0.0	100.0	0.0	4.166666666666667	8.333333333333334	12.5	4.166666666666667	0	4.166666666666667	0	0	8.333333333333334	0	4.166666666666667	0	0	0	8.333333333333334	0	4.166666666666667	0	0	0	0	0	4.166666666666667	0	8.333333333333334	4.166666666666667	20.833333333333332	4.166666666666667	0	0.0	100.0	33.333333333333336	66.66666666666667	1.5	50.0	50.0
76_1.conllu	1	4	4.0	4.0	0	0	0	0	0	0	0	25.0	0	0	0	25.0	25.0	25.0	0	0.6666666666666666	1.0	100.0	2.0	0	0	100.0	0	0	0	0	1.0	4.0	2.0	1.5	2	0	0	0	0	0	0	0	0	0	0	0	0	0	0	0	0	0	0	0	0	0	0	0	25.0	0	0	0	0	0	0	0	0	0	25.0	25.0	25.0	100.0	0.0	0	0	0	0	0
188_1.conllu	1	9	9.0	2.375	0	0	33.333333333333336	0	0	0	0	22.22222222222222	0	0	11.11111111111111	11.11111111111111	0	22.22222222222222	0	1.0	2.0	100.0	1.5	50.0	0	0	50.0	0	0	0	3.0	4.5	6.0	2.4285714285714284	6	0	0	0	0	0	0	0	0	0	22.22222222222222	0	0	11.11111111111111	0	0	0	22.22222222222222	0	0	0	0	0	0	0	0	0	0	0	11.11111111111111	0	0	0	11.11111111111111	11.11111111111111	11.11111111111111	0	50.0	50.0	100.0	0.0	1.0	100.0	0
63_1.conllu	1	6	6.0	3.8	0	0	16.666666666666668	0	0	0	0	16.666666666666668	0	0	16.666666666666668	16.666666666666668	16.666666666666668	16.666666666666668	0	0.8	1.0	100.0	2.0	0	0	100.0	0	0	0	0	3.0	6.0	2.0	1.25	2	0	0	0	0	0	0	0	0	0	0	0	0	0	0	0	16.666666666666668	0	0	0	0	0	0	0	0	0	0	0	0	16.666666666666668	0	0	0	16.666666666666668	16.666666666666668	16.666666666666668	16.666666666666668	100.0	0.0	0	0	0	0	0
164_1.conllu	1	14	14.0	2.6923076923076925	7.142857142857143	0	21.428571428571427	0	0	0	0	42.857142857142854	0	7.142857142857143	0	7.142857142857143	0	14.285714285714286	0	0.9230769230769231	2.0	100.0	2.5	0	50.0	0	0	50.0	0	0	6.0	7.0	11.0	2.25	11	0	0	0	100.0	0.0	100.0	0.0	7.142857142857143	7.142857142857143	7.142857142857143	0	0	7.142857142857143	0	0	0	21.428571428571427	0	0	0	0	0	0	0	7.142857142857143	0	0	0	7.142857142857143	7.142857142857143	0	7.142857142857143	7.142857142857143	7.142857142857143	7.142857142857143	0	50.0	50.0	0.0	100.0	1.0	100.0	0
97_1.conllu	1	5	5.0	3.5	0	0	20.0	0	0	0	0	20.0	0	20.0	0	20.0	0	20.0	0	0.75	1.0	100.0	3.0	0	0	0	100.0	0	0	0	1.0	5.0	3.0	2.0	3	0	0	0	100.0	0.0	0	0	0	20.0	0	0	0	0	0	0	0	0	0	0	0	0	0	0	20.0	0	0	0	0	0	0	0	20.0	0	20.0	20.0	0	100.0	0.0	0	0	0	0	0
41_1.conllu	1	12	12.0	3.4545454545454546	0	0	8.333333333333334	8.333333333333334	8.333333333333334	0	0	25.0	0	0	16.666666666666668	8.333333333333334	8.333333333333334	16.666666666666668	0	0.7272727272727273	2.0	100.0	3.5	0	0	50.0	0	0	50.0	0	3.0	6.0	9.0	3.2	9	0	0	0	100.0	0.0	0	0	8.333333333333334	8.333333333333334	0	8.333333333333334	0	8.333333333333334	0	8.333333333333334	0	16.666666666666668	0	0	0	0	0	0	8.333333333333334	0	0	0	0	0	0	0	8.333333333333334	0	8.333333333333334	8.333333333333334	8.333333333333334	50.0	50.0	0.0	100.0	1.0	100.0	0
21_1.conllu	1	23	23.0	2.619047619047619	0	0	21.73913043478261	0	4.3478260869565215	0	0	26.08695652173913	0	8.695652173913043	0	8.695652173913043	4.3478260869565215	26.08695652173913	0	0.8095238095238095	6.0	100.0	2.1666666666666665	16.666666666666668	16.666666666666668	33.333333333333336	16.666666666666668	0	16.666666666666668	0	5.0	3.8333333333333335	11.0	2.9	11	0	0	0	100.0	0.0	100.0	0.0	17.391304347826086	13.043478260869565	8.695652173913043	0	0	4.3478260869565215	0	0	4.3478260869565215	4.3478260869565215	4.3478260869565215	0	0	0	0	0	8.695652173913043	0	0	0	4.3478260869565215	0	13.043478260869565	0	4.3478260869565215	0	8.695652173913043	4.3478260869565215	0	16.666666666666668	83.33333333333333	0.0	100.0	1.0	100.0	0
13_1.conllu	1	20	20.0	3.6666666666666665	15.0	0	15.0	5.0	0	0	0	30.0	0	0	5.0	10.0	10.0	10.0	0	0.8333333333333334	2.0	0.0	3.0	0	0	50.0	0	50.0	0	0	7.0	10.0	8.0	2.235294117647059	8	0	0	0	100.0	0.0	100.0	0.0	10.0	0	10.0	10.0	0	5.0	0	0	10.0	0	0	0	0	0	0	0	10.0	0	0	0	0	0	15.0	0	10.0	5.0	10.0	5.0	0	0.0	100.0	0.0	100.0	1.0	100.0	0
71_1.conllu	1	8	8.0	2.7142857142857144	12.5	0	0	0	12.5	0	0	25.0	0	0	0	12.5	12.5	25.0	0	0.7142857142857143	2.0	100.0	1.5	50.0	0	0	50.0	0	0	0	2.0	4.0	4.0	1.6666666666666667	4	0	0	0	100.0	0.0	0	0	0	0	0	12.5	0	12.5	0	12.5	0	0	0	0	0	0	0	0	0	12.5	0	0	0	0	0	0	12.5	0	12.5	12.5	12.5	100.0	0.0	0	0	0	0	0
14_1.conllu	1	15	15.0	3.2857142857142856	13.333333333333334	0	20.0	0	0	6.666666666666667	0	20.0	0	0	0	6.666666666666667	6.666666666666667	26.666666666666668	0	0.8571428571428571	4.0	100.0	1.25	50.0	25.0	0	0	25.0	0	0	4.0	3.75	9.0	2.4615384615384617	9	0	0	0	100.0	0.0	100.0	0.0	6.666666666666667	6.666666666666667	6.666666666666667	26.666666666666668	0	6.666666666666667	0	0	6.666666666666667	0	0	0	0	0	0	0	0	6.666666666666667	0	0	0	0	6.666666666666667	0	6.666666666666667	6.666666666666667	6.666666666666667	6.666666666666667	0	50.0	50.0	0.0	100.0	1.0	100.0	0
189_1.conllu	1	15	15.0	3.142857142857143	0	0	20.0	6.666666666666667	6.666666666666667	0	0	40.0	0	0	0	6.666666666666667	6.666666666666667	13.333333333333334	0	0.7857142857142857	2.0	0.0	1.5	0	50.0	50.0	0	0	0	0	4.0	7.5	7.0	2.923076923076923	7	0	0	0	100.0	0.0	100.0	0.0	6.666666666666667	13.333333333333334	6.666666666666667	0	0	0	0	0	0	13.333333333333334	13.333333333333334	0	0	0	0	0	0	0	0	0	0	6.666666666666667	6.666666666666667	0	13.333333333333334	0	6.666666666666667	6.666666666666667	6.666666666666667	0.0	100.0	0.0	100.0	1.0	100.0	0
60_1.conllu	1	17	17.0	3.1666666666666665	0	5.882352941176471	17.647058823529413	0	0	0	0	17.647058823529413	0	0	0	29.41176470588235	11.764705882352942	17.647058823529413	0	0.75	3.0	0.0	1.6666666666666667	33.333333333333336	0	33.333333333333336	33.333333333333336	0	0	0	3.0	5.666666666666667	14.0	4.545454545454546	14	0	0	0	100.0	0.0	100.0	0.0	5.882352941176471	5.882352941176471	17.647058823529413	0	0	5.882352941176471	5.882352941176471	0	0	0	11.764705882352942	0	0	0	0	0	0	0	0	0	0	0	5.882352941176471	0	5.882352941176471	0	29.41176470588235	5.882352941176471	0	0.0	100.0	0.0	100.0	1.0	100.0	0
146_1.conllu	1	21	21.0	2.8	4.761904761904762	0	9.523809523809524	4.761904761904762	4.761904761904762	4.761904761904762	0	42.857142857142854	0	0	4.761904761904762	4.761904761904762	4.761904761904762	14.285714285714286	0	0.8	3.0	100.0	2.6666666666666665	0	0	33.333333333333336	66.66666666666667	0	0	0	7.0	7.0	5.0	2.0526315789473686	5	0	0	0	100.0	0.0	100.0	0.0	9.523809523809524	4.761904761904762	4.761904761904762	0	0	9.523809523809524	0	0	0	9.523809523809524	4.761904761904762	0	0	0	4.761904761904762	0	9.523809523809524	4.761904761904762	0	0	0	9.523809523809524	4.761904761904762	0	9.523809523809524	0	4.761904761904762	4.761904761904762	4.761904761904762	33.333333333333336	66.66666666666667	0.0	100.0	1.0	100.0	0
143_1.conllu	1	20	20.0	2.8947368421052633	5.0	0	20.0	0	10.0	10.0	0	20.0	5.0	0	0	5.0	5.0	20.0	0	0.6842105263157895	4.0	100.0	1.0	25.0	50.0	25.0	0	0	0	0	7.0	5.0	18.0	3.0555555555555554	18	0	0	0	100.0	0.0	0	0	5.0	10.0	5.0	15.0	0	0	0	5.0	5.0	10.0	5.0	0	0	0	10.0	0	5.0	0	0	0	0	5.0	0	0	5.0	5.0	5.0	5.0	0	100.0	0.0	0	0	0	0	0
98_1.conllu	1	9	9.0	2.857142857142857	0	0	22.22222222222222	0	0	0	11.11111111111111	0	0	11.11111111111111	0	22.22222222222222	11.11111111111111	22.22222222222222	0	0.5714285714285714	2.0	100.0	2.5	50.0	0	0	0	0	50.0	0	1.0	4.5	6.0	2.8333333333333335	6	0	0	0	0	0	0	0	0	11.11111111111111	0	0	0	11.11111111111111	0	0	0	0	0	0	0	0	0	11.11111111111111	11.11111111111111	0	0	0	0	0	0	0	0	11.11111111111111	22.22222222222222	11.11111111111111	11.11111111111111	50.0	50.0	100.0	0.0	1.0	100.0	0
25_1.conllu	1	8	8.0	2.857142857142857	0	0	12.5	0	0	25.0	0	37.5	0	0	0	12.5	0	12.5	0	0.7142857142857143	1.0	100.0	4.0	0	0	0	0	100.0	0	0	2.0	8.0	5.0	2.3333333333333335	5	0	0	0	0	0	0	0	0	0	12.5	0	0	0	0	0	0	25.0	0	0	0	0	25.0	0	12.5	0	0	0	0	0	0	0	0	0	12.5	12.5	0	100.0	0.0	0	0	0	0	0
6_1.conllu	1	16	16.0	3.1333333333333333	0	0	12.5	0	18.75	6.25	0	31.25	0	6.25	0	6.25	6.25	12.5	0	0.6	2.0	0.0	2.0	0	0	100.0	0	0	0	0	5.0	8.0	14.0	3.2857142857142856	14	0	0	0	100.0	0.0	100.0	0.0	0	6.25	6.25	0	0	0	0	12.5	6.25	6.25	12.5	0	0	0	6.25	0	0	0	0	0	0	12.5	12.5	0	6.25	0	6.25	6.25	0	0.0	100.0	0.0	100.0	1.0	100.0	0
74_1.conllu	1	21	21.0	3.1578947368421053	9.523809523809524	0	9.523809523809524	4.761904761904762	0	0	0	33.333333333333336	0	0	0	9.523809523809524	19.047619047619047	14.285714285714286	0	0.7368421052631579	3.0	100.0	0.3333333333333333	66.66666666666667	33.333333333333336	0	0	0	0	0	5.0	7.0	12.0	3.2222222222222223	12	0	0	0	100.0	0.0	100.0	0.0	4.761904761904762	4.761904761904762	0	14.285714285714286	0	4.761904761904762	0	0	9.523809523809524	4.761904761904762	0	0	0	0	0	0	4.761904761904762	4.761904761904762	0	0	0	4.761904761904762	4.761904761904762	0	9.523809523809524	4.761904761904762	9.523809523809524	4.761904761904762	9.523809523809524	50.0	50.0	0.0	100.0	1.0	100.0	0
178_1.conllu	1	7	7.0	2.5	0	0	28.571428571428573	14.285714285714286	14.285714285714286	0	0	0	0	0	0	14.285714285714286	0	28.571428571428573	0	0.6666666666666666	2.0	100.0	1.5	50.0	0	0	50.0	0	0	0	1.0	3.5	3.0	1.8	3	0	0	0	0	0	0	0	0	14.285714285714286	14.285714285714286	0	0	28.571428571428573	0	14.285714285714286	0	0	0	0	0	0	0	0	0	0	0	0	0	0	0	0	0	0	14.285714285714286	14.285714285714286	0	50.0	50.0	100.0	0.0	1.0	100.0	0
27_1.conllu	1	15	15.0	3.5	0	0	20.0	0	0	0	0	46.666666666666664	0	6.666666666666667	0	6.666666666666667	6.666666666666667	13.333333333333334	0	0.8571428571428571	2.0	100.0	3.0	0	0	50.0	0	50.0	0	0	3.0	7.5	9.0	2.4615384615384617	9	0	0	0	0	0	100.0	0.0	6.666666666666667	6.666666666666667	13.333333333333334	0	0	0	0	0	6.666666666666667	13.333333333333334	0	0	0	0	0	0	0	0	0	0	0	13.333333333333334	26.666666666666668	0	0	0	6.666666666666667	6.666666666666667	0	50.0	50.0	0.0	100.0	1.0	100.0	0
12_1.conllu	1	4	4.0	2.6666666666666665	0	0	0	0	0	25.0	0	25.0	0	0	0	25.0	0	25.0	0	0.6666666666666666	1.0	100.0	1.0	0	100.0	0	0	0	0	0	2.0	4.0	1.0	1.0	1	0	0	0	0	0	0	0	0	0	0	0	0	0	0	0	0	0	0	0	0	0	25.0	0	25.0	0	0	0	0	0	0	0	0	0	25.0	25.0	0	100.0	0.0	0	0	0	0	0
84_1.conllu	1	8	8.0	2.5714285714285716	0	0	25.0	0	12.5	0	0	0	12.5	12.5	12.5	12.5	0	12.5	0	0.5714285714285714	1.0	100.0	4.0	0	0	0	0	100.0	0	0	2.0	8.0	6.0	3.1666666666666665	6	0	0	0	0	0	100.0	0.0	0	12.5	12.5	0	0	0	0	12.5	0	0	0	0	0	0	0	0	0	0	0	0	0	12.5	12.5	12.5	0	0	12.5	12.5	0	100.0	0.0	0	0	0	0	0
31_1.conllu	1	12	12.0	3.090909090909091	16.666666666666668	0	16.666666666666668	0	8.333333333333334	0	0	16.666666666666668	0	8.333333333333334	0	8.333333333333334	8.333333333333334	8.333333333333334	8.333333333333334	0.6363636363636364	1.0	0.0	1.0	0	100.0	0	0	0	0	0	4.0	12.0	7.0	2.2	7	0	0	0	100.0	0.0	100.0	0.0	8.333333333333334	8.333333333333334	0	8.333333333333334	0	0	0	0	0	8.333333333333334	16.666666666666668	0	0	8.333333333333334	0	0	0	0	0	8.333333333333334	0	0	16.666666666666668	0	0	0	8.333333333333334	8.333333333333334	0	0.0	100.0	100.0	0.0	1.0	100.0	0
161_1.conllu	1	9	9.0	2.875	11.11111111111111	0	0	0	11.11111111111111	0	0	33.333333333333336	0	11.11111111111111	0	11.11111111111111	11.11111111111111	11.11111111111111	0	0.625	1.0	100.0	4.0	0	0	0	0	100.0	0	0	2.0	9.0	5.0	2.2857142857142856	5	0	0	0	100.0	0.0	0	0	0	0	0	0	0	11.11111111111111	0	11.11111111111111	0	0	0	0	0	0	0	0	11.11111111111111	11.11111111111111	0	0	0	11.11111111111111	0	0	11.11111111111111	0	11.11111111111111	11.11111111111111	11.11111111111111	100.0	0.0	0	0	0	0	0
139_1.conllu	1	6	6.0	3.6	0	0	16.666666666666668	0	0	0	0	0	0	16.666666666666668	0	16.666666666666668	0	50.0	0	0.8	3.0	100.0	0.6666666666666666	33.333333333333336	66.66666666666667	0	0	0	0	0	3.0	2.0	2.0	1.25	2	0	0	0	0	0	100.0	0.0	16.666666666666668	16.666666666666668	0	16.666666666666668	0	0	0	0	0	0	0	0	0	0	0	0	0	0	0	0	0	0	16.666666666666668	0	0	0	16.666666666666668	16.666666666666668	0	50.0	50.0	0.0	100.0	1.0	100.0	0
23_1.conllu	1	9	9.0	2.875	11.11111111111111	0	11.11111111111111	0	0	0	0	22.22222222222222	0	11.11111111111111	0	11.11111111111111	22.22222222222222	11.11111111111111	0	0.625	1.0	0.0	0.0	100.0	0	0	0	0	0	0	2.0	9.0	6.0	2.2857142857142856	6	0	0	0	0	0	0	0	0	0	22.22222222222222	11.11111111111111	0	0	0	0	0	11.11111111111111	11.11111111111111	0	0	0	0	0	11.11111111111111	0	0	0	0	0	0	0	0	0	11.11111111111111	11.11111111111111	11.11111111111111	0	0	0	0	0	0	0
125_1.conllu	1	9	9.0	2.75	11.11111111111111	0	0	11.11111111111111	11.11111111111111	0	0	33.333333333333336	0	0	0	11.11111111111111	0	22.22222222222222	0	0.75	2.0	100.0	1.5	0	50.0	50.0	0	0	0	0	4.0	4.5	7.0	2.142857142857143	7	0	0	0	0	0	100.0	0.0	11.11111111111111	0	0	22.22222222222222	0	11.11111111111111	0	11.11111111111111	0	0	0	0	0	0	0	0	11.11111111111111	0	0	0	0	0	11.11111111111111	0	0	0	11.11111111111111	11.11111111111111	0	50.0	50.0	0.0	100.0	1.0	100.0	0
110_1.conllu	1	14	14.0	2.9166666666666665	7.142857142857143	0	14.285714285714286	14.285714285714286	7.142857142857143	0	0	14.285714285714286	0	14.285714285714286	0	14.285714285714286	0	14.285714285714286	0	0.5833333333333334	2.0	0.0	2.0	0	50.0	0	50.0	0	0	0	6.0	7.0	12.0	2.6363636363636362	12	0	0	0	100.0	0.0	0	0	7.142857142857143	7.142857142857143	7.142857142857143	0	0	7.142857142857143	0	7.142857142857143	7.142857142857143	0	0	0	0	14.285714285714286	0	0	0	0	0	0	0	0	0	0	21.428571428571427	0	14.285714285714286	7.142857142857143	0	0.0	100.0	0.0	100.0	1.0	100.0	0
89_1.conllu	1	7	7.0	2.3333333333333335	14.285714285714286	0	0	0	0	0	0	28.571428571428573	0	0	0	14.285714285714286	14.285714285714286	28.571428571428573	0	0.8333333333333334	2.0	100.0	1.0	50.0	0	50.0	0	0	0	0	2.0	3.5	3.0	1.4	3	0	0	0	0	0	100.0	0.0	0	0	0	14.285714285714286	0	14.285714285714286	0	0	0	0	0	0	0	0	0	0	0	14.285714285714286	0	0	0	0	14.285714285714286	0	0	0	14.285714285714286	14.285714285714286	14.285714285714286	100.0	0.0	0	0	0	0	0
128_1.conllu	1	22	22.0	2.7	4.545454545454546	0	4.545454545454546	0	13.636363636363637	0	0	36.36363636363637	4.545454545454546	0	0	9.090909090909092	13.636363636363637	13.636363636363637	0	0.65	3.0	100.0	2.0	0	33.333333333333336	33.333333333333336	33.333333333333336	0	0	0	8.0	7.333333333333333	6.0	2.0526315789473686	6	0	0	0	0	0	100.0	0.0	9.090909090909092	0	4.545454545454546	4.545454545454546	0	4.545454545454546	0	4.545454545454546	4.545454545454546	4.545454545454546	13.636363636363637	0	0	0	0	0	4.545454545454546	4.545454545454546	0	0	0	4.545454545454546	4.545454545454546	4.545454545454546	0	4.545454545454546	9.090909090909092	4.545454545454546	9.090909090909092	33.333333333333336	66.66666666666667	0.0	100.0	1.0	100.0	0
80_1.conllu	1	13	13.0	3.1666666666666665	15.384615384615385	0	7.6923076923076925	7.6923076923076925	0	7.6923076923076925	0	30.76923076923077	0	0	0	7.6923076923076925	23.076923076923077	0	0	0.5833333333333334	0.0	0.0	0	0	0	0	0	0	0	0	4.0	0	7.0	2.272727272727273	7	0	0	0	100.0	0.0	100.0	0.0	0	0	0	7.6923076923076925	0	7.6923076923076925	0	0	7.6923076923076925	0	7.6923076923076925	0	0	0	7.6923076923076925	0	7.6923076923076925	0	0	0	0	0	15.384615384615385	0	7.6923076923076925	7.6923076923076925	7.6923076923076925	7.6923076923076925	7.6923076923076925	0	0	0	0	0	0	0
176_1.conllu	1	7	7.0	2.5	0	0	14.285714285714286	14.285714285714286	0	0	0	14.285714285714286	0	14.285714285714286	0	14.285714285714286	0	28.571428571428573	0	0.6666666666666666	2.0	100.0	1.0	50.0	0	50.0	0	0	0	0	2.0	3.5	3.0	1.6	3	0	0	0	0	0	0	0	0	0	0	0	0	28.571428571428573	0	0	0	0	0	0	0	0	0	0	14.285714285714286	0	0	0	0	14.285714285714286	0	0	0	14.285714285714286	14.285714285714286	14.285714285714286	0	50.0	50.0	100.0	0.0	1.0	100.0	0
202_1.conllu	1	9	9.0	2.75	0	0	33.333333333333336	0	11.11111111111111	0	0	22.22222222222222	0	0	11.11111111111111	11.11111111111111	0	11.11111111111111	0	0.875	1.0	100.0	4.0	0	0	0	0	100.0	0	0	3.0	9.0	7.0	3.0	7	0	0	0	0	0	100.0	0.0	0	11.11111111111111	11.11111111111111	0	0	0	0	0	0	22.22222222222222	11.11111111111111	0	0	0	0	0	0	0	0	0	0	0	11.11111111111111	0	0	11.11111111111111	11.11111111111111	11.11111111111111	0	100.0	0.0	0	0	0	0	0
168_1.conllu	1	15	15.0	3.142857142857143	6.666666666666667	0	6.666666666666667	0	13.333333333333334	0	0	33.333333333333336	0	0	0	6.666666666666667	13.333333333333334	20.0	0	0.7142857142857143	3.0	100.0	2.0	33.333333333333336	33.333333333333336	0	0	0	33.333333333333336	0	4.0	5.0	11.0	3.3076923076923075	11	0	0	0	100.0	0.0	100.0	0.0	0	0	6.666666666666667	6.666666666666667	0	6.666666666666667	0	0	6.666666666666667	6.666666666666667	13.333333333333334	0	0	0	0	0	0	6.666666666666667	0	0	0	6.666666666666667	6.666666666666667	0	13.333333333333334	0	6.666666666666667	6.666666666666667	6.666666666666667	50.0	50.0	0.0	100.0	1.0	100.0	0
75_1.conllu	1	6	6.0	2.8	0	0	0	0	33.333333333333336	0	0	16.666666666666668	0	16.666666666666668	0	16.666666666666668	0	16.666666666666668	0	0.4	1.0	0.0	3.0	0	0	0	100.0	0	0	0	2.0	6.0	4.0	2.5	4	0	0	0	100.0	0.0	0	0	0	0	0	0	0	0	0	16.666666666666668	0	0	16.666666666666668	0	0	0	0	0	16.666666666666668	0	0	0	0	0	0	0	16.666666666666668	0	16.666666666666668	16.666666666666668	0	0	0	0	0	0	0	0
62_1.conllu	1	10	10.0	2.75	10.0	0	20.0	0	0	10.0	0	20.0	0	0	10.0	20.0	10.0	0	0	0.75	0.0	0.0	0	0	0	0	0	0	0	0	3.0	0	5.0	2.142857142857143	5	0	0	0	100.0	0.0	100.0	0.0	0	0	0	0	0	0	0	0	0	10.0	0	0	0	0	10.0	0	10.0	0	0	10.0	0	0	10.0	0	0	10.0	20.0	10.0	10.0	0	0	0	0	0	0	0
58_1.conllu	1	6	6.0	2.4	0	0	16.666666666666668	16.666666666666668	0	0	0	0	0	16.666666666666668	0	16.666666666666668	16.666666666666668	16.666666666666668	0	0.4	1.0	100.0	1.0	0	100.0	0	0	0	0	0	3.0	6.0	1.0	1.0	1	0	0	0	0	0	0	0	0	16.666666666666668	0	0	0	16.666666666666668	0	0	0	16.666666666666668	0	0	0	0	0	0	0	0	0	0	0	0	0	0	0	0	16.666666666666668	16.666666666666668	16.666666666666668	100.0	0.0	0	0	0	0	0
116_1.conllu	1	12	12.0	3.0	8.333333333333334	0	16.666666666666668	0	0	0	0	8.333333333333334	0	8.333333333333334	0	8.333333333333334	25.0	25.0	0	0.6363636363636364	3.0	100.0	1.6666666666666667	33.333333333333336	33.333333333333336	0	0	33.333333333333336	0	0	4.0	4.0	5.0	1.9	5	0	0	0	0	0	100.0	0.0	0	0	16.666666666666668	16.666666666666668	0	8.333333333333334	0	0	16.666666666666668	0	0	0	0	0	0	0	8.333333333333334	0	0	0	0	0	8.333333333333334	0	0	0	8.333333333333334	8.333333333333334	8.333333333333334	50.0	50.0	0.0	100.0	1.0	100.0	0
106_1.conllu	1	16	16.0	2.8666666666666667	0	0	12.5	18.75	12.5	0	0	25.0	0	6.25	0	6.25	0	18.75	0	0.6	3.0	100.0	2.3333333333333335	0	0	66.66666666666667	33.333333333333336	0	0	0	5.0	5.333333333333333	11.0	3.0	11	0	0	0	100.0	0.0	100.0	0.0	0	0	12.5	6.25	0	25.0	0	6.25	0	12.5	6.25	0	0	0	0	0	6.25	0	0	0	0	0	6.25	0	6.25	0	6.25	6.25	0	100.0	0.0	0	0	0	0	0
133_1.conllu	1	8	8.0	3.5714285714285716	0	0	0	0	12.5	0	0	37.5	0	0	0	12.5	0	37.5	0	0.8571428571428571	3.0	100.0	1.0	33.333333333333336	33.333333333333336	33.333333333333336	0	0	0	0	4.0	2.6666666666666665	6.0	2.0	6	0	0	0	100.0	0.0	0	0	12.5	0	0	12.5	0	0	0	12.5	0	0	0	0	0	0	0	0	12.5	0	0	0	0	12.5	0	0	12.5	0	12.5	12.5	0	50.0	50.0	0.0	100.0	1.0	100.0	0
90_1.conllu	1	4	4.0	2.3333333333333335	0	0	25.0	0	0	0	0	25.0	0	0	0	25.0	0	25.0	0	1.0	1.0	100.0	2.0	0	0	100.0	0	0	0	0	1.0	4.0	2.0	1.5	2	0	0	0	100.0	0.0	0	0	0	0	25.0	0	0	0	0	0	0	0	0	0	0	0	0	0	0	0	0	0	0	0	0	0	25.0	0	25.0	25.0	0	100.0	0.0	0	0	0	0	0
199_1.conllu	1	7	7.0	2.6666666666666665	0	0	14.285714285714286	0	0	0	0	14.285714285714286	0	14.285714285714286	0	14.285714285714286	14.285714285714286	28.571428571428573	0	0.6666666666666666	2.0	100.0	1.5	0	50.0	50.0	0	0	0	0	2.0	3.5	4.0	1.6	4	0	0	0	0	0	100.0	0.0	0	14.285714285714286	0	14.285714285714286	0	14.285714285714286	0	0	0	14.285714285714286	0	0	0	0	0	0	0	0	0	0	0	0	14.285714285714286	0	0	0	14.285714285714286	14.285714285714286	0	100.0	0.0	0	0	0	0	0
127_1.conllu	1	9	9.0	4.375	0	0	0	11.11111111111111	22.22222222222222	0	0	22.22222222222222	0	0	0	11.11111111111111	11.11111111111111	22.22222222222222	0	0.5	2.0	100.0	1.5	50.0	0	0	50.0	0	0	0	4.0	4.5	6.0	2.0	6	0	0	0	0	0	0	0	11.11111111111111	0	0	0	0	11.11111111111111	0	11.11111111111111	0	0	11.11111111111111	0	0	0	0	0	11.11111111111111	0	0	0	0	11.11111111111111	0	0	0	0	11.11111111111111	11.11111111111111	11.11111111111111	100.0	0.0	0	0	0	0	0
102_1.conllu	1	4	4.0	2.6666666666666665	0	0	25.0	0	0	0	0	25.0	0	0	0	25.0	0	25.0	0	1.0	1.0	100.0	2.0	0	0	100.0	0	0	0	0	1.0	4.0	2.0	1.5	2	0	0	0	0	0	100.0	0.0	0	0	25.0	0	0	0	0	0	0	0	0	0	0	0	0	0	0	0	0	0	0	0	25.0	0	0	0	25.0	25.0	0	100.0	0.0	0	0	0	0	0
17_1.conllu	1	17	17.0	2.875	23.529411764705884	0	35.294117647058826	5.882352941176471	0	0	0	17.647058823529413	0	0	0	5.882352941176471	0	11.764705882352942	0	0.9375	2.0	100.0	3.0	0	0	50.0	0	50.0	0	0	5.0	8.5	7.0	2.0	7	0	0	0	100.0	0.0	100.0	0.0	5.882352941176471	11.764705882352942	23.529411764705884	17.647058823529413	0	11.764705882352942	0	0	0	0	0	0	0	0	0	0	0	5.882352941176471	0	0	0	0	5.882352941176471	0	5.882352941176471	0	5.882352941176471	5.882352941176471	0	50.0	50.0	0.0	100.0	1.0	100.0	0
169_1.conllu	1	11	11.0	3.0	9.090909090909092	0	0	0	0	0	0	45.45454545454545	0	0	0	9.090909090909092	18.181818181818183	18.181818181818183	0	0.8	2.0	100.0	2.5	0	50.0	0	0	50.0	0	0	4.0	5.5	7.0	2.3333333333333335	7	0	0	0	100.0	0.0	100.0	0.0	0	0	0	0	0	9.090909090909092	0	0	9.090909090909092	0	0	0	0	0	0	0	0	9.090909090909092	0	0	0	18.181818181818183	9.090909090909092	0	18.181818181818183	0	9.090909090909092	9.090909090909092	9.090909090909092	50.0	50.0	0.0	100.0	1.0	100.0	0
3_1.conllu	1	19	19.0	3.111111111111111	0	0	10.526315789473685	0	0	5.2631578947368425	0	26.31578947368421	0	5.2631578947368425	0	5.2631578947368425	21.05263157894737	26.31578947368421	0	0.6666666666666666	5.0	100.0	1.8	0	60.0	20.0	0	20.0	0	0	9.0	3.8	10.0	2.1176470588235294	10	0	0	0	100.0	0.0	0	0	5.2631578947368425	10.526315789473685	0	0	0	10.526315789473685	0	0	21.05263157894737	5.2631578947368425	5.2631578947368425	0	0	0	5.2631578947368425	0	0	5.2631578947368425	0	0	0	5.2631578947368425	0	0	15.789473684210526	0	5.2631578947368425	5.2631578947368425	0	25.0	75.0	0.0	100.0	1.0	100.0	0
87_1.conllu	1	5	5.0	2.6666666666666665	0	0	0	0	0	0	0	0	0	0	20.0	40.0	0	40.0	0	1.0	2.0	100.0	1.0	0	100.0	0	0	0	0	0	2.0	2.5	1.0	1.0	1	0	0	0	0	0	100.0	0.0	0	0	0	0	0	0	0	0	20.0	0	0	0	20.0	0	0	0	0	0	0	0	0	0	0	0	0	0	40.0	20.0	0	50.0	50.0	0.0	100.0	1.0	100.0	0
87_2.conllu	1	16	16.0	2.9	0	0	12.5	0	0	0	6.25	18.75	0	0	12.5	37.5	0	12.5	0	0.9	2.0	100.0	3.0	0	50.0	0	0	0	50.0	0	2.0	8.0	10.0	3.111111111111111	10	0	0	0	100.0	0.0	100.0	0.0	0	6.25	12.5	0	0	0	0	0	0	18.75	0	0	0	0	0	6.25	0	0	0	0	0	0	6.25	0	6.25	0	37.5	6.25	0	50.0	50.0	0.0	100.0	1.0	100.0	0
150_1.conllu	1	7	7.0	2.8333333333333335	0	0	14.285714285714286	0	14.285714285714286	14.285714285714286	0	0	0	0	28.571428571428573	14.285714285714286	0	14.285714285714286	0	0.6666666666666666	1.0	100.0	4.0	0	0	0	0	100.0	0	0	2.0	7.0	5.0	2.4	5	0	0	0	100.0	0.0	100.0	0.0	0	0	0	0	0	0	0	14.285714285714286	0	0	0	0	0	0	14.285714285714286	0	0	0	0	14.285714285714286	0	0	14.285714285714286	0	14.285714285714286	0	14.285714285714286	14.285714285714286	0	100.0	0.0	0	0	0	0	0
83_1.conllu	1	11	11.0	3.2	9.090909090909092	0	0	0	0	0	0	54.54545454545455	9.090909090909092	0	0	9.090909090909092	0	18.181818181818183	0	0.9	2.0	100.0	1.5	0	50.0	50.0	0	0	0	0	4.0	5.5	5.0	2.111111111111111	5	0	0	0	0	0	100.0	0.0	9.090909090909092	0	9.090909090909092	9.090909090909092	0	0	0	0	0	18.181818181818183	0	0	0	0	0	0	9.090909090909092	0	0	0	0	9.090909090909092	9.090909090909092	9.090909090909092	0	0	9.090909090909092	9.090909090909092	0	50.0	50.0	0.0	100.0	1.0	100.0	0
79_1.conllu	1	17	17.0	2.923076923076923	0	5.882352941176471	23.529411764705884	5.882352941176471	0	0	0	11.764705882352942	5.882352941176471	5.882352941176471	0	23.529411764705884	0	17.647058823529413	0	0.6923076923076923	3.0	100.0	2.6666666666666665	0	0	66.66666666666667	0	33.333333333333336	0	0	3.0	5.666666666666667	10.0	3.5833333333333335	10	0	0	0	100.0	0.0	0	0	11.764705882352942	5.882352941176471	5.882352941176471	0	0	5.882352941176471	0	0	0	5.882352941176471	0	5.882352941176471	0	0	0	0	5.882352941176471	0	0	0	0	0	0	5.882352941176471	5.882352941176471	11.764705882352942	23.529411764705884	5.882352941176471	0	33.333333333333336	66.66666666666667	0.0	100.0	1.0	100.0	0
142_1.conllu	1	5	5.0	2.75	0	0	20.0	0	0	0	0	20.0	0	20.0	0	20.0	0	20.0	0	0.75	1.0	100.0	2.0	0	0	100.0	0	0	0	0	2.0	5.0	3.0	1.6666666666666667	3	0	0	0	0	0	0	0	0	0	0	0	0	0	0	0	0	20.0	0	0	0	0	0	0	20.0	0	0	0	0	0	0	0	0	20.0	20.0	20.0	0	100.0	0.0	0	0	0	0	0
170_1.conllu	1	15	15.0	2.9285714285714284	6.666666666666667	0	13.333333333333334	0	6.666666666666667	0	0	40.0	13.333333333333334	0	0	6.666666666666667	6.666666666666667	6.666666666666667	0	0.7142857142857143	1.0	0.0	4.0	0	0	0	0	100.0	0	0	3.0	15.0	11.0	3.230769230769231	11	0	0	0	100.0	0.0	100.0	0.0	0	13.333333333333334	0	0	0	6.666666666666667	0	0	0	6.666666666666667	6.666666666666667	0	0	0	0	0	0	6.666666666666667	0	0	0	6.666666666666667	6.666666666666667	13.333333333333334	13.333333333333334	0	6.666666666666667	6.666666666666667	6.666666666666667	0	0	0	0	0	0	0
65_1.conllu	1	17	17.0	2.8125	0	0	11.764705882352942	5.882352941176471	5.882352941176471	17.647058823529413	0	41.1764705882353	0	0	0	5.882352941176471	5.882352941176471	5.882352941176471	0	0.625	1.0	100.0	3.0	0	0	0	100.0	0	0	0	5.0	17.0	9.0	2.2666666666666666	9	0	0	0	100.0	0.0	100.0	0.0	0	0	0	5.882352941176471	0	5.882352941176471	0	0	5.882352941176471	5.882352941176471	5.882352941176471	0	0	0	17.647058823529413	0	0	0	0	0	0	17.647058823529413	5.882352941176471	0	5.882352941176471	11.764705882352942	5.882352941176471	5.882352941176471	0	100.0	0.0	0	0	0	0	0
69_1.conllu	1	14	14.0	3.230769230769231	0	0	28.571428571428573	7.142857142857143	7.142857142857143	0	0	14.285714285714286	0	0	14.285714285714286	7.142857142857143	7.142857142857143	14.285714285714286	0	0.7692307692307693	2.0	100.0	2.5	0	50.0	0	0	50.0	0	0	5.0	7.0	11.0	2.8333333333333335	11	0	0	0	100.0	0.0	0	0	7.142857142857143	0	21.428571428571427	0	0	7.142857142857143	0	0	7.142857142857143	7.142857142857143	7.142857142857143	0	0	0	0	0	7.142857142857143	0	0	0	7.142857142857143	0	0	0	7.142857142857143	7.142857142857143	7.142857142857143	7.142857142857143	0	50.0	50.0	0.0	100.0	1.0	100.0	0
159_1.conllu	1	12	12.0	2.727272727272727	0	0	16.666666666666668	8.333333333333334	0	0	0	0	0	25.0	0	8.333333333333334	25.0	16.666666666666668	0	0.36363636363636365	2.0	100.0	3.5	0	50.0	0	0	0	0	50.0	2.0	6.0	8.0	3.0	8	0	0	0	100.0	0.0	0	0	0	0	8.333333333333334	0	0	16.666666666666668	0	0	16.666666666666668	0	0	0	0	0	0	0	8.333333333333334	0	0	0	0	0	0	0	16.666666666666668	8.333333333333334	8.333333333333334	8.333333333333334	8.333333333333334	50.0	50.0	0.0	100.0	1.0	100.0	0
114_1.conllu	1	9	9.0	2.625	0	0	22.22222222222222	11.11111111111111	0	11.11111111111111	0	11.11111111111111	0	0	0	11.11111111111111	0	33.333333333333336	0	0.75	3.0	100.0	0.6666666666666666	33.333333333333336	66.66666666666667	0	0	0	0	0	5.0	3.0	2.0	1.2857142857142858	2	0	0	0	0	0	0	0	11.11111111111111	11.11111111111111	0	11.11111111111111	0	0	0	0	11.11111111111111	0	0	0	0	0	11.11111111111111	0	11.11111111111111	0	0	0	0	0	0	0	0	11.11111111111111	11.11111111111111	11.11111111111111	0	50.0	50.0	0.0	100.0	1.0	100.0	0
10_1.conllu	1	13	13.0	2.8333333333333335	7.6923076923076925	0	15.384615384615385	0	0	0	0	30.76923076923077	0	0	0	7.6923076923076925	7.6923076923076925	30.76923076923077	0	0.9166666666666666	4.0	100.0	0.75	50.0	25.0	25.0	0	0	0	0	6.0	3.25	9.0	2.5454545454545454	9	0	0	0	100.0	0.0	100.0	0.0	15.384615384615385	15.384615384615385	0	15.384615384615385	0	0	0	0	0	7.6923076923076925	0	0	0	0	0	0	0	0	0	0	0	7.6923076923076925	7.6923076923076925	0	7.6923076923076925	0	7.6923076923076925	7.6923076923076925	7.6923076923076925	33.333333333333336	66.66666666666667	0.0	100.0	1.0	100.0	0
174_1.conllu	1	10	10.0	2.6666666666666665	0	0	20.0	10.0	0	10.0	0	40.0	0	0	0	10.0	10.0	0	0	0.6666666666666666	0.0	0.0	0	0	0	0	0	0	0	0	3.0	0	5.0	1.75	5	0	0	0	0	0	100.0	0.0	0	0	0	0	0	10.0	0	0	0	10.0	0	0	0	0	10.0	0	10.0	0	0	0	0	10.0	10.0	0	0	10.0	10.0	10.0	10.0	0	0	0	0	0	0	0
104_1.conllu	1	12	12.0	2.8181818181818183	0	0	25.0	0	8.333333333333334	0	0	25.0	0	8.333333333333334	0	8.333333333333334	8.333333333333334	16.666666666666668	0	0.7272727272727273	2.0	0.0	3.0	0	0	50.0	0	50.0	0	0	5.0	6.0	5.0	2.2	5	0	0	0	100.0	0.0	100.0	0.0	8.333333333333334	16.666666666666668	8.333333333333334	0	0	0	0	0	0	8.333333333333334	8.333333333333334	0	0	0	0	0	0	0	0	0	0	0	8.333333333333334	0	16.666666666666668	0	8.333333333333334	8.333333333333334	8.333333333333334	0.0	100.0	0.0	100.0	1.0	100.0	0
167_1.conllu	1	19	19.0	3.1666666666666665	0	0	36.8421052631579	5.2631578947368425	0	0	0	10.526315789473685	0	5.2631578947368425	5.2631578947368425	5.2631578947368425	10.526315789473685	21.05263157894737	0	0.7777777777777778	4.0	0.0	0.75	25.0	75.0	0	0	0	0	0	4.0	4.75	8.0	3.1176470588235294	8	0	0	0	100.0	0.0	100.0	0.0	5.2631578947368425	10.526315789473685	10.526315789473685	10.526315789473685	0	5.2631578947368425	0	0	10.526315789473685	0	0	0	0	0	0	0	5.2631578947368425	0	0	5.2631578947368425	0	5.2631578947368425	5.2631578947368425	0	5.2631578947368425	5.2631578947368425	5.2631578947368425	5.2631578947368425	5.2631578947368425	0.0	100.0	0.0	100.0	1.0	100.0	0
2_1.conllu	1	10	10.0	3.111111111111111	0	0	10.0	0	0	10.0	0	30.0	10.0	0	10.0	10.0	0	20.0	0	0.7777777777777778	2.0	100.0	1.5	0	50.0	50.0	0	0	0	0	5.0	5.0	3.0	1.375	3	0	0	0	100.0	0.0	0	0	10.0	10.0	0	0	0	0	0	0	0	10.0	0	0	0	0	10.0	0	0	0	0	0	0	20.0	0	0	20.0	0	10.0	10.0	0	50.0	50.0	0.0	100.0	1.0	100.0	0
54_1.conllu	1	13	13.0	3.6666666666666665	0	0	7.6923076923076925	7.6923076923076925	15.384615384615385	0	0	38.46153846153846	0	0	0	7.6923076923076925	7.6923076923076925	15.384615384615385	0	0.6666666666666666	2.0	100.0	1.0	50.0	0	50.0	0	0	0	0	3.0	6.5	7.0	2.1818181818181817	7	0	0	0	0	0	0	0	0	7.6923076923076925	0	7.6923076923076925	0	7.6923076923076925	0	0	7.6923076923076925	7.6923076923076925	15.384615384615385	0	0	0	0	0	7.6923076923076925	0	0	0	0	23.076923076923077	0	0	0	0	7.6923076923076925	7.6923076923076925	0	100.0	0.0	0	0	0	0	0
50_1.conllu	1	5	5.0	3.25	0	0	0	0	20.0	0	0	0	0	20.0	0	20.0	0	40.0	0	0.5	2.0	100.0	1.5	0	50.0	50.0	0	0	0	0	2.0	2.5	3.0	1.6666666666666667	3	0	0	0	100.0	0.0	0	0	0	0	0	0	0	0	0	20.0	20.0	0	0	0	0	0	0	0	0	0	0	0	0	0	0	0	20.0	0	20.0	20.0	0	50.0	50.0	0.0	100.0	1.0	100.0	0
140_1.conllu	1	4	4.0	4.0	0	0	25.0	0	0	0	0	0	0	25.0	0	25.0	0	25.0	0	0.6666666666666666	1.0	100.0	2.0	0	0	100.0	0	0	0	0	1.0	4.0	2.0	1.5	2	0	0	0	100.0	0.0	0	0	0	25.0	0	0	0	0	0	0	0	0	0	0	0	0	0	0	0	0	0	0	0	0	0	0	25.0	0	25.0	25.0	0	100.0	0.0	0	0	0	0	0
18_1.conllu	1	10	10.0	2.888888888888889	20.0	0	20.0	0	0	0	0	30.0	0	0	0	10.0	0	20.0	0	1.0	2.0	100.0	2.0	0	50.0	0	50.0	0	0	0	3.0	5.0	4.0	1.625	4	0	0	0	0	0	100.0	0.0	10.0	10.0	10.0	10.0	0	10.0	0	0	0	0	0	0	10.0	0	0	0	0	10.0	0	0	0	0	10.0	0	0	0	10.0	10.0	0	50.0	50.0	0.0	100.0	1.0	100.0	0
48_1.conllu	1	12	12.0	2.909090909090909	8.333333333333334	0	0	8.333333333333334	0	16.666666666666668	0	50.0	0	0	0	8.333333333333334	8.333333333333334	0	0	0.6363636363636364	0.0	0.0	0	0	0	0	0	0	0	0	5.0	0	5.0	2.1	5	0	0	0	0	0	100.0	0.0	0	0	0	16.666666666666668	0	0	0	0	0	0	8.333333333333334	0	0	8.333333333333334	16.666666666666668	0	0	0	0	0	0	0	33.333333333333336	0	0	0	8.333333333333334	8.333333333333334	0	0	0	0	0	0	0	0
190_1.conllu	1	9	9.0	2.375	22.22222222222222	0	0	0	0	0	0	44.44444444444444	0	0	0	11.11111111111111	11.11111111111111	11.11111111111111	0	0.875	1.0	100.0	2.0	0	0	100.0	0	0	0	0	4.0	9.0	5.0	1.5714285714285714	5	0	0	0	100.0	0.0	0	0	0	0	0	11.11111111111111	0	11.11111111111111	0	0	0	11.11111111111111	0	0	0	11.11111111111111	0	0	0	11.11111111111111	0	0	0	0	0	0	11.11111111111111	0	11.11111111111111	11.11111111111111	11.11111111111111	100.0	0.0	0	0	0	0	0
30_1.conllu	1	10	10.0	3.2222222222222223	0	0	10.0	0	0	0	0	40.0	0	10.0	0	10.0	10.0	20.0	0	0.7777777777777778	2.0	100.0	1.0	0	100.0	0	0	0	0	0	5.0	5.0	6.0	2.125	6	0	0	0	0	0	0	0	10.0	0	10.0	0	0	0	0	0	10.0	10.0	0	0	0	10.0	0	0	20.0	0	0	0	0	10.0	0	0	0	0	10.0	10.0	0	50.0	50.0	0.0	100.0	1.0	100.0	0