language,real,control1,control2,control3,control_mean,selectivity,normalized_selectivity,task,model_type,metric,split,submetric,layer
ar,0.0332675762474536,0.0569119155406951,0.052435528486967,0.054156620055437,0.054501354694366365,0.021233778446912766,38.96009294812563,single_submetric,lm_probe,mse,test,avg_max_depth,layer11
en,0.0102100390940904,0.0291571300476789,0.0289073958992958,0.0301593393087387,0.029407955085237802,0.019197915991147403,65.28137007657622,single_submetric,lm_probe,mse,test,avg_max_depth,layer11
fi,0.014373461715877,0.0330745726823806,0.0320907309651374,0.0289040226489305,0.03135644209881616,0.01698298038293916,54.1610566958435,single_submetric,lm_probe,mse,test,avg_max_depth,layer11
id,0.024705447256565,0.0335699580609798,0.0354443229734897,0.0364855453372001,0.03516660879055653,0.010461161533991532,29.74742772695421,single_submetric,lm_probe,mse,test,avg_max_depth,layer11
ja,0.0280161574482917,0.080426275730133,0.084184743463993,0.0773912891745567,0.08066743612289425,0.05265127867460255,65.26955758751278,single_submetric,lm_probe,mse,test,avg_max_depth,layer11
ko,0.0131252985447645,0.0368014872074127,0.0368009507656097,0.0359856337308883,0.0365293572346369,0.0234040586898724,64.06917740036451,single_submetric,lm_probe,mse,test,avg_max_depth,layer11
ru,0.0125413918867707,0.0239018648862838,0.0244228225201368,0.0232970081269741,0.02387389851113157,0.01133250662436087,47.468186308477925,single_submetric,lm_probe,mse,test,avg_max_depth,layer11
ar,0.0522785559296608,0.0522785559296608,0.0522785559296608,0.0522785559296608,0.0522785559296608,0.0,0.0,single_submetric,DummyRegressor,mse,test,avg_max_depth,overall
en,0.028998551890254,0.028998551890254,0.028998551890254,0.028998551890254,0.028998551890254003,3.469446951953614e-18,1.1964207609689798e-14,single_submetric,DummyRegressor,mse,test,avg_max_depth,overall
fi,0.0352695845067501,0.0352695845067501,0.0352695845067501,0.0352695845067501,0.0352695845067501,0.0,0.0,single_submetric,DummyRegressor,mse,test,avg_max_depth,overall
id,0.0326110012829303,0.0326110012829303,0.0326110012829303,0.0326110012829303,0.0326110012829303,0.0,0.0,single_submetric,DummyRegressor,mse,test,avg_max_depth,overall
ja,0.0944695398211479,0.0944695398211479,0.0944695398211479,0.0944695398211479,0.0944695398211479,0.0,0.0,single_submetric,DummyRegressor,mse,test,avg_max_depth,overall
ko,0.0354413166642189,0.0354413166642189,0.0354413166642189,0.0354413166642189,0.0354413166642189,0.0,0.0,single_submetric,DummyRegressor,mse,test,avg_max_depth,overall
ru,0.0247595012187957,0.0247595012187957,0.0247595012187957,0.0247595012187957,0.024759501218795704,3.469446951953614e-18,1.4012588223384118e-14,single_submetric,DummyRegressor,mse,test,avg_max_depth,overall
ar,0.0625984594225883,0.053910955786705,0.0553630851209163,0.0561440959572792,0.05513937895496684,-0.007459080467621469,-13.527683134975845,complexity,lm_probe,mse,test,complexity,layer6
en,0.0223067123442888,0.0396901033818721,0.0389800406992435,0.0390859209001064,0.03925202166040733,0.01694530931611853,43.170538992163294,complexity,lm_probe,mse,test,complexity,layer6
fi,0.020402418449521,0.0384797230362892,0.0375304408371448,0.03803301602602,0.038014393299818004,0.017611974850297005,46.32975386820476,complexity,lm_probe,mse,test,complexity,layer6
id,0.0430702194571495,0.0391544252634048,0.0416170954704284,0.0421061404049396,0.04095922037959093,-0.002110999077558566,-5.1539044395738305,complexity,lm_probe,mse,test,complexity,layer6
ja,0.0191846378147602,0.054281186312437,0.0517551377415657,0.0524918101727962,0.052842711408932964,0.03365807359417276,63.69482696242367,complexity,lm_probe,mse,test,complexity,layer6
ko,0.020968098193407,0.0331725999712944,0.0313130281865596,0.0332886017858982,0.032591409981250735,0.011623311787843735,35.66372794098329,complexity,lm_probe,mse,test,complexity,layer6
ru,0.0176359098404645,0.0486926473677158,0.046375248581171,0.047786246985197,0.0476180476446946,0.0299821378042301,62.96381159501524,complexity,lm_probe,mse,test,complexity,layer6
ar,0.0451553016901016,0.0596331134438514,0.0545205995440483,0.0585391595959663,0.05756429086128867,0.012408989171187067,21.556748090736875,single_submetric,XGBRegressor,mse,test,avg_links_len,overall
en,0.0093499133363366,0.0121804606169462,0.011722857132554,0.0117913903668522,0.011898236038784133,0.002548322702447533,21.417651273187744,single_submetric,XGBRegressor,mse,test,avg_links_len,overall
fi,0.0215784814208745,0.022873967885971,0.021670950576663,0.0225018691271543,0.0223489291965961,0.000770447775721602,3.447358792648315,single_submetric,XGBRegressor,mse,test,avg_links_len,overall
id,0.0243570692837238,0.0352049842476844,0.0352305509150028,0.036507923156023,0.035647819439570065,0.011290750155846265,31.673045738425227,single_submetric,XGBRegressor,mse,test,avg_links_len,overall
ja,0.0986155420541763,0.1047704666852951,0.1028134077787399,0.1077177450060844,0.10510053982337314,0.0064849977691968375,6.170280171819488,single_submetric,XGBRegressor,mse,test,avg_links_len,overall
ko,0.017975041642785,0.0263312645256519,0.0285405851900577,0.0288127399981021,0.027894863237937235,0.009919821595152235,35.56146345131099,single_submetric,XGBRegressor,mse,test,avg_links_len,overall
ru,0.0225561112165451,0.0215910691767931,0.0215434487909078,0.0199028924107551,0.021012470126152,-0.001543641090393101,-7.3463095063340225,single_submetric,XGBRegressor,mse,test,avg_links_len,overall
ar,0.0588316656649112,0.1115843132138252,0.1341110318899154,0.1153100505471229,0.12033513188362117,0.06150346621870997,51.11014984235142,single_submetric,lm_probe,mse,test,avg_verb_edges,layer11
en,0.0290052238851785,0.0608938485383987,0.0610585547983646,0.0625712350010871,0.06150787944595013,0.03250265556077163,52.84307612869866,single_submetric,lm_probe,mse,test,avg_verb_edges,layer11
fi,0.0437109358608722,0.0889002457261085,0.0872035175561904,0.0848938152194023,0.0869991928339004,0.0432882569730282,49.75707884517332,single_submetric,lm_probe,mse,test,avg_verb_edges,layer11
id,0.04498727992177,0.0668342933058738,0.0742165595293045,0.0717131271958351,0.07092132667700447,0.025934046755234474,36.56734577646208,single_submetric,lm_probe,mse,test,avg_verb_edges,layer11
ja,0.063604362308979,0.1089538559317588,0.1045370623469352,0.1040183380246162,0.10583641876777006,0.04223205645879105,39.90314199071502,single_submetric,lm_probe,mse,test,avg_verb_edges,layer11
ko,0.0407625883817672,0.0368307717144489,0.0376513078808784,0.0379702188074588,0.037484099467595365,-0.0032784889141718315,-8.746345679202065,single_submetric,lm_probe,mse,test,avg_verb_edges,layer11
ru,0.0281285736709833,0.0497648008167743,0.0511622130870819,0.0499442964792251,0.05029043679436043,0.022161863123377132,44.067748335529195,single_submetric,lm_probe,mse,test,avg_verb_edges,layer11
ar,0.7142857142857143,0.7142857142857143,0.7142857142857143,0.7142857142857143,0.7142857142857143,0.0,0.0,question_type,DummyClassifier,accuracy,test,overall,overall
en,0.5,0.5,0.5,0.5,0.5,0.0,0.0,question_type,DummyClassifier,accuracy,test,overall,overall
fi,0.5,0.5,0.5,0.5,0.5,0.0,0.0,question_type,DummyClassifier,accuracy,test,overall,overall
id,0.5,0.5,0.5,0.5,0.5,0.0,0.0,question_type,DummyClassifier,accuracy,test,overall,overall
ja,0.4021739130434782,0.4021739130434782,0.4021739130434782,0.4021739130434782,0.4021739130434782,0.0,0.0,question_type,DummyClassifier,accuracy,test,overall,overall
ko,0.5,0.5,0.5,0.5,0.5,0.0,0.0,question_type,DummyClassifier,accuracy,test,overall,overall
ru,0.5,0.5,0.5,0.5,0.5,0.0,0.0,question_type,DummyClassifier,accuracy,test,overall,overall
ar,0.974025974025974,0.7142857142857143,0.7142857142857143,0.7142857142857143,0.7142857142857143,0.2597402597402597,36.36363636363636,question_type,lm_probe,accuracy,test,overall,layer2
en,0.8909090909090909,0.5,0.5,0.5,0.5,0.3909090909090909,78.18181818181817,question_type,lm_probe,accuracy,test,overall,layer2
fi,0.8636363636363636,0.5,0.5,0.5,0.5,0.36363636363636365,72.72727272727273,question_type,lm_probe,accuracy,test,overall,layer2
id,0.5727272727272728,0.5,0.5,0.5,0.5,0.07272727272727275,14.54545454545455,question_type,lm_probe,accuracy,test,overall,layer2
ja,0.6413043478260869,0.4021739130434782,0.4021739130434782,0.5978260869565217,0.467391304347826,0.17391304347826092,37.20930232558141,question_type,lm_probe,accuracy,test,overall,layer2
ko,0.5909090909090909,0.5,0.5,0.5,0.5,0.09090909090909094,18.181818181818187,question_type,lm_probe,accuracy,test,overall,layer2
ru,0.990909090909091,0.5,0.5,0.5,0.5,0.49090909090909096,98.18181818181819,question_type,lm_probe,accuracy,test,overall,layer2
ar,0.0615373291075229,0.063572347164154,0.0674939304590225,0.0621544979512691,0.06440692519148186,0.00286959608395896,4.4554154315357355,single_submetric,lm_probe,mse,test,lexical_density,layer2
en,0.0187132190912961,0.0294106770306825,0.0288234502077102,0.0284811165183782,0.028905081252256968,0.010191862160960869,35.259759597337464,single_submetric,lm_probe,mse,test,lexical_density,layer2
fi,0.0496707670390605,0.0547827817499637,0.055554624646902,0.05446557700634,0.05493432780106857,0.005263560762008068,9.58155123162476,single_submetric,lm_probe,mse,test,lexical_density,layer2
id,0.0322277173399925,0.049811590462923,0.0497794076800346,0.0511974953114986,0.05026283115148541,0.018035113811492906,35.88161151753967,single_submetric,lm_probe,mse,test,lexical_density,layer2
ja,0.0645560249686241,0.063018761575222,0.0674487948417663,0.0666833147406578,0.06571695705254871,0.0011609320839246068,1.7665639676473461,single_submetric,lm_probe,mse,test,lexical_density,layer2
ko,0.0995022505521774,0.1064626947045326,0.1002015843987464,0.0998130440711975,0.1021591077248255,0.0026568571726481027,2.6007051469209967,single_submetric,lm_probe,mse,test,lexical_density,layer2
ru,0.0616419538855552,0.0617305859923362,0.0640259385108947,0.0618722923099994,0.06254293893774343,0.0009009850521882329,1.4405863675275838,single_submetric,lm_probe,mse,test,lexical_density,layer2
ar,0.027878701529974,0.0545536559811195,0.0511130313092803,0.0544842576476242,0.05338364831267467,0.02550494678270067,47.77670239642488,single_submetric,Ridge,mse,test,avg_max_depth,overall
en,0.0128012127455848,0.0327974307497045,0.0306688756061273,0.0318685391137806,0.031778281823204135,0.018977069077619334,59.71710233799518,single_submetric,Ridge,mse,test,avg_max_depth,overall
fi,0.0300651306229031,0.0345956647781879,0.0390045159729858,0.0330765542168897,0.03555891165602113,0.005493781033118032,15.449800843912442,single_submetric,Ridge,mse,test,avg_max_depth,overall
id,0.0182645023269505,0.0346850545176945,0.0320441475747925,0.0364920736246794,0.03440709190572214,0.016142589578771637,46.9164601966463,single_submetric,Ridge,mse,test,avg_max_depth,overall
ja,0.0530596537897196,0.0835598592942734,0.0821511766577538,0.0865865015525258,0.08409917916818432,0.031039525378464723,36.90823820811717,single_submetric,Ridge,mse,test,avg_max_depth,overall
ko,0.0219654392846419,0.037944766649542,0.0407887321980772,0.0400361323392192,0.039589877062279476,0.017624437777637576,44.51753601030962,single_submetric,Ridge,mse,test,avg_max_depth,overall
ru,0.0140535594275892,0.0305808059883247,0.0247708026057784,0.0259676447632721,0.02710641778579173,0.01305285835820253,48.15412520146575,single_submetric,Ridge,mse,test,avg_max_depth,overall
ar,0.0589210577309131,0.0589210577309131,0.0589210577309131,0.0589210577309131,0.0589210577309131,0.0,0.0,complexity,DummyRegressor,mse,test,complexity,overall
en,0.0386405438184738,0.0386405438184738,0.0386405438184738,0.0386405438184738,0.0386405438184738,0.0,0.0,complexity,DummyRegressor,mse,test,complexity,overall
fi,0.0402829088270664,0.0402829088270664,0.0402829088270664,0.0402829088270664,0.0402829088270664,0.0,0.0,complexity,DummyRegressor,mse,test,complexity,overall
id,0.0407795868813991,0.0407795868813991,0.0407795868813991,0.0407795868813991,0.0407795868813991,0.0,0.0,complexity,DummyRegressor,mse,test,complexity,overall
ja,0.0630357638001442,0.0630357638001442,0.0630357638001442,0.0630357638001442,0.0630357638001442,0.0,0.0,complexity,DummyRegressor,mse,test,complexity,overall
ko,0.0356804206967353,0.0356804206967353,0.0356804206967353,0.0356804206967353,0.0356804206967353,0.0,0.0,complexity,DummyRegressor,mse,test,complexity,overall
ru,0.0590713657438755,0.0590713657438755,0.0590713657438755,0.0590713657438755,0.0590713657438755,0.0,0.0,complexity,DummyRegressor,mse,test,complexity,overall
ar,0.064446173608303,0.0622466765344142,0.0728653520345687,0.0645969808101654,0.06656966979304944,0.002123496184746443,3.1898854108003367,single_submetric,lm_probe,mse,test,avg_links_len,layer12
en,0.0090509699657559,0.0094066867604851,0.0092788822948932,0.0104035818949341,0.009696383650104133,0.0006454136843482335,6.6562308963641525,single_submetric,lm_probe,mse,test,avg_links_len,layer12
fi,0.0192534867674112,0.0283926464617252,0.0251827929168939,0.0217470433562994,0.02510749424497283,0.0058540074775616305,23.315777434595066,single_submetric,lm_probe,mse,test,avg_links_len,layer12
id,0.0306069608777761,0.0363233163952827,0.0358710400760173,0.0365465022623539,0.03624695291121797,0.005639992033441867,15.559906641687284,single_submetric,lm_probe,mse,test,avg_links_len,layer12
ja,0.0745879858732223,0.0901926979422569,0.0966832041740417,0.0958518981933593,0.09424260010321932,0.019654614229997022,20.855339526360993,single_submetric,lm_probe,mse,test,avg_links_len,layer12
ko,0.0206895172595977,0.057891272008419,0.0274354927241802,0.025893984362483,0.037073583031694064,0.016384065772096366,44.19337013660021,single_submetric,lm_probe,mse,test,avg_links_len,layer12
ru,0.0169453341513872,0.016896104440093,0.0179498028010129,0.021477673202753,0.018774526814619632,0.001829192663232431,9.742949483062592,single_submetric,lm_probe,mse,test,avg_links_len,layer12
ar,0.0197158902883529,0.0394174046814441,0.0366457439959049,0.0389313958585262,0.038331514845291736,0.018615624556938836,48.56480270104795,single_submetric,XGBRegressor,mse,val,avg_max_depth,overall
en,0.014487836509943,0.0363652296364307,0.0418249927461147,0.0410831682384014,0.039757796873648936,0.025269960363705934,63.55976022518141,single_submetric,XGBRegressor,mse,val,avg_max_depth,overall
fi,0.0233207289129495,0.0483308583498001,0.0509696677327156,0.0491093061864376,0.0494699440896511,0.0261492151767016,52.858792662698605,single_submetric,XGBRegressor,mse,val,avg_max_depth,overall
id,0.0245006047189235,0.0477568656206131,0.0463078022003173,0.0392568111419677,0.044440492987632696,0.019939888268709197,44.86873778438563,single_submetric,XGBRegressor,mse,val,avg_max_depth,overall
ja,0.0190480258315801,0.0320644006133079,0.0331432856619358,0.030340950936079,0.03184954573710757,0.01280151990552747,40.19372838530803,single_submetric,XGBRegressor,mse,val,avg_max_depth,overall
ko,0.0144669394940137,0.0349931642413139,0.0312858670949935,0.0364529080688953,0.034243979801734235,0.019777040307720536,57.75333481162419,single_submetric,XGBRegressor,mse,val,avg_max_depth,overall
ru,0.0136380083858966,0.0391948632895946,0.0389299467206001,0.0379498153924942,0.0386915418008963,0.025053533414999697,64.75196450925439,single_submetric,XGBRegressor,mse,val,avg_max_depth,overall
ar,0.0938125178217887,0.1134155094623565,0.1172750741243362,0.1216992735862732,0.11746328572432196,0.02365076790253326,20.134604405703364,single_submetric,lm_probe,mse,test,avg_verb_edges,layer2
en,0.0409167110919952,0.0646679177880287,0.0604472123086452,0.0596701316535472,0.061595087250073705,0.020678376158078507,33.5714698708439,single_submetric,lm_probe,mse,test,avg_verb_edges,layer2
fi,0.0568475760519504,0.0985418111085891,0.0890585780143737,0.0878311395645141,0.0918105095624923,0.0349629335105419,38.08162450807859,single_submetric,lm_probe,mse,test,avg_verb_edges,layer2
id,0.0617013797163963,0.0655482187867164,0.0655271038413047,0.0669712647795677,0.06601552913586294,0.004314149419466638,6.535052397425951,single_submetric,lm_probe,mse,test,avg_verb_edges,layer2
ja,0.0864274725317955,0.1046293526887893,0.1005779728293418,0.1012881770730018,0.10216516753037763,0.01573769499858213,15.404168934488077,single_submetric,lm_probe,mse,test,avg_verb_edges,layer2
ko,0.0424606688320636,0.0390971936285495,0.0429832935333251,0.0360376611351966,0.039372716099023736,-0.003087952733039863,-7.842874556262655,single_submetric,lm_probe,mse,test,avg_verb_edges,layer2
ru,0.0455559119582176,0.046232808381319,0.0443689078092575,0.0447388775646686,0.045113531251748364,-0.00044238070646923644,-0.9805942789107027,single_submetric,lm_probe,mse,test,avg_verb_edges,layer2
ar,0.0304308459162712,0.0482044667005538,0.0477779582142829,0.0500282980501651,0.048670240988333925,0.018239395072062726,37.47545666855161,single_submetric,lm_probe,mse,test,avg_max_depth,layer6
en,0.0113776866346597,0.0270242262631654,0.0262743756175041,0.0269643887877464,0.0267543302228053,0.015376643588145599,57.47347610682701,single_submetric,lm_probe,mse,test,avg_max_depth,layer6
fi,0.0238350685685873,0.0300902128219604,0.0339420698583126,0.0339768752455711,0.0326697193086147,0.008834650740027403,27.042322147217803,single_submetric,lm_probe,mse,test,avg_max_depth,layer6
id,0.0281673353165388,0.0355903469026088,0.0293984580785036,0.0326424650847911,0.0325437566886345,0.004376421372095696,13.447806330312527,single_submetric,lm_probe,mse,test,avg_max_depth,layer6
ja,0.035219844430685,0.0856339186429977,0.0796683132648468,0.076783187687397,0.08069513986508049,0.04547529543439549,56.35444155673889,single_submetric,lm_probe,mse,test,avg_max_depth,layer6
ko,0.0180397275835275,0.0338152013719081,0.0351664721965789,0.034480981528759,0.034487551699082,0.0164478241155545,47.69206077331466,single_submetric,lm_probe,mse,test,avg_max_depth,layer6
ru,0.0171179380267858,0.0240758657455444,0.0238261073827743,0.0244588013738393,0.024120258167386,0.007002320140600201,29.030867298378787,single_submetric,lm_probe,mse,test,avg_max_depth,layer6
ar,0.0533161535859108,0.0562560521066188,0.0538057722151279,0.0532261505722999,0.0544293249646822,0.0011131713787714062,2.045168444572323,single_submetric,lm_probe,mse,test,avg_max_depth,layer12
en,0.0172598976641893,0.0270406939089298,0.0289990715682506,0.0289698354899883,0.0283365336557229,0.0110766359915336,39.08959411235728,single_submetric,lm_probe,mse,test,avg_max_depth,layer12
fi,0.0213652495294809,0.0347876362502574,0.0308553781360387,0.0325933210551738,0.03274544514715663,0.011380195617675733,34.75352241062419,single_submetric,lm_probe,mse,test,avg_max_depth,layer12
id,0.0296769924461841,0.0384053587913513,0.0397600643336772,0.0386634096503257,0.0389429442584514,0.0092659518122673,23.793660157722673,single_submetric,lm_probe,mse,test,avg_max_depth,layer12
ja,0.047093816101551,0.083739086985588,0.0827429965138435,0.0952530950307846,0.08724505951007204,0.04015124340852104,46.02122301708759,single_submetric,lm_probe,mse,test,avg_max_depth,layer12
ko,0.0130961397662758,0.0373022183775901,0.0346234627068042,0.0338100343942642,0.03524523849288617,0.022149098726610368,62.842811323523605,single_submetric,lm_probe,mse,test,avg_max_depth,layer12
ru,0.0260002613067626,0.0255182143300771,0.0232960116118192,0.0249656997621059,0.024593308568000734,-0.0014069527387618672,-5.720876208549286,single_submetric,lm_probe,mse,test,avg_max_depth,layer12
ar,0.0274897702038288,0.0507643707096576,0.0519679673016071,0.0506756752729415,0.05113600442806873,0.02364623422423993,46.241849531873925,single_submetric,lm_probe,mse,test,avg_max_depth,layer2
en,0.0103081157431006,0.0285752434283494,0.0277460105717182,0.0283771753311157,0.028232809777061097,0.0179246940339605,63.48887757011047,single_submetric,lm_probe,mse,test,avg_max_depth,layer2
fi,0.0204323008656501,0.0312119610607624,0.0316125229001045,0.0318911112844944,0.0315718650817871,0.011139564216137002,35.28319973267305,single_submetric,lm_probe,mse,test,avg_max_depth,layer2
id,0.0243410579860021,0.0322232730686664,0.0328550674021244,0.0336235463619232,0.032900628944238,0.008559570958235903,26.016435651559082,single_submetric,lm_probe,mse,test,avg_max_depth,layer2
ja,0.0480684749782085,0.0810370370745658,0.083924688398838,0.0755177661776542,0.08015983055035268,0.03209135557214418,40.034210840785,single_submetric,lm_probe,mse,test,avg_max_depth,layer2
ko,0.0151948248967528,0.0358258448541164,0.0351521894335746,0.0348313823342323,0.0352698055406411,0.020074980643888303,56.918319611249544,single_submetric,lm_probe,mse,test,avg_max_depth,layer2
ru,0.0098820682615041,0.0247133318334817,0.0254829954355955,0.0250410214066505,0.02507911622524257,0.01519704796373847,60.596425437202505,single_submetric,lm_probe,mse,test,avg_max_depth,layer2
ar,0.0574313700199127,0.0670000463724136,0.0718803033232688,0.0661921650171279,0.0683575049042701,0.010926134884357404,15.98381172580639,single_submetric,XGBRegressor,mse,test,avg_subordinate_chain_len,overall
en,0.0163177829235792,0.0292842891067266,0.0276546701788902,0.0282251797616481,0.0283880463490883,0.012070263425509101,42.51882386368143,single_submetric,XGBRegressor,mse,test,avg_subordinate_chain_len,overall
fi,0.0391304194927215,0.0519094243645668,0.0536698997020721,0.0544141307473182,0.05333115160465237,0.014200732111930868,26.62746197044817,single_submetric,XGBRegressor,mse,test,avg_subordinate_chain_len,overall
id,0.0439334921538829,0.0766122415661811,0.0788221508264541,0.059815626591444,0.0717500063280264,0.027816514174143506,38.768657450665685,single_submetric,XGBRegressor,mse,test,avg_subordinate_chain_len,overall
ja,0.0720668137073516,0.1061915755271911,0.1133792176842689,0.1165786236524581,0.11204980562130602,0.03998299191395442,35.68323183806733,single_submetric,XGBRegressor,mse,test,avg_subordinate_chain_len,overall
ko,0.0546709597110748,0.0658425316214561,0.0661271512508392,0.0691906735301017,0.06705345213413234,0.012382492423057542,18.466599450074337,single_submetric,XGBRegressor,mse,test,avg_subordinate_chain_len,overall
ru,0.0406591333448886,0.0536313578486442,0.0552598536014556,0.0540330074727535,0.05430807297428444,0.01364893962939584,25.132432218426874,single_submetric,XGBRegressor,mse,test,avg_subordinate_chain_len,overall
ar,0.0284759625792503,0.0503295846283435,0.0510583892464637,0.0513339713215827,0.05090731506546329,0.022431352486212988,44.06312227892557,single_submetric,XGBRegressor,mse,test,avg_max_depth,overall
en,0.0116611588746309,0.0328743383288383,0.0276489779353141,0.0291863624006509,0.0299032262216011,0.0182420673469702,61.00367636517004,single_submetric,XGBRegressor,mse,test,avg_max_depth,overall
fi,0.0172411613166332,0.0357306897640228,0.036765594035387,0.0343495942652225,0.035615292688210766,0.018374131371577566,51.59056681755053,single_submetric,XGBRegressor,mse,test,avg_max_depth,overall
id,0.0285029225051403,0.0332420319318771,0.030579961836338,0.0284854751080274,0.030769156292080834,0.002266233786940533,7.365277635265552,single_submetric,XGBRegressor,mse,test,avg_max_depth,overall
ja,0.0633264556527137,0.0878545120358467,0.0905374065041542,0.0902355536818504,0.08954249074061711,0.026216035087903405,29.27775949838709,single_submetric,XGBRegressor,mse,test,avg_max_depth,overall
ko,0.0179967172443866,0.0390049405395984,0.0373823009431362,0.0382131189107894,0.038200120131174665,0.020203402886788065,52.8883229094882,single_submetric,XGBRegressor,mse,test,avg_max_depth,overall
ru,0.0149314971640706,0.0255890525877475,0.0250174757093191,0.0252894330769777,0.025298653791348102,0.010367156627277503,40.97908415515363,single_submetric,XGBRegressor,mse,test,avg_max_depth,overall
ar,0.041628148406744,0.0654896274209022,0.0677763000130653,0.0658589377999305,0.066374955077966,0.02474680667122199,37.28334978480009,single_submetric,XGBRegressor,mse,val,avg_verb_edges,overall
en,0.0313834697008132,0.0489022471010685,0.054879929870367,0.0552156679332256,0.052999281634887034,0.02161581193407383,40.78510362269725,single_submetric,XGBRegressor,mse,val,avg_verb_edges,overall
fi,0.0432578139007091,0.053676638752222,0.0646541267633438,0.0678032785654068,0.0620446813603242,0.0187868674596151,30.279577632948833,single_submetric,XGBRegressor,mse,val,avg_verb_edges,overall
id,0.0428838320076465,0.0577124431729316,0.063899278640747,0.0619445890188217,0.06118543694416676,0.018301604936520263,29.911700970969505,single_submetric,XGBRegressor,mse,val,avg_verb_edges,overall
ja,0.0377974472939968,0.0912926271557807,0.0917129069566726,0.08948964625597,0.09083172678947443,0.053034279495477635,58.387395428910025,single_submetric,XGBRegressor,mse,val,avg_verb_edges,overall
ko,0.0260467641055583,0.0285967662930488,0.0299967788159847,0.0284854173660278,0.029026320825020435,0.0029795567194621335,10.265016835663793,single_submetric,XGBRegressor,mse,val,avg_verb_edges,overall
ru,0.0328712575137615,0.0476131439208984,0.0502119250595569,0.0509998239576816,0.04960829764604563,0.01673704013228413,33.73838838756901,single_submetric,XGBRegressor,mse,val,avg_verb_edges,overall
ar,0.0424229316413402,0.0562052428722381,0.057950984686613,0.0615024827420711,0.05855290343364073,0.01612997179230053,27.54768909210621,complexity,XGBRegressor,mse,test,complexity,overall
en,0.01533043384552,0.040159922093153,0.0398009307682514,0.0418687872588634,0.04060988004008926,0.02527944619456926,62.24949733812042,complexity,XGBRegressor,mse,test,complexity,overall
fi,0.0194283053278923,0.0379438363015651,0.0412246063351631,0.0417835526168346,0.0403173317511876,0.020889026423295303,51.81152996981252,complexity,XGBRegressor,mse,test,complexity,overall
id,0.019750302657485,0.0418473631143569,0.0405586659908294,0.0400105901062488,0.040805539737145034,0.021055237079660033,51.59896723653328,complexity,XGBRegressor,mse,test,complexity,overall
ja,0.0282608270645141,0.057965837419033,0.0604071915149688,0.0607750788331031,0.0597160359223683,0.0314552088578542,52.67464320429176,complexity,XGBRegressor,mse,test,complexity,overall
ko,0.0156495179980993,0.0361475422978401,0.0369026735424995,0.0378310903906822,0.0369604354103406,0.021310917412241302,57.658729329468464,complexity,XGBRegressor,mse,test,complexity,overall
ru,0.0242598485201597,0.0592613965272903,0.0608148574829101,0.0601358115673065,0.060070688525835636,0.035810840005675935,59.61449899192374,complexity,XGBRegressor,mse,test,complexity,overall
ar,0.0673727840185165,0.0674134567379951,0.0689187198877334,0.0676986053586006,0.06801026066144304,0.0006374766429265433,0.9373242165618504,single_submetric,XGBRegressor,mse,test,lexical_density,overall
en,0.0282840505242347,0.0339854583144187,0.0311514325439929,0.031054563820362,0.03206381822625787,0.0037797677020231686,11.7882645022227,single_submetric,XGBRegressor,mse,test,lexical_density,overall
fi,0.0575177185237407,0.05014568567276,0.0569185763597488,0.0565834492444992,0.054549237092336,-0.0029684814314046987,-5.44183858406658,single_submetric,XGBRegressor,mse,test,lexical_density,overall
id,0.0398102588951587,0.0617268532514572,0.0735984221100807,0.0600566416978836,0.06512730568647383,0.025317046791315134,38.87316775116214,single_submetric,XGBRegressor,mse,test,lexical_density,overall
ja,0.077939473092556,0.0636532083153724,0.0644390136003494,0.0678594186902046,0.0653172135353088,-0.012622259557247203,-19.324553014534118,single_submetric,XGBRegressor,mse,test,lexical_density,overall
ko,0.0626168400049209,0.0810392647981643,0.0793768763542175,0.0794556438922882,0.07995726168155666,0.017340421676635756,21.687112980052923,single_submetric,XGBRegressor,mse,test,lexical_density,overall
ru,0.0518310517072677,0.0603289566934108,0.0597748979926109,0.0615767985582351,0.0605602177480856,0.008729166040817901,14.414026840406866,single_submetric,XGBRegressor,mse,test,lexical_density,overall
ar,0.10744109749794,0.1229071542620658,0.1257248520851135,0.1239289864897728,0.12418699761231737,0.016745900114377377,13.4844230365035,single_submetric,XGBRegressor,mse,test,avg_verb_edges,overall
en,0.050181571394205,0.0667194575071334,0.0607675164937973,0.0640795156359672,0.06385549654563263,0.01367392515142763,21.413857680451866,single_submetric,XGBRegressor,mse,test,avg_verb_edges,overall
fi,0.0664499998092651,0.0822582095861435,0.0830441415309906,0.0890615209937095,0.0847879573702812,0.01833795756101611,21.628021395693743,single_submetric,XGBRegressor,mse,test,avg_verb_edges,overall
id,0.0773122534155845,0.0700950175523758,0.0740941017866134,0.0747929140925407,0.0729940111438433,-0.004318242271741199,-5.915885706337734,single_submetric,XGBRegressor,mse,test,avg_verb_edges,overall
ja,0.0968089178204536,0.1080954894423484,0.1070510894060134,0.112199068069458,0.10911521563927327,0.012306297818819673,11.27826009115298,single_submetric,XGBRegressor,mse,test,avg_verb_edges,overall
ko,0.0371718592941761,0.0392042212188243,0.0408824197947979,0.0355036295950412,0.0385300902028878,0.001358230908711698,3.5251173863327727,single_submetric,XGBRegressor,mse,test,avg_verb_edges,overall
ru,0.0454679317772388,0.0457377359271049,0.0479658357799053,0.0513028129935264,0.04833546156684554,0.0028675297896067417,5.932559029442784,single_submetric,XGBRegressor,mse,test,avg_verb_edges,overall
ar,0.0448789447546005,0.0600550696253776,0.0578054524958133,0.0591096580028533,0.05899006004134807,0.01411111528674757,23.92117464680766,complexity,lm_probe,mse,test,complexity,layer2
en,0.0127144297584891,0.0400572828948497,0.039363358169794,0.0391920134425163,0.039537551502386664,0.026823121743897563,67.84214177319099,complexity,lm_probe,mse,test,complexity,layer2
fi,0.0183865018188953,0.0393514297902584,0.0395510792732238,0.0393968522548675,0.0394331204394499,0.021046618620554604,53.37294737521972,complexity,lm_probe,mse,test,complexity,layer2
id,0.0222326200455427,0.0417669638991355,0.0403510928153991,0.0431294329464435,0.041749163220326034,0.019516543174783334,46.7471481327355,complexity,lm_probe,mse,test,complexity,layer2
ja,0.0184609573334455,0.0603655353188514,0.0573662631213665,0.058230210095644,0.0586540028452873,0.0401930455118418,68.52566502214641,complexity,lm_probe,mse,test,complexity,layer2
ko,0.0132675170898437,0.0329848825931549,0.0342268534004688,0.0359093584120273,0.034373698135217005,0.021106181045373304,61.402124852400775,complexity,lm_probe,mse,test,complexity,layer2
ru,0.0296728629618883,0.0493890605866909,0.0547252669930458,0.0526569411158561,0.05225708956519761,0.02258422660330931,43.21753620651321,complexity,lm_probe,mse,test,complexity,layer2
ar,0.0436188653111457,0.0774212777614593,0.0752953439950943,0.0757103860378265,0.07614233593146003,0.032523470620314326,42.71404366893934,single_submetric,lm_probe,mse,test,n_tokens,layer2
en,0.0259333830326795,0.0289492774754762,0.0249178018420934,0.0255083478987216,0.02645847573876373,0.0005250927060842306,1.9845916721307149,single_submetric,lm_probe,mse,test,n_tokens,layer2
fi,0.0093419756740331,0.0142318364232778,0.0149383032694458,0.0150919631123542,0.014754034268359266,0.0054120585943261655,36.68188982001068,single_submetric,lm_probe,mse,test,n_tokens,layer2
id,0.0418648719787597,0.0363959968090057,0.0352830402553081,0.0351676605641841,0.03561556587616597,-0.006249306102593735,-17.546558502881425,single_submetric,lm_probe,mse,test,n_tokens,layer2
ja,0.0195338912308216,0.0579107850790023,0.0589530766010284,0.060640450567007,0.0591681040823459,0.0396342128515243,66.98577462675543,single_submetric,lm_probe,mse,test,n_tokens,layer2
ko,0.0335282795131206,0.0711137056350708,0.0700757130980491,0.069413423538208,0.07020094742377597,0.03667266791065537,52.2395626504535,single_submetric,lm_probe,mse,test,n_tokens,layer2
ru,0.0078546898439526,0.0126646095886826,0.0128168174996972,0.0112450942397117,0.012242173776030499,0.0043874839320778986,35.839092079123645,single_submetric,lm_probe,mse,test,n_tokens,layer2
ar,0.0262904651463031,0.0651631876826286,0.0569293051958084,0.0738879963755607,0.06532682975133257,0.03903636460502947,59.755485998053025,complexity,XGBRegressor,mse,val,complexity,overall
en,0.0267734788358211,0.0451420284807682,0.0490701869130134,0.0490342490375041,0.04774882147709523,0.02097534264127413,43.92850334816295,complexity,XGBRegressor,mse,val,complexity,overall
fi,0.0445399358868598,0.0772029533982276,0.0809635892510414,0.0816674008965492,0.07994464784860607,0.03540471196174627,44.286531887404635,complexity,XGBRegressor,mse,val,complexity,overall
id,0.0184040293097496,0.0546730309724807,0.05357351526618,0.0593709424138069,0.05587249621748921,0.03746846690773961,67.06066391215082,complexity,XGBRegressor,mse,val,complexity,overall
ja,0.0268771648406982,0.0678248181939125,0.0695535242557525,0.0727592930197715,0.07004587848981218,0.04316871364911398,61.629198719226075,complexity,XGBRegressor,mse,val,complexity,overall
ko,0.0248060058802366,0.054547481238842,0.0534429661929607,0.0550378113985061,0.05434275294343627,0.029536747063199666,54.352688193665074,complexity,XGBRegressor,mse,val,complexity,overall
ru,0.0155703658238053,0.0622913055121898,0.0625017210841178,0.0627284944057464,0.06250717366735134,0.04693680784354604,75.09027378734613,complexity,XGBRegressor,mse,val,complexity,overall
ar,0.0422246605157852,0.0780206993222236,0.0714204758405685,0.0802513286471366,0.0765641679366429,0.0343395074208577,44.8506244452023,single_submetric,lm_probe,mse,test,n_tokens,layer12
en,0.0307329408824443,0.0230115819722414,0.0262105092406272,0.0244627352803945,0.0245616088310877,-0.006171332051356598,-25.125927596182233,single_submetric,lm_probe,mse,test,n_tokens,layer12
fi,0.0096938498318195,0.0148126827552914,0.015832845121622,0.0141964480280876,0.014947325301667,0.0052534754698475,35.146592208450876,single_submetric,lm_probe,mse,test,n_tokens,layer12
id,0.0408605113625526,0.039770383387804,0.0368385687470436,0.0375845246016979,0.03806449224551517,-0.002796019117037432,-7.345478560447274,single_submetric,lm_probe,mse,test,n_tokens,layer12
ja,0.0275883208960294,0.0591677464544773,0.0625176206231117,0.0626374259591102,0.06144093101223307,0.03385261011620368,55.09781436981077,single_submetric,lm_probe,mse,test,n_tokens,layer12
ko,0.0431509390473365,0.0706395357847213,0.0726627185940742,0.0692829117178917,0.07086172203222907,0.027710782984892567,39.10543265133925,single_submetric,lm_probe,mse,test,n_tokens,layer12
ru,0.0123084830120205,0.0111173968762159,0.0120653919875621,0.0143159301951527,0.012499573019643566,0.00019109000762306677,1.5287722814432252,single_submetric,lm_probe,mse,test,n_tokens,layer12
ar,0.0370776951313018,0.0581557229161262,0.0532295741140842,0.0568114258348941,0.05606557428836817,0.018987879157066373,33.86726952871997,single_submetric,lm_probe,mse,test,avg_links_len,layer6
en,0.0086772553622722,0.0087851723656058,0.0087426276877522,0.0092814164236187,0.008936405492325567,0.00025915013005336704,2.8999370079605358,single_submetric,lm_probe,mse,test,avg_links_len,layer6
fi,0.0196425952017307,0.023215889930725,0.0232513919472694,0.0225233603268861,0.022996880734960163,0.0033542855332294626,14.585828277703042,single_submetric,lm_probe,mse,test,avg_links_len,layer6
id,0.0194035992026329,0.0317364074289798,0.0343917049467563,0.0344632565975189,0.03353045632441833,0.014126857121785432,42.131419224073134,single_submetric,lm_probe,mse,test,avg_links_len,layer6
ja,0.0957776382565498,0.0959481596946716,0.1058153808116912,0.0940964519977569,0.09861999750137324,0.002842359244823442,2.882132748770211,single_submetric,lm_probe,mse,test,avg_links_len,layer6
ko,0.0155078684911131,0.0249981079250574,0.0243054516613483,0.0249257646501064,0.024743108078837367,0.009235239587724268,37.32449277713463,single_submetric,lm_probe,mse,test,avg_links_len,layer6
ru,0.0206141956150531,0.0161978192627429,0.0160437952727079,0.016741432249546,0.0163276822616656,-0.004286513353387502,-26.253042438555095,single_submetric,lm_probe,mse,test,avg_links_len,layer6
ar,0.0499632582068443,0.065807431936264,0.0540818125009536,0.0572438314557075,0.059044358630975034,0.009081100424130732,15.38013221701206,complexity,lm_probe,mse,test,complexity,layer12
en,0.025914566591382,0.0422278828918933,0.0396714024245739,0.0404054336249828,0.040768239647150005,0.014853673055768006,36.434423424525725,complexity,lm_probe,mse,test,complexity,layer12
fi,0.0284530334174633,0.0385410338640213,0.039173200726509,0.0383518598973751,0.03868869816263513,0.010235664745171829,26.4564723841167,complexity,lm_probe,mse,test,complexity,layer12
id,0.0618425160646438,0.0394457690417766,0.041395790874958,0.0473227463662624,0.04272143542766566,-0.019121080636978136,-44.75757999600279,complexity,lm_probe,mse,test,complexity,layer12
ja,0.0228235013782978,0.0587811879813671,0.0621891729533672,0.0556460209190845,0.05887212728460626,0.03604862590630846,61.232076313529724,complexity,lm_probe,mse,test,complexity,layer12
ko,0.0156208472326397,0.0368849225342273,0.0278899278491735,0.0329731293022632,0.032582659895221334,0.016961812662581635,52.05778999359504,complexity,lm_probe,mse,test,complexity,layer12
ru,0.0248988457024097,0.0582854300737381,0.0471381060779094,0.0668556168675422,0.0574263843397299,0.032527538637320205,56.64214979109582,complexity,lm_probe,mse,test,complexity,layer12
ar,0.0383486786909414,0.0624711313972201,0.0641881825050343,0.0681968445250552,0.0649520528091032,0.0266033741181618,40.958480860258916,complexity,Ridge,mse,test,complexity,overall
en,0.0202918706770314,0.0425737584398021,0.0417675411811053,0.0425237695956173,0.04228835640550824,0.021996485728476838,52.015466190148985,complexity,Ridge,mse,test,complexity,overall
fi,0.0281276106200392,0.0374426075372978,0.0435525423333653,0.0419183205435827,0.0409711568047486,0.012843546184709401,31.347775328669314,complexity,Ridge,mse,test,complexity,overall
id,0.0210186370545752,0.0445482790189448,0.0427626072124966,0.0481201091007723,0.0451436651107379,0.024125028056162696,53.44056136555094,complexity,Ridge,mse,test,complexity,overall
ja,0.0355114785647435,0.0588218669806546,0.0570572262503694,0.0701896437230243,0.0620229123180161,0.026511433753272598,42.744580611335934,complexity,Ridge,mse,test,complexity,overall
ko,0.0190589824799033,0.0366108968899961,0.0376362137950081,0.0409381401429348,0.038395083609313,0.0193361011294097,50.36087777842367,complexity,Ridge,mse,test,complexity,overall
ru,0.0260710696889433,0.0660211675589707,0.0579510807451696,0.0646503418196503,0.06287419670793021,0.03680312701898691,58.53454826619677,complexity,Ridge,mse,test,complexity,overall
ar,0.8311688311688312,0.7142857142857143,0.7142857142857143,0.7142857142857143,0.7142857142857143,0.11688311688311692,16.36363636363637,question_type,lm_probe,accuracy,test,overall,layer12
en,0.9454545454545454,0.5,0.5,0.5,0.5,0.44545454545454544,89.0909090909091,question_type,lm_probe,accuracy,test,overall,layer12
fi,0.9,0.5,0.5,0.5,0.5,0.4,80.0,question_type,lm_probe,accuracy,test,overall,layer12
id,0.7454545454545455,0.5,0.5,0.5,0.5,0.24545454545454548,49.09090909090909,question_type,lm_probe,accuracy,test,overall,layer12
ja,0.8586956521739131,0.4021739130434782,0.4021739130434782,0.391304347826087,0.39855072463768115,0.46014492753623193,115.45454545454548,question_type,lm_probe,accuracy,test,overall,layer12
ko,0.8636363636363636,0.5,0.5,0.5,0.5,0.36363636363636365,72.72727272727273,question_type,lm_probe,accuracy,test,overall,layer12
ru,0.9,0.5,0.5,0.5,0.5,0.4,80.0,question_type,lm_probe,accuracy,test,overall,layer12
ar,0.0376175865530967,0.0733201801776886,0.0722022876143455,0.0771559700369834,0.07422614594300583,0.03660855938990913,49.320302064475804,single_submetric,XGBRegressor,mse,test,n_tokens,overall
en,0.0183263104408979,0.0260500591248273,0.0243929997086524,0.0265314485877752,0.0256581691404183,0.0073318586995204,28.575143687749772,single_submetric,XGBRegressor,mse,test,n_tokens,overall
fi,0.0114493938162922,0.0170996394008398,0.0189639776945114,0.0180315468460321,0.018031721313794432,0.006582327497502233,36.504154999704284,single_submetric,XGBRegressor,mse,test,n_tokens,overall
id,0.0349365174770355,0.0313070490956306,0.0330189280211925,0.0283255260437726,0.030883834386865233,-0.0040526830901702685,-13.12234432876592,single_submetric,XGBRegressor,mse,test,n_tokens,overall
ja,0.0282169114798307,0.0647917687892913,0.0646638646721839,0.062894307076931,0.0641166468461354,0.0358997353663047,55.991286400948994,single_submetric,XGBRegressor,mse,test,n_tokens,overall
ko,0.0333123840391635,0.0676255598664283,0.0668108463287353,0.068296231329441,0.06757754584153487,0.03426516180237137,50.704951438634716,single_submetric,XGBRegressor,mse,test,n_tokens,overall
ru,0.0089824656024575,0.0143938418477773,0.0148400207981467,0.0152848875150084,0.014839583386977467,0.005857117784519967,39.469556737420966,single_submetric,XGBRegressor,mse,test,n_tokens,overall
ar,0.0822924971580505,0.0675618276000022,0.0665794312953949,0.0708241388201713,0.0683217992385228,-0.013970697919527694,-20.448375299300384,complexity,lm_probe,mse,test,complexity,layer11
en,0.0132353901863098,0.0405797064304351,0.0415777191519737,0.0419449694454669,0.0413674650092919,0.0281320748229821,68.00531484504336,complexity,lm_probe,mse,test,complexity,layer11
fi,0.0205022804439067,0.0435254089534282,0.0418609194457531,0.0435815453529357,0.042989291250705663,0.022487010806798963,52.30840088909314,complexity,lm_probe,mse,test,complexity,layer11
id,0.0252419654279947,0.0485901497304439,0.0488095879554748,0.04690583050251,0.04810185606280957,0.022859890634814868,47.52392632202236,complexity,lm_probe,mse,test,complexity,layer11
ja,0.0228008106350898,0.0620499551296234,0.0622734539210796,0.0528975687921047,0.05907365928093589,0.036272848645846095,61.402745466204735,complexity,lm_probe,mse,test,complexity,layer11
ko,0.0112834768369793,0.0351880975067615,0.0345479287207126,0.0351116470992565,0.034949224442243534,0.023665747605264235,67.71465742930528,complexity,lm_probe,mse,test,complexity,layer11
ru,0.0175500176846981,0.0572122037410736,0.0564986243844032,0.0543434843420982,0.05601810415585834,0.038468086471160234,68.67081107231164,complexity,lm_probe,mse,test,complexity,layer11
ar,0.0905166101641355,0.1164934531424105,0.1309330528424253,0.1304091962502552,0.12594523407836367,0.03542862391422817,28.130182276039385,single_submetric,Ridge,mse,test,avg_verb_edges,overall
en,0.0452925471327799,0.0706038606889086,0.0638451445237932,0.0651029794548882,0.06651732822253,0.021224781089750094,31.90864945558814,single_submetric,Ridge,mse,test,avg_verb_edges,overall
fi,0.0661138561069919,0.0841884158302555,0.0893843093624351,0.0921129285466099,0.08856188457976684,0.02244802847277494,25.347279565348696,single_submetric,Ridge,mse,test,avg_verb_edges,overall
id,0.0696084322401399,0.0730927063959032,0.0732534091577908,0.0792809969017935,0.0752090374851625,0.005600605245022594,7.4467184161577675,single_submetric,Ridge,mse,test,avg_verb_edges,overall
ja,0.0941966525014839,0.1005827650304602,0.1090257874864059,0.1115290103835405,0.10704585430013554,0.012849201798651635,12.003455792528872,single_submetric,Ridge,mse,test,avg_verb_edges,overall
ko,0.0377534540249676,0.0395541751432741,0.0488515373643492,0.0354171346997731,0.041274282402465466,0.003520828377497863,8.530320026321164,single_submetric,Ridge,mse,test,avg_verb_edges,overall
ru,0.0419691869629715,0.0529146396041749,0.0463379642418295,0.0542701264790569,0.051174243441687105,0.009205056478715605,17.987674774722834,single_submetric,Ridge,mse,test,avg_verb_edges,overall
ar,0.0494277986306719,0.0773614504321878,0.079381802476142,0.0839556352924048,0.0802329627335782,0.030805164102906304,38.39464859997507,single_submetric,Ridge,mse,test,avg_subordinate_chain_len,overall
en,0.0154628104781148,0.0288806495939968,0.0299724323234565,0.0298526779925206,0.029568586636657967,0.014105776158543167,47.70527699506402,single_submetric,Ridge,mse,test,avg_subordinate_chain_len,overall
fi,0.0370485505749417,0.0499807054875461,0.0527445258447442,0.0557158816488653,0.05281370432705187,0.01576515375211017,29.850497996663062,single_submetric,Ridge,mse,test,avg_subordinate_chain_len,overall
id,0.0352834767870278,0.0762488177278367,0.0713188638712342,0.0765515879919051,0.074706423196992,0.0394229464099642,52.77049110758596,single_submetric,Ridge,mse,test,avg_subordinate_chain_len,overall
ja,0.0695824108894331,0.1087141779287049,0.1058930582207126,0.1155729896718254,0.11006007527374763,0.040477664384314535,36.77779093248501,single_submetric,Ridge,mse,test,avg_subordinate_chain_len,overall
ko,0.0450828193154523,0.0711960917925989,0.0616790738033208,0.0734455531921434,0.06877357292935438,0.023690753613902077,34.44746667188239,single_submetric,Ridge,mse,test,avg_subordinate_chain_len,overall
ru,0.0318440036548939,0.0564020633935432,0.053076940649082,0.0575341121028708,0.05567103871516533,0.02382703506027143,42.79969551525669,single_submetric,Ridge,mse,test,avg_subordinate_chain_len,overall
ar,0.0724476724863052,0.0604677200317382,0.0602202303707599,0.0605931468307971,0.060427032411098404,-0.012020640075206791,-19.892818818948,single_submetric,lm_probe,mse,test,lexical_density,layer12
en,0.0230057016015052,0.029769929125905,0.028713971376419,0.028882473707199,0.02912212473650767,0.00611642313500247,21.00266786967946,single_submetric,lm_probe,mse,test,lexical_density,layer12
fi,0.0402138605713844,0.0480137951672077,0.0462362132966518,0.047208409756422,0.047152806073427166,0.0069389455020427634,14.71586970081339,single_submetric,lm_probe,mse,test,lexical_density,layer12
id,0.0297652427107095,0.0454628691077232,0.053185973316431,0.0463368780910968,0.04832857350508366,0.018563330794374163,38.41067395134577,single_submetric,lm_probe,mse,test,lexical_density,layer12
ja,0.0855262875556945,0.084128588438034,0.0719590932130813,0.0643195584416389,0.07346908003091807,-0.012057207524776431,-16.411267869016985,single_submetric,lm_probe,mse,test,lexical_density,layer12
ko,0.0848872438073158,0.1084486544132232,0.068881019949913,0.0747454464435577,0.08402504026889795,-0.0008622035384178439,-1.0261268970042856,single_submetric,lm_probe,mse,test,lexical_density,layer12
ru,0.0420219898223876,0.0505568720400333,0.0524499677121639,0.0438270457088947,0.04894462848703063,0.00692263866464303,14.143816959357233,single_submetric,lm_probe,mse,test,lexical_density,layer12
ar,0.072571150958538,0.072571150958538,0.072571150958538,0.072571150958538,0.072571150958538,0.0,0.0,single_submetric,DummyRegressor,mse,test,lexical_density,overall
en,0.035381905734539,0.035381905734539,0.035381905734539,0.035381905734539,0.035381905734539,0.0,0.0,single_submetric,DummyRegressor,mse,test,lexical_density,overall
fi,0.048890296369791,0.048890296369791,0.048890296369791,0.048890296369791,0.048890296369791,0.0,0.0,single_submetric,DummyRegressor,mse,test,lexical_density,overall
id,0.0529543757438659,0.0529543757438659,0.0529543757438659,0.0529543757438659,0.05295437574386589,-6.938893903907228e-18,-1.310353262867236e-14,single_submetric,DummyRegressor,mse,test,lexical_density,overall
ja,0.0630531162023544,0.0630531162023544,0.0630531162023544,0.0630531162023544,0.0630531162023544,0.0,0.0,single_submetric,DummyRegressor,mse,test,lexical_density,overall
ko,0.0399788543581962,0.0399788543581962,0.0399788543581962,0.0399788543581962,0.0399788543581962,0.0,0.0,single_submetric,DummyRegressor,mse,test,lexical_density,overall
ru,0.0451964437961578,0.0451964437961578,0.0451964437961578,0.0451964437961578,0.0451964437961578,0.0,0.0,single_submetric,DummyRegressor,mse,test,lexical_density,overall
ar,0.0512662082910537,0.0610678419470787,0.0599080063402652,0.0627373084425926,0.06123771890997883,0.00997151061892513,16.283282258739145,single_submetric,lm_probe,mse,test,lexical_density,layer11
en,0.0229843109846115,0.0300037283450365,0.0295138787478208,0.0305511336773633,0.03002291359007353,0.007038602605462029,23.44410239980573,single_submetric,lm_probe,mse,test,lexical_density,layer11
fi,0.0439771190285682,0.0483391247689724,0.049015425145626,0.0452265851199626,0.04752704501152033,0.003549925982952132,7.4692756136882625,single_submetric,lm_probe,mse,test,lexical_density,layer11
id,0.0292899217456579,0.044787012040615,0.0496973134577274,0.0468024499714374,0.04709559182325993,0.01780567007760203,37.80750891595767,single_submetric,lm_probe,mse,test,lexical_density,layer11
ja,0.0907588452100753,0.0629468038678169,0.0751627385616302,0.069447711110115,0.06918575117985402,-0.02157309403022127,-31.181411869244936,single_submetric,lm_probe,mse,test,lexical_density,layer11
ko,0.0679153874516487,0.082817830145359,0.0993189737200737,0.106281079351902,0.09613929440577823,0.028223906954129532,29.3573061135689,single_submetric,lm_probe,mse,test,lexical_density,layer11
ru,0.0310334768146276,0.0556109920144081,0.06137615442276,0.0664721429347992,0.06115309645732243,0.030119619642694828,49.25281202026251,single_submetric,lm_probe,mse,test,lexical_density,layer11
ar,0.0209618713706731,0.0564518421888351,0.0489323288202285,0.0559931844472885,0.05379245181878404,0.032830580448110935,61.0319465614071,single_submetric,XGBRegressor,mse,val,n_tokens,overall
en,0.0224803984165191,0.0412620306015014,0.0360496863722801,0.0390188507735729,0.0387768559157848,0.016296457499265702,42.02624765313152,single_submetric,XGBRegressor,mse,val,n_tokens,overall
fi,0.0096738245338201,0.0195243712514638,0.0210067462176084,0.0206374116241931,0.0203895096977551,0.010715685163935,52.55489378008341,single_submetric,XGBRegressor,mse,val,n_tokens,overall
id,0.0214408002793788,0.031775776296854,0.0329194590449333,0.0355578064918518,0.03341768061121303,0.011976880331834229,35.83995092650291,single_submetric,XGBRegressor,mse,val,n_tokens,overall
ja,0.0062836287543177,0.0254029612988233,0.023760225623846,0.0237657949328422,0.024309660618503832,0.01802603186418613,74.15172160184424,single_submetric,XGBRegressor,mse,val,n_tokens,overall
ko,0.0197620764374732,0.0453749857842922,0.0453701242804527,0.0445298254489898,0.0450916451712449,0.0253295687337717,56.17352979155539,single_submetric,XGBRegressor,mse,val,n_tokens,overall
ru,0.0068967035040259,0.021557493135333,0.0223198272287845,0.0228723082691431,0.02224987621108687,0.015353172707060969,69.00340730619729,single_submetric,XGBRegressor,mse,val,n_tokens,overall
ar,0.0746835619211196,0.0756897553801536,0.0758009701967239,0.0763485431671142,0.0759464229146639,0.001262860993544293,1.6628314344222486,single_submetric,lm_probe,mse,test,avg_subordinate_chain_len,layer12
en,0.0198143236339092,0.0267266072332859,0.0272916704416275,0.0270311329513788,0.027016470208764066,0.007202146574854865,26.658355141148338,single_submetric,lm_probe,mse,test,avg_subordinate_chain_len,layer12
fi,0.0374239087104797,0.0532629042863845,0.0542047768831253,0.0530484057962894,0.05350536232193307,0.01608145361145337,30.055779296837343,single_submetric,lm_probe,mse,test,avg_subordinate_chain_len,layer12
id,0.0425622910261154,0.0701319053769111,0.07065150141716,0.0737931951880455,0.07152553399403887,0.02896324296792347,40.49357110753951,single_submetric,lm_probe,mse,test,avg_subordinate_chain_len,layer12
ja,0.0494091026484966,0.091778852045536,0.0917046591639518,0.0915652364492416,0.09168291588624312,0.042273813237746524,46.108713743570675,single_submetric,lm_probe,mse,test,avg_subordinate_chain_len,layer12
ko,0.0542655326426029,0.0509888343513011,0.0551811382174491,0.0557040199637413,0.053957997510830503,-0.0003075351317723962,-0.5699528261972054,single_submetric,lm_probe,mse,test,avg_subordinate_chain_len,layer12
ru,0.0303089208900928,0.052605003118515,0.0542139634490013,0.0531857497990131,0.053334905455509805,0.023025984565417004,43.172448453338895,single_submetric,lm_probe,mse,test,avg_subordinate_chain_len,layer12
ar,0.0633837580680847,0.0748373046517372,0.0758105441927909,0.0729493573307991,0.0745324020584424,0.011148643990357698,14.958117117459619,single_submetric,lm_probe,mse,test,avg_subordinate_chain_len,layer2
en,0.0159995220601558,0.0278701800853014,0.0254453923553228,0.0266569536179304,0.026657508686184866,0.010657986626029067,39.98118035520896,single_submetric,lm_probe,mse,test,avg_subordinate_chain_len,layer2
fi,0.0368553549051284,0.0517605245113372,0.0512209497392177,0.0533230379223823,0.052101504057645735,0.015246149152517333,29.262397368891325,single_submetric,lm_probe,mse,test,avg_subordinate_chain_len,layer2
id,0.0344009436666965,0.066505841910839,0.0666534975171089,0.0673216357827186,0.06682699173688883,0.03242604807019233,48.52238179126802,single_submetric,lm_probe,mse,test,avg_subordinate_chain_len,layer2
ja,0.0481592938303947,0.0958776026964187,0.0950421020388603,0.0912700966000557,0.09406326711177822,0.045903973281383514,48.801168289035125,single_submetric,lm_probe,mse,test,avg_subordinate_chain_len,layer2
ko,0.0564801394939422,0.0543193258345127,0.0519738309085369,0.0549697279930114,0.05375429491202033,-0.00272584458192187,-5.070933562393964,single_submetric,lm_probe,mse,test,avg_subordinate_chain_len,layer2
ru,0.0468166582286357,0.0537685640156269,0.0489613115787506,0.052802812308073,0.051844229300816835,0.005027571072181138,9.697455512376427,single_submetric,lm_probe,mse,test,avg_subordinate_chain_len,layer2
ar,0.0636129155755043,0.0636129155755043,0.0636129155755043,0.0636129155755043,0.0636129155755043,0.0,0.0,single_submetric,DummyRegressor,mse,test,avg_links_len,overall
en,0.0115983262658119,0.0115983262658119,0.0115983262658119,0.0115983262658119,0.0115983262658119,0.0,0.0,single_submetric,DummyRegressor,mse,test,avg_links_len,overall
fi,0.0197583604604005,0.0197583604604005,0.0197583604604005,0.0197583604604005,0.0197583604604005,0.0,0.0,single_submetric,DummyRegressor,mse,test,avg_links_len,overall
id,0.0338220559060573,0.0338220559060573,0.0338220559060573,0.0338220559060573,0.0338220559060573,0.0,0.0,single_submetric,DummyRegressor,mse,test,avg_links_len,overall
ja,0.0955040529370307,0.0955040529370307,0.0955040529370307,0.0955040529370307,0.0955040529370307,0.0,0.0,single_submetric,DummyRegressor,mse,test,avg_links_len,overall
ko,0.0272975992411375,0.0272975992411375,0.0272975992411375,0.0272975992411375,0.0272975992411375,0.0,0.0,single_submetric,DummyRegressor,mse,test,avg_links_len,overall
ru,0.021772077307105,0.021772077307105,0.021772077307105,0.021772077307105,0.021772077307105,0.0,0.0,single_submetric,DummyRegressor,mse,test,avg_links_len,overall
ar,0.0412318743765354,0.0634709522128105,0.0651935115456581,0.0606395862996578,0.06310135001937546,0.02186947564284006,34.657698505856004,single_submetric,lm_probe,mse,test,avg_links_len,layer11
en,0.0104704247787594,0.0104708354920148,0.0117271272465586,0.0125856269150972,0.011594529884556866,0.0011241051057974665,9.695133110094432,single_submetric,lm_probe,mse,test,avg_links_len,layer11
fi,0.0246499087661504,0.0301139261573553,0.0258565042167902,0.0240570716559886,0.0266758340100447,0.0020259252438942985,7.594608825094064,single_submetric,lm_probe,mse,test,avg_links_len,layer11
id,0.02617241255939,0.0401564799249172,0.034562025219202,0.0360075682401657,0.036908691128094966,0.010736278568704967,29.08875454684572,single_submetric,lm_probe,mse,test,avg_links_len,layer11
ja,0.0754469037055969,0.1004418060183525,0.1007243767380714,0.1010766252875328,0.1007476026813189,0.025300698975722,25.11295385931141,single_submetric,lm_probe,mse,test,avg_links_len,layer11
ko,0.0141471670940518,0.024496454745531,0.0249799862504005,0.0214287973940372,0.0236350794633229,0.009487912369271101,40.14334872025506,single_submetric,lm_probe,mse,test,avg_links_len,layer11
ru,0.014958425424993,0.0204382687807083,0.0175419170409441,0.0201706513762474,0.01938361239929993,0.004425186974306931,22.829526731904494,single_submetric,lm_probe,mse,test,avg_links_len,layer11
ar,0.0382494411190466,0.0814282705344884,0.0750463839723014,0.0864672160874054,0.0809806235313984,0.0427311824123518,52.76716892132073,single_submetric,Ridge,mse,test,n_tokens,overall
en,0.0268395356320768,0.03057341460509,0.0297189607478755,0.0305273363716992,0.0302732372415549,0.0034337016094781007,11.342366797709998,single_submetric,Ridge,mse,test,n_tokens,overall
fi,0.0145329849322847,0.0169102338603093,0.0198974833192018,0.018038100323091,0.018281939167534036,0.003748954235249336,20.506327041646177,single_submetric,Ridge,mse,test,n_tokens,overall
id,0.0220306895665391,0.0358195630748672,0.033899262143861,0.0354499602559166,0.035056261824881606,0.013025572258342506,37.15619287478464,single_submetric,Ridge,mse,test,n_tokens,overall
ja,0.0348731746475535,0.059211942460617,0.0598445372404404,0.0639172946414835,0.060991258114180304,0.026118083466626807,42.82266717261637,single_submetric,Ridge,mse,test,n_tokens,overall
ko,0.0462046010926254,0.0702004679483795,0.0720852173903895,0.0718375157995107,0.07137440037942656,0.025169799286801166,35.264463383227636,single_submetric,Ridge,mse,test,n_tokens,overall
ru,0.0116103156783622,0.0158543746890705,0.0151759654951289,0.0157510107715439,0.015593783651914434,0.003983467973552235,25.545230474344745,single_submetric,Ridge,mse,test,n_tokens,overall
ar,0.0597875043749809,0.0802161395549774,0.0813033282756805,0.0784352272748947,0.07998489836851753,0.020197393993536636,25.251509229255248,single_submetric,lm_probe,mse,test,n_tokens,layer11
en,0.0330370143055915,0.0276437848806381,0.0259768087416887,0.0282158832997083,0.027278825640678364,-0.005758188664913136,-21.10863840240427,single_submetric,lm_probe,mse,test,n_tokens,layer11
fi,0.0115458443760871,0.0147038744762539,0.0147446040064096,0.0149563373997807,0.014801605294148068,0.0032557609180609674,21.99599876743206,single_submetric,lm_probe,mse,test,n_tokens,layer11
id,0.0462001450359821,0.0333588942885398,0.0383530966937541,0.0361245013773441,0.03594549745321266,-0.010254647582769436,-28.528322903632308,single_submetric,lm_probe,mse,test,n_tokens,layer11
ja,0.0125653883442282,0.0634432435035705,0.0630690082907676,0.0608645305037498,0.06245892743269597,0.04989353908846777,79.8821579865131,single_submetric,lm_probe,mse,test,n_tokens,layer11
ko,0.0409061275422573,0.0734236910939216,0.0685144960880279,0.0629265382885932,0.06828824182351423,0.027382114281256927,40.097846349630615,single_submetric,lm_probe,mse,test,n_tokens,layer11
ru,0.0113816289231181,0.0122066792100667,0.0121751623228192,0.0120610939338803,0.012147645155588733,0.0007660162324706326,6.305882520104842,single_submetric,lm_probe,mse,test,n_tokens,layer11
ar,0.0426948443055152,0.0697799548506736,0.071811705827713,0.0765013471245765,0.07269766926765436,0.030002824962139164,41.27068345434346,single_submetric,lm_probe,mse,test,avg_subordinate_chain_len,layer11
en,0.0259517580270767,0.0255325343459844,0.0278656538575887,0.0253435205668211,0.026247236256798066,0.00029547822972136525,1.1257498764077916,single_submetric,lm_probe,mse,test,avg_subordinate_chain_len,layer11
fi,0.0288282483816146,0.0546511113643646,0.0513966381549835,0.0518120564520359,0.052619935323794664,0.023791686942180066,45.21420787725958,single_submetric,lm_probe,mse,test,avg_subordinate_chain_len,layer11
id,0.0312173776328563,0.0652216970920562,0.0714632645249366,0.0683157742023468,0.06833357860644654,0.03711620097359024,54.31619670814185,single_submetric,lm_probe,mse,test,avg_subordinate_chain_len,layer11
ja,0.0641974434256553,0.097870372235775,0.101733922958374,0.0942619889974594,0.09795542806386946,0.03375798463821417,34.46259722963294,single_submetric,lm_probe,mse,test,avg_subordinate_chain_len,layer11
ko,0.0400394164025783,0.0532901175320148,0.05197174847126,0.054103497415781,0.05312178780635193,0.013082371403773635,24.62712936444006,single_submetric,lm_probe,mse,test,avg_subordinate_chain_len,layer11
ru,0.0257543940097093,0.0486753806471824,0.0513028912246227,0.0536756813526153,0.051217984408140134,0.025463590398430835,49.71611181634839,single_submetric,lm_probe,mse,test,avg_subordinate_chain_len,layer11
ar,0.0651438310742378,0.1304387152194976,0.1219990253448486,0.1265082061290741,0.12631531556447342,0.06117148449023563,48.42760691122423,single_submetric,lm_probe,mse,test,avg_verb_edges,layer12
en,0.0431839525699615,0.0604672953486442,0.0606645680963993,0.0621890164911747,0.061106959978739404,0.017923007408777905,29.33054993246883,single_submetric,lm_probe,mse,test,avg_verb_edges,layer12
fi,0.0401978604495525,0.0966266095638275,0.0915472954511642,0.0939245820045471,0.09403282900651294,0.05383496855696044,57.2512484477434,single_submetric,lm_probe,mse,test,avg_verb_edges,layer12
id,0.0437094829976558,0.0747610181570053,0.0626762360334396,0.0650829896330833,0.06750674794117606,0.02379726494352026,35.25168323062561,single_submetric,lm_probe,mse,test,avg_verb_edges,layer12
ja,0.0724358260631561,0.1200601011514663,0.1038406938314437,0.1099944114685058,0.11129840215047193,0.03886257608731583,34.91746093063839,single_submetric,lm_probe,mse,test,avg_verb_edges,layer12
ko,0.0441346205770969,0.0517129376530647,0.0426982045173645,0.0338119193911552,0.04274102052052814,-0.0013936000565687584,-3.2605680435248954,single_submetric,lm_probe,mse,test,avg_verb_edges,layer12
ru,0.0294178072363138,0.0481387302279472,0.0529216155409812,0.0458516553044319,0.048970667024453435,0.019552859788139636,39.92769748955215,single_submetric,lm_probe,mse,test,avg_verb_edges,layer12
ar,0.0260966587811708,0.0549696460366249,0.0525254867970943,0.0561747327446937,0.054556621859470966,0.028459963078300166,52.16591883494625,single_submetric,XGBRegressor,mse,val,avg_links_len,overall
en,0.0078896135091781,0.0156163908541202,0.0133682647719979,0.0157053675502538,0.014896674392123966,0.0070070608829458664,47.03775284670635,single_submetric,XGBRegressor,mse,val,avg_links_len,overall
fi,0.0139651782810688,0.0186479203402996,0.0196506287902593,0.0191756766289472,0.0191580752531687,0.005192896972099901,27.10552549500508,single_submetric,XGBRegressor,mse,val,avg_links_len,overall
id,0.0187318623065948,0.0447166971862316,0.0464177429676055,0.0462828166782856,0.04580575227737423,0.027073889970779433,59.10587344321947,single_submetric,XGBRegressor,mse,val,avg_links_len,overall
ja,0.0153510738164186,0.0200858954340219,0.0194934625178575,0.0205742102116346,0.020051189387838002,0.004700115571419403,23.440582403905903,single_submetric,XGBRegressor,mse,val,avg_links_len,overall
ko,0.010747873224318,0.0204516649246215,0.0183750372380018,0.0221222881227731,0.020316330095132132,0.009568456870814132,47.09736859959157,single_submetric,XGBRegressor,mse,val,avg_links_len,overall
ru,0.0138463787734508,0.0341115742921829,0.0329437218606472,0.0300493165850639,0.03236820424596467,0.01852182547251387,57.22228311390792,single_submetric,XGBRegressor,mse,val,avg_links_len,overall
ar,0.0633159950375557,0.1187560930848121,0.1084357798099517,0.1149474158883094,0.11404642959435773,0.05073043455680204,44.48226458052296,single_submetric,lm_probe,mse,test,avg_verb_edges,layer6
en,0.038228940218687,0.0617022588849067,0.059534702450037,0.0603403858840465,0.060525782406330074,0.022296842187643072,36.83858564265526,single_submetric,lm_probe,mse,test,avg_verb_edges,layer6
fi,0.038667045533657,0.0910769402980804,0.0844967737793922,0.080033004283905,0.08520223945379253,0.04653519392013553,54.617336608121455,single_submetric,lm_probe,mse,test,avg_verb_edges,layer6
id,0.0479601845145225,0.0632075890898704,0.0616220124065876,0.0652740076184272,0.06336786970496174,0.015407685190439238,24.31466492747319,single_submetric,lm_probe,mse,test,avg_verb_edges,layer6
ja,0.0780675709247589,0.1015814989805221,0.1005121693015098,0.099510371685028,0.10053467998901998,0.02246710906426108,22.347620807779816,single_submetric,lm_probe,mse,test,avg_verb_edges,layer6
ko,0.0443187281489372,0.0388897880911827,0.039286583662033,0.0391308553516864,0.03910240903496737,-0.005216319113969831,-13.340147685798929,single_submetric,lm_probe,mse,test,avg_verb_edges,layer6
ru,0.0379438884556293,0.0482533499598503,0.043789867311716,0.0440680757164955,0.045370430996020596,0.0074265425403912955,16.368684134921864,single_submetric,lm_probe,mse,test,avg_verb_edges,layer6
ar,0.0474700890481472,0.0742788836359977,0.076656125485897,0.0684674531221389,0.07313415408134454,0.025664065033197334,35.091764382277674,single_submetric,lm_probe,mse,test,avg_subordinate_chain_len,layer6
en,0.0229877550154924,0.0261887423694133,0.0259720105677843,0.0271549466997385,0.02643856654564537,0.003450811530152968,13.052188454299325,single_submetric,lm_probe,mse,test,avg_subordinate_chain_len,layer6
fi,0.0252304524183273,0.0486420355737209,0.0543825030326843,0.0530442483723163,0.05202292899290717,0.02679247657457987,51.501284324519226,single_submetric,lm_probe,mse,test,avg_subordinate_chain_len,layer6
id,0.0380056612193584,0.0695425495505333,0.0676713436841964,0.064513474702835,0.06724245597918824,0.029236794759829834,43.47966524137477,single_submetric,lm_probe,mse,test,avg_subordinate_chain_len,layer6
ja,0.0585844106972217,0.0924791023135185,0.0927219465374946,0.0915140360593795,0.09223836163679754,0.033653950939575836,36.485850726721864,single_submetric,lm_probe,mse,test,avg_subordinate_chain_len,layer6
ko,0.076912946999073,0.0528460927307605,0.0532078482210636,0.0535586774349212,0.053204206128915105,-0.023708740870157896,-44.56177921856598,single_submetric,lm_probe,mse,test,avg_subordinate_chain_len,layer6
ru,0.0249023120850324,0.0490022227168083,0.053657379001379,0.054637249559164,0.0524322837591171,0.027529971674084698,52.50576496069122,single_submetric,lm_probe,mse,test,avg_subordinate_chain_len,layer6
ar,0.078075423836708,0.078075423836708,0.078075423836708,0.078075423836708,0.078075423836708,0.0,0.0,single_submetric,DummyRegressor,mse,test,n_tokens,overall
en,0.0232008695602417,0.0232008695602417,0.0232008695602417,0.0232008695602417,0.0232008695602417,0.0,0.0,single_submetric,DummyRegressor,mse,test,n_tokens,overall
fi,0.0222799722105264,0.0222799722105264,0.0222799722105264,0.0222799722105264,0.0222799722105264,0.0,0.0,single_submetric,DummyRegressor,mse,test,n_tokens,overall
id,0.0297929048538208,0.0297929048538208,0.0297929048538208,0.0297929048538208,0.0297929048538208,0.0,0.0,single_submetric,DummyRegressor,mse,test,n_tokens,overall
ja,0.0743818506598472,0.0743818506598472,0.0743818506598472,0.0743818506598472,0.0743818506598472,0.0,0.0,single_submetric,DummyRegressor,mse,test,n_tokens,overall
ko,0.046861432492733,0.046861432492733,0.046861432492733,0.046861432492733,0.046861432492733,0.0,0.0,single_submetric,DummyRegressor,mse,test,n_tokens,overall
ru,0.0168121345341205,0.0168121345341205,0.0168121345341205,0.0168121345341205,0.0168121345341205,0.0,0.0,single_submetric,DummyRegressor,mse,test,n_tokens,overall
ar,0.0494633801281452,0.0610980354249477,0.0568229891359806,0.0586874559521675,0.05886949350436527,0.00940611337622007,15.97790776902572,single_submetric,lm_probe,mse,test,avg_links_len,layer2
en,0.0079782400280237,0.0093419179320335,0.0091954199597239,0.0095841428264975,0.009373826906084968,0.0013955868780612668,14.88812298374455,single_submetric,lm_probe,mse,test,avg_links_len,layer2
fi,0.0232337228953838,0.0232780259102582,0.022695992141962,0.0229782480746507,0.022984088708956966,-0.00024963418642683435,-1.0861173988140378,single_submetric,lm_probe,mse,test,avg_links_len,layer2
id,0.0298170037567615,0.0347417369484901,0.034235656261444,0.0337238237261772,0.034233738978703764,0.004416735221942265,12.901702687777814,single_submetric,lm_probe,mse,test,avg_links_len,layer2
ja,0.0894510969519615,0.0990539044141769,0.1027310118079185,0.0958603397011756,0.09921508530775698,0.009763988355795478,9.841233644569668,single_submetric,lm_probe,mse,test,avg_links_len,layer2
ko,0.0185571871697902,0.0239274147897958,0.0248456541448831,0.0253793876618146,0.0247174855321645,0.006160298362374302,24.92283591855651,single_submetric,lm_probe,mse,test,avg_links_len,layer2
ru,0.0248462092131376,0.0180374160408973,0.0175683666020631,0.0183526128530502,0.017986131832003534,-0.006860077381134064,-38.14092682745503,single_submetric,lm_probe,mse,test,avg_links_len,layer2
ar,0.987012987012987,0.5194805194805194,0.4545454545454545,0.5844155844155844,0.5194805194805194,0.4675324675324676,90.00000000000001,question_type,LogisticRegression,accuracy,test,overall,overall
en,0.7909090909090909,0.509090909090909,0.4272727272727272,0.5727272727272728,0.503030303030303,0.28787878787878785,57.22891566265059,question_type,LogisticRegression,accuracy,test,overall,overall
fi,0.8454545454545455,0.4727272727272727,0.4454545454545454,0.4090909090909091,0.4424242424242424,0.40303030303030307,91.09589041095893,question_type,LogisticRegression,accuracy,test,overall,overall
id,0.5727272727272728,0.4545454545454545,0.5363636363636364,0.4272727272727272,0.47272727272727266,0.10000000000000009,21.153846153846175,question_type,LogisticRegression,accuracy,test,overall,overall
ja,0.6521739130434783,0.5217391304347826,0.5434782608695652,0.5543478260869565,0.5398550724637681,0.1123188405797102,20.80536912751679,question_type,LogisticRegression,accuracy,test,overall,overall
ko,0.6636363636363637,0.5454545454545454,0.4363636363636363,0.4727272727272727,0.4848484848484848,0.17878787878787888,36.87500000000002,question_type,LogisticRegression,accuracy,test,overall,overall
ru,0.8,0.3818181818181818,0.4454545454545454,0.6363636363636364,0.4878787878787878,0.31212121212121224,63.975155279503134,question_type,LogisticRegression,accuracy,test,overall,overall
ar,0.0564656630158424,0.074224978685379,0.0713520720601081,0.0744134560227394,0.07333016892274218,0.016864505906899772,22.99804589931814,single_submetric,lm_probe,mse,test,n_tokens,layer6
en,0.033796053379774,0.0228481944650411,0.0306636784225702,0.0277339536696672,0.027081942185759503,-0.006714111194014501,-24.791837852548777,single_submetric,lm_probe,mse,test,n_tokens,layer6
fi,0.0144758811220526,0.0143787739798426,0.0150596713647246,0.0150811346247792,0.014839859989782133,0.00036397886772953324,2.452710928405982,single_submetric,lm_probe,mse,test,n_tokens,layer6
id,0.058441799134016,0.0316043719649314,0.0388868190348148,0.0306956227868795,0.033728937928875234,-0.024712861205140768,-73.26901682244838,single_submetric,lm_probe,mse,test,n_tokens,layer6
ja,0.014022066257894,0.057422112673521,0.0581695549190044,0.0572476163506507,0.05761309464772537,0.04359102838983137,75.66166798775214,single_submetric,lm_probe,mse,test,n_tokens,layer6
ko,0.0365223623812198,0.0655474662780761,0.0712092146277427,0.0666013062000274,0.06778599570194872,0.03126363332072892,46.12108002100226,single_submetric,lm_probe,mse,test,n_tokens,layer6
ru,0.0104618724435567,0.0108982445672154,0.0120763750746846,0.0122883133590221,0.011754311000307367,0.0012924385567506663,10.99544292061755,single_submetric,lm_probe,mse,test,n_tokens,layer6
ar,0.0523184537887573,0.0583419576287269,0.0607857070863246,0.0575198270380497,0.05888249725103373,0.006564043462276424,11.147698838743098,single_submetric,XGBRegressor,mse,val,avg_subordinate_chain_len,overall
en,0.0325509943068027,0.059633869677782,0.056265003979206,0.0596240423619747,0.05850763867298756,0.02595664436618486,44.36453932325388,single_submetric,XGBRegressor,mse,val,avg_subordinate_chain_len,overall
fi,0.0301758740097284,0.0573169328272342,0.0545371435582637,0.0579555928707122,0.056603223085403366,0.026427349075674966,46.68877077158872,single_submetric,XGBRegressor,mse,val,avg_subordinate_chain_len,overall
id,0.030342599377036,0.0717668533325195,0.0651019215583801,0.0638299584388732,0.06689957777659093,0.036556978399554935,54.644557730447616,single_submetric,XGBRegressor,mse,val,avg_subordinate_chain_len,overall
ja,0.0323849506676197,0.0711402371525764,0.0630737692117691,0.0762429758906364,0.07015232741832729,0.03776737675070759,53.836241990227784,single_submetric,XGBRegressor,mse,val,avg_subordinate_chain_len,overall
ko,0.0413811132311821,0.0767127051949501,0.0809103101491928,0.0846949145197868,0.08077264328797656,0.039391530056794466,48.76840530815971,single_submetric,XGBRegressor,mse,val,avg_subordinate_chain_len,overall
ru,0.0348443388938903,0.0631763190031051,0.0638104006648063,0.0643702670931816,0.06378566225369765,0.028941323359807355,45.37277240251531,single_submetric,XGBRegressor,mse,val,avg_subordinate_chain_len,overall
ar,0.0978853702545166,0.0978853702545166,0.0978853702545166,0.0978853702545166,0.0978853702545166,0.0,0.0,single_submetric,DummyRegressor,mse,test,avg_verb_edges,overall
en,0.0600053220987319,0.0600053220987319,0.0600053220987319,0.0600053220987319,0.060005322098731904,6.938893903907228e-18,1.1563797445316719e-14,single_submetric,DummyRegressor,mse,test,avg_verb_edges,overall
fi,0.0752254799008369,0.0752254799008369,0.0752254799008369,0.0752254799008369,0.0752254799008369,0.0,0.0,single_submetric,DummyRegressor,mse,test,avg_verb_edges,overall
id,0.0807329267263412,0.0807329267263412,0.0807329267263412,0.0807329267263412,0.0807329267263412,0.0,0.0,single_submetric,DummyRegressor,mse,test,avg_verb_edges,overall
ja,0.1018375754356384,0.1018375754356384,0.1018375754356384,0.1018375754356384,0.10183757543563839,-1.3877787807814457e-17,-1.3627374521092418e-14,single_submetric,DummyRegressor,mse,test,avg_verb_edges,overall
ko,0.0354208461940288,0.0354208461940288,0.0354208461940288,0.0354208461940288,0.0354208461940288,0.0,0.0,single_submetric,DummyRegressor,mse,test,avg_verb_edges,overall
ru,0.0527771338820457,0.0527771338820457,0.0527771338820457,0.0527771338820457,0.0527771338820457,0.0,0.0,single_submetric,DummyRegressor,mse,test,avg_verb_edges,overall
ar,0.987012987012987,0.5064935064935064,0.5844155844155844,0.4285714285714285,0.5064935064935064,0.48051948051948057,94.87179487179489,question_type,XGBClassifier,accuracy,test,overall,overall
en,0.7363636363636363,0.5181818181818182,0.4636363636363636,0.5454545454545454,0.5090909090909091,0.22727272727272718,44.64285714285712,question_type,XGBClassifier,accuracy,test,overall,overall
fi,0.8090909090909091,0.4636363636363636,0.4454545454545454,0.4727272727272727,0.4606060606060605,0.34848484848484856,75.65789473684214,question_type,XGBClassifier,accuracy,test,overall,overall
id,0.6909090909090909,0.5272727272727272,0.5,0.4727272727272727,0.5,0.19090909090909092,38.18181818181819,question_type,XGBClassifier,accuracy,test,overall,overall
ja,0.6413043478260869,0.5108695652173914,0.5543478260869565,0.5108695652173914,0.5253623188405797,0.1159420289855072,22.06896551724137,question_type,XGBClassifier,accuracy,test,overall,overall
ko,0.6636363636363637,0.5454545454545454,0.509090909090909,0.4818181818181818,0.5121212121212121,0.1515151515151516,29.585798816568065,question_type,XGBClassifier,accuracy,test,overall,overall
ru,0.8727272727272727,0.4454545454545454,0.4818181818181818,0.8,0.5757575757575758,0.2969696969696969,51.578947368421034,question_type,XGBClassifier,accuracy,test,overall,overall
ar,0.0664701163768768,0.0664701163768768,0.0664701163768768,0.0664701163768768,0.0664701163768768,0.0,0.0,single_submetric,DummyRegressor,mse,test,avg_subordinate_chain_len,overall
en,0.0247156452387571,0.0247156452387571,0.0247156452387571,0.0247156452387571,0.024715645238757095,-3.469446951953614e-18,-1.4037452465586879e-14,single_submetric,DummyRegressor,mse,test,avg_subordinate_chain_len,overall
fi,0.0468291230499744,0.0468291230499744,0.0468291230499744,0.0468291230499744,0.04682912304997441,6.938893903907228e-18,1.4817475647584267e-14,single_submetric,DummyRegressor,mse,test,avg_subordinate_chain_len,overall
id,0.0711118429899215,0.0711118429899215,0.0711118429899215,0.0711118429899215,0.0711118429899215,0.0,0.0,single_submetric,DummyRegressor,mse,test,avg_subordinate_chain_len,overall
ja,0.130652517080307,0.130652517080307,0.130652517080307,0.130652517080307,0.130652517080307,0.0,0.0,single_submetric,DummyRegressor,mse,test,avg_subordinate_chain_len,overall
ko,0.0779614672064781,0.0779614672064781,0.0779614672064781,0.0779614672064781,0.0779614672064781,0.0,0.0,single_submetric,DummyRegressor,mse,test,avg_subordinate_chain_len,overall
ru,0.0441038534045219,0.0441038534045219,0.0441038534045219,0.0441038534045219,0.04410385340452191,6.938893903907228e-18,1.5733078559516057e-14,single_submetric,DummyRegressor,mse,test,avg_subordinate_chain_len,overall
ar,0.0638815313577652,0.0600466839969158,0.0686164423823356,0.0687743127346038,0.0658124797046184,0.0019309483468532007,2.934015486910298,single_submetric,lm_probe,mse,test,lexical_density,layer6
en,0.0198686495423316,0.0286673493683338,0.0283721182495355,0.0285169463604688,0.028518804659446034,0.008650155117114436,30.331408417741386,single_submetric,lm_probe,mse,test,lexical_density,layer6
fi,0.0395857989788055,0.0530243963003158,0.051325224339962,0.0530898906290531,0.05247983708977697,0.012894038110971472,24.569508645603662,single_submetric,lm_probe,mse,test,lexical_density,layer6
id,0.0263559315353631,0.0499167703092098,0.0549150817096233,0.0527185015380382,0.0525167845189571,0.026160852983594003,49.81427028181945,single_submetric,lm_probe,mse,test,lexical_density,layer6
ja,0.0785160735249519,0.0626392215490341,0.0610745213925838,0.061514101922512,0.06174261495470997,-0.01677345857024192,-27.16674469091688,single_submetric,lm_probe,mse,test,lexical_density,layer6
ko,0.0680183768272399,0.1048463210463523,0.094809353351593,0.0991572886705398,0.09960432102282836,0.03158594419558847,31.71141961637314,single_submetric,lm_probe,mse,test,lexical_density,layer6
ru,0.0295638032257556,0.0645835474133491,0.0770877003669738,0.0588307380676269,0.06683399528264992,0.03727019205689432,55.76532107541033,single_submetric,lm_probe,mse,test,lexical_density,layer6
ar,0.0396468728597336,0.0650368838091583,0.0609747123923637,0.0678907438657478,0.0646341133557566,0.024987240496022994,38.65952389334899,single_submetric,Ridge,mse,test,avg_links_len,overall
en,0.0063291946217137,0.011205070255704,0.0105996692334925,0.0129460510363453,0.011583596841847267,0.005254402220133567,45.360713877328216,single_submetric,Ridge,mse,test,avg_links_len,overall
fi,0.0178179830623748,0.0233950912494846,0.0222270832494752,0.0253820551333931,0.023668076544117633,0.005850093481742834,24.717232390381096,single_submetric,Ridge,mse,test,avg_links_len,overall
id,0.0263448763543937,0.0362438350816276,0.0353316097189432,0.0372178580471906,0.03626443428258713,0.00991955792819343,27.353405959393235,single_submetric,Ridge,mse,test,avg_links_len,overall
ja,0.0757571722221237,0.1068893062560196,0.1069637187140345,0.1066755145030401,0.10684284649103139,0.03108567426890768,29.094764216635767,single_submetric,Ridge,mse,test,avg_links_len,overall
ko,0.0200660760247972,0.0263883658213615,0.0264222607197322,0.0282746872594461,0.027028437933513266,0.0069623619087160644,25.75939433067736,single_submetric,Ridge,mse,test,avg_links_len,overall
ru,0.0188515791466277,0.0203916007052315,0.0196877436299557,0.0234047423250508,0.021161362220079333,0.002309783073451633,10.915096341292973,single_submetric,Ridge,mse,test,avg_links_len,overall
ar,0.961038961038961,0.7142857142857143,0.7142857142857143,0.7142857142857143,0.7142857142857143,0.24675324675324672,34.54545454545454,question_type,lm_probe,accuracy,test,overall,layer6
en,0.9181818181818182,0.5,0.5,0.5,0.5,0.4181818181818182,83.63636363636364,question_type,lm_probe,accuracy,test,overall,layer6
fi,0.9181818181818182,0.5,0.5,0.5,0.5,0.4181818181818182,83.63636363636364,question_type,lm_probe,accuracy,test,overall,layer6
id,0.6181818181818182,0.5,0.5,0.5,0.5,0.11818181818181817,23.636363636363633,question_type,lm_probe,accuracy,test,overall,layer6
ja,0.7391304347826086,0.4021739130434782,0.4021739130434782,0.4021739130434782,0.4021739130434782,0.33695652173913043,83.78378378378379,question_type,lm_probe,accuracy,test,overall,layer6
ko,0.7090909090909091,0.5,0.5,0.5,0.5,0.2090909090909091,41.81818181818182,question_type,lm_probe,accuracy,test,overall,layer6
ru,0.9363636363636364,0.5,0.5,0.5,0.5,0.4363636363636364,87.27272727272728,question_type,lm_probe,accuracy,test,overall,layer6
ar,0.0678255595327193,0.0698992936697083,0.0701234784240058,0.07193870324499,0.07065382511290137,0.0028282655801820655,4.002990037216859,single_submetric,Ridge,mse,test,lexical_density,overall
en,0.0241041547426598,0.0332386865306844,0.0273206503774156,0.02760084790695,0.029386728271683333,0.005282573529023532,17.976051910868048,single_submetric,Ridge,mse,test,lexical_density,overall
fi,0.0582366677730357,0.0536963600477713,0.0581410275512951,0.0563246009285917,0.05605399617588603,-0.002182671597149667,-3.893873311549257,single_submetric,Ridge,mse,test,lexical_density,overall
id,0.0378730408992781,0.0607756504481699,0.0767527515976588,0.0605156051166773,0.06601466905416867,0.028141628154890568,42.62935580544805,single_submetric,Ridge,mse,test,lexical_density,overall
ja,0.0770873584933994,0.0620038619409268,0.0622601380175865,0.066531105171678,0.06359836837673044,-0.013488990116668959,-21.209648078966048,single_submetric,Ridge,mse,test,lexical_density,overall
ko,0.0592314564206086,0.0787504546780209,0.0806955348900667,0.0842903425872647,0.08124544405178409,0.022013987631175493,27.095657963472085,single_submetric,Ridge,mse,test,lexical_density,overall
ru,0.0430950803586705,0.0604120864849273,0.0641448392974655,0.0688094996232158,0.06445547513520287,0.021360394776532378,33.13976777260032,single_submetric,Ridge,mse,test,lexical_density,overall
ar,0.8441558441558441,0.7142857142857143,0.3506493506493506,0.6233766233766234,0.5627705627705627,0.2813852813852814,50.000000000000014,question_type,lm_probe,accuracy,test,overall,layer11
en,0.9181818181818182,0.6818181818181818,0.509090909090909,0.5,0.5636363636363636,0.3545454545454546,62.90322580645162,question_type,lm_probe,accuracy,test,overall,layer11
fi,0.8909090909090909,0.4363636363636363,0.4727272727272727,0.5,0.46969696969696967,0.4212121212121212,89.67741935483872,question_type,lm_probe,accuracy,test,overall,layer11
id,0.6363636363636364,0.6454545454545455,0.5,0.509090909090909,0.5515151515151515,0.08484848484848484,15.384615384615383,question_type,lm_probe,accuracy,test,overall,layer11
ja,0.8586956521739131,0.532608695652174,0.5652173913043478,0.5217391304347826,0.5398550724637681,0.318840579710145,59.06040268456378,question_type,lm_probe,accuracy,test,overall,layer11
ko,0.8727272727272727,0.5909090909090909,0.5272727272727272,0.4454545454545454,0.5212121212121211,0.35151515151515156,67.44186046511629,question_type,lm_probe,accuracy,test,overall,layer11
ru,0.9363636363636364,0.5,0.5363636363636364,0.5272727272727272,0.5212121212121211,0.41515151515151527,79.65116279069771,question_type,lm_probe,accuracy,test,overall,layer11
ar,0.0269924942404031,0.0414075031876564,0.0361782163381576,0.0453490987420082,0.04097827275594074,0.013985778515537638,34.129741384744136,single_submetric,XGBRegressor,mse,val,lexical_density,overall
en,0.0201714504510164,0.0312204025685787,0.0278398618102073,0.0294257923960685,0.029495352258284837,0.009323901807268439,31.61142720256709,single_submetric,XGBRegressor,mse,val,lexical_density,overall
fi,0.020370902493596,0.0349668301641941,0.0365906432271003,0.0361588597297668,0.03590544437368706,0.015534541880091061,43.26514307528078,single_submetric,XGBRegressor,mse,val,lexical_density,overall
id,0.0262579936534166,0.0540415570139884,0.0648258775472641,0.0603713579475879,0.05974626416961346,0.033488270516196864,56.05081921294213,single_submetric,XGBRegressor,mse,val,lexical_density,overall
ja,0.0242847856134176,0.0327578522264957,0.0360612012445926,0.0323605574667453,0.03372653697927786,0.00944175136586026,27.995021758864326,single_submetric,XGBRegressor,mse,val,lexical_density,overall
ko,0.0301764272153377,0.0378785207867622,0.0371056459844112,0.0375635772943496,0.037515914688507665,0.007339487473169964,19.563663938649174,single_submetric,XGBRegressor,mse,val,lexical_density,overall
ru,0.0391783155500888,0.0485015287995338,0.0469679199159145,0.0472936294972896,0.0475876927375793,0.008409377187490498,17.67132782390548,single_submetric,XGBRegressor,mse,val,lexical_density,overall
